"C:/Users/j/Documents/GitHub/UnrealProject/Mypro.uproject" 1
"../../../../../../Users/j/Documents/GitHub/UnrealProject/Binaries/Win64/UnrealEditor.modules" 2
"../../../Engine/Plugins/AudioGameplay/AudioGameplay.uplugin" 3
"../../../Engine/Plugins/AudioInsights/AudioInsights.uplugin" 4
"../../../Engine/Plugins/AudioGameplayVolume/AudioGameplayVolume.uplugin" 5
"../../../Engine/Plugins/BlueprintFileUtils/BlueprintFileUtils.uplugin" 6
"../../../Engine/Plugins/Bridge/Bridge.uplugin" 7
"../../../Engine/Plugins/ChaosCloth/ChaosCloth.uplugin" 8
"../../../Engine/Plugins/ChaosClothAsset/ChaosClothAsset.uplugin" 9
"../../../Engine/Plugins/ChaosClothAssetEditor/ChaosClothAssetEditor.uplugin" 10
"../../../Engine/Plugins/ChaosVD/ChaosVD.uplugin" 11
"../../../Engine/Plugins/CmdLinkServer/CmdLinkServer.uplugin" 12
"../../../Engine/Plugins/Chooser/Chooser.uplugin" 13
"../../../Engine/Plugins/Fab/Fab.uplugin" 14
"../../../Engine/Plugins/JsonBlueprintUtilities/JsonBlueprintUtilities.uplugin" 15
"../../../Engine/Plugins/FastBuildController/FastBuildController.uplugin" 16
"../../../Engine/Plugins/EnhancedInput/EnhancedInput.uplugin" 17
"../../../Engine/Plugins/Mutable/Mutable.uplugin" 18
"../../../Engine/Plugins/DiscoveryBeaconReceiver/DiscoveryBeaconReceiver.uplugin" 19
"../../../Engine/Plugins/PCG/PCG.uplugin" 20
"../../../Engine/Plugins/MemoryUsageQueries/MemoryUsageQueries.uplugin" 21
"../../../Engine/Plugins/ScriptPlugin/ScriptPlugin.uplugin" 22
"../../../Engine/Plugins/RenderGraphInsights/RenderGraphInsights.uplugin" 23
"../../../Engine/Plugins/MeshPainting/MeshPainting.uplugin" 24
"../../../Engine/Plugins/TraceUtilities/TraceUtilities.uplugin" 25
"../../../Engine/Plugins/UbaController/UbaController.uplugin" 26
"../../../Engine/Plugins/WorldMetrics/WorldMetrics.uplugin" 27
"../../../Engine/Plugins/XGEController/XGEController.uplugin" 28
"../../../Engine/Plugins/FX/CascadeToNiagaraConverter/CascadeToNiagaraConverter.uplugin" 29
"../../../Engine/Plugins/LightWeightInstancesEditor/LightWeightInstancesEditor.uplugin" 30
"../../../Engine/Plugins/FX/ExampleCustomDataInterface/ExampleCustomDataInterface.uplugin" 31
"../../../Engine/Plugins/FX/NiagaraSimCaching/NiagaraSimCaching.uplugin" 32
"../../../Engine/Plugins/FX/Niagara/Niagara.uplugin" 33
"../../../Engine/Plugins/FX/NiagaraFluids/NiagaraFluids.uplugin" 34
"../../../Engine/Plugins/Interchange/Editor/InterchangeEditor.uplugin" 35
"../../../Engine/Plugins/Interchange/Runtime/Interchange.uplugin" 36
"../../../Engine/Plugins/MovieScene/CustomizableSequencerTracks/CustomizableSequencerTracks.uplugin" 37
"../../../Engine/Plugins/FX/NiagaraMRQ/NiagaraMRQ.uplugin" 38
"../../../Engine/Plugins/MovieScene/ActorSequence/ActorSequence.uplugin" 39
"../../../Engine/Plugins/MovieScene/LevelSequenceEditor/LevelSequenceEditor.uplugin" 40
"../../../Engine/Plugins/Interchange/Assets/InterchangeAssets.uplugin" 41
"../../../Engine/Plugins/MovieScene/MoviePipelineMaskRenderPass/MoviePipelineMaskRenderPass.uplugin" 42
"../../../Engine/Plugins/MovieScene/MovieRenderPipeline/MovieRenderPipeline.uplugin" 43
"../../../Engine/Plugins/MovieScene/MovieSceneTextTrack/MovieSceneTextTrack.uplugin" 44
"../../../Engine/Plugins/MovieScene/SequencerScripting/SequencerScripting.uplugin" 45
"../../../Engine/Plugins/MovieScene/ReplayTracks/ReplayTracks.uplugin" 46
"../../../Engine/Plugins/NetcodeUnitTest/NUTUnrealEngine/NUTUnrealEngine.uplugin" 47
"../../../Engine/Plugins/MovieScene/TemplateSequence/TemplateSequence.uplugin" 48
"../../../Engine/Plugins/Online/OnlineBase/OnlineBase.uplugin" 49
"../../../Engine/Plugins/Online/EOSOverlayInputProvider/EOSOverlayInputProvider.uplugin" 50
"../../../Engine/Plugins/NetcodeUnitTest/NetcodeUnitTest/NetcodeUnitTest.uplugin" 51
"../../../Engine/Plugins/Online/EOSShared/EOSShared.uplugin" 52
"../../../Engine/Plugins/Online/OnlineServicesEOS/OnlineServicesEOS.uplugin" 53
"../../../Engine/Plugins/Online/OnlineServicesEOSGS/OnlineServicesEOSGS.uplugin" 54
"../../../Engine/Plugins/Online/OnlineServices/OnlineServices.uplugin" 55
"../../../Engine/Plugins/Online/OnlineServicesNull/OnlineServicesNull.uplugin" 56
"../../../Engine/Plugins/Online/OnlineSubsystemFacebook/OnlineSubsystemFacebook.uplugin" 57
"../../../Engine/Plugins/Online/OnlineServicesOSSAdapter/OnlineServicesOSSAdapter.uplugin" 58
"../../../Engine/Plugins/Online/OnlineFramework/OnlineFramework.uplugin" 59
"../../../Engine/Plugins/Online/OnlineSubsystemApple/OnlineSubsystemApple.uplugin" 60
"../../../Engine/Plugins/Online/OnlineSubsystemAmazon/OnlineSubsystemAmazon.uplugin" 61
"../../../Engine/Plugins/Online/OnlineSubsystemGoogle/OnlineSubsystemGoogle.uplugin" 62
"../../../Engine/Plugins/Online/OnlineSubsystem/OnlineSubsystem.uplugin" 63
"../../../Engine/Plugins/Online/OnlineSubsystemSteam/OnlineSubsystemSteam.uplugin" 64
"../../../Engine/Plugins/Online/OnlineSubsystemTencent/OnlineSubsystemTencent.uplugin" 65
"../../../Engine/Plugins/Online/OnlineSubsystemNull/OnlineSubsystemNull.uplugin" 66
"../../../Engine/Plugins/Online/OnlineSubsystemEOS/OnlineSubsystemEOS.uplugin" 67
"../../../Engine/Plugins/Online/OnlineSubsystemUtils/OnlineSubsystemUtils.uplugin" 68
"../../../Engine/Plugins/Online/WebAuth/WebAuth.uplugin" 69
"../../../Engine/Plugins/Online/SocketSubsystemEOS/SocketSubsystemEOS.uplugin" 70
"../../../Engine/Plugins/Performance/PerformanceMonitor/PerformanceMonitor.uplugin" 71
"../../../Engine/Plugins/Slate/SlateInsights/SlateInsights.uplugin" 72
"../../../Engine/Plugins/Portal/LauncherChunkInstaller/LauncherChunkInstaller.uplugin" 73
"../../../Engine/Plugins/Slate/SlateScripting/SlateScripting.uplugin" 74
"../../../Engine/Plugins/VirtualProduction/CaptureData/CaptureData.uplugin" 75
"../../../Engine/Plugins/VirtualProduction/CameraCalibrationML/CameraCalibrationML.uplugin" 76
"../../../Engine/Plugins/Performance/AutomatedPerfTesting/AutomatedPerfTesting.uplugin" 77
"../../../Engine/Plugins/VirtualProduction/CameraCalibration/CameraCalibration.uplugin" 78
"../../../Engine/Plugins/Web/HttpBlueprint/HttpBlueprint.uplugin" 79
"../../../Engine/Plugins/VirtualProduction/ICVFXTesting/ICVFXTesting.uplugin" 80
"../../../Engine/Plugins/VirtualProduction/DataCharts/DataCharts.uplugin" 81
"../../../Engine/Plugins/VirtualProduction/CameraCalibrationCore/CameraCalibrationCore.uplugin" 82
"../../../Engine/Plugins/VirtualProduction/LensComponent/LensComponent.uplugin" 83
"../../../Engine/Plugins/VirtualProduction/LevelSnapshots/LevelSnapshots.uplugin" 84
"../../../Engine/Plugins/VirtualProduction/LiveLinkCamera/LiveLinkCamera.uplugin" 85
"../../../Engine/Plugins/VirtualProduction/ICVFX/ICVFX.uplugin" 86
"../../../Engine/Plugins/VirtualProduction/LiveLinkMasterLockit/LiveLinkMasterLockit.uplugin" 87
"../../../Engine/Plugins/VirtualProduction/LiveLinkInputDevice/LiveLinkInputDevice.uplugin" 88
"../../../Engine/Plugins/VirtualProduction/CompositePlane/CompositePlane.uplugin" 89
"../../../Engine/Plugins/VirtualProduction/LiveLinkVRPN/LiveLinkVRPN.uplugin" 90
"../../../Engine/Plugins/VirtualProduction/EpicStageApp/EpicStageApp.uplugin" 91
"../../../Engine/Plugins/VirtualProduction/LiveLinkLens/LiveLinkLens.uplugin" 92
"../../../Engine/Plugins/VirtualProduction/LiveLinkPrestonMDR/LiveLinkPrestonMDR.uplugin" 93
"../../../Engine/Plugins/VirtualProduction/MultiUserTakes/MultiUserTakes.uplugin" 94
"../../../Engine/Plugins/VirtualProduction/LiveLinkFreeD/LiveLinkFreeD.uplugin" 95
"../../../Engine/Plugins/VirtualProduction/RemoteControl/RemoteControl.uplugin" 96
"../../../Engine/Plugins/VirtualProduction/RemoteControlInterception/RemoteControlInterception.uplugin" 97
"../../../Engine/Plugins/VirtualProduction/LiveLinkXR/LiveLinkXR.uplugin" 98
"../../../Engine/Plugins/VirtualProduction/RemoteControlProtocolMIDI/RemoteControlProtocolMIDI.uplugin" 99
"../../../Engine/Plugins/VirtualProduction/RemoteControlProtocolDMX/RemoteControlProtocolDMX.uplugin" 100
"../../../Engine/Plugins/VirtualProduction/RemoteControlProtocolOSC/RemoteControlProtocolOSC.uplugin" 101
"../../../Engine/Plugins/VirtualProduction/RemoteControlWebInterface/RemoteControlWebInterface.uplugin" 102
"../../../Engine/Plugins/VirtualProduction/SequencerPlaylists/SequencerPlaylists.uplugin" 103
"../../../Engine/Plugins/VirtualProduction/Takes/Takes.uplugin" 104
"../../../Engine/Plugins/VirtualProduction/VirtualCamera/VirtualCamera.uplugin" 105
"../../../Engine/Plugins/VirtualProduction/Switchboard/Switchboard.uplugin" 106
"../../../Engine/Plugins/VirtualProduction/VirtualCameraCore/VirtualCameraCore.uplugin" 107
"../../../Engine/Plugins/VirtualProduction/StageMonitoring/StageMonitoring.uplugin" 108
"../../../Engine/Plugins/2D/Paper2D/Paper2D.uplugin" 109
"../../../Engine/Plugins/VirtualProduction/TimedDataMonitor/TimedDataMonitor.uplugin" 110
"../../../Engine/Plugins/AI/AISupport/AISupport.uplugin" 111
"../../../Engine/Plugins/AI/EnvironmentQueryEditor/EnvironmentQueryEditor.uplugin" 112
"../../../Engine/Plugins/AI/MassAI/MassAI.uplugin" 113
"../../../Engine/Plugins/AI/HTNPlanner/HTNPlanner.uplugin" 114
"../../../Engine/Plugins/Animation/ACLPlugin/ACLPlugin.uplugin" 115
"../../../Engine/Plugins/VirtualProduction/TextureShare/TextureShare.uplugin" 116
"../../../Engine/Plugins/Animation/AnimationLocomotionLibrary/AnimationLocomotionLibrary.uplugin" 117
"../../../Engine/Plugins/Animation/AnimationData/AnimationData.uplugin" 118
"../../../Engine/Plugins/AI/MassCrowd/MassCrowd.uplugin" 119
"../../../Engine/Plugins/Animation/BlendSpaceMotionAnalysis/BlendSpaceMotionAnalysis.uplugin" 120
"../../../Engine/Plugins/Animation/AnimationWarping/AnimationWarping.uplugin" 121
"../../../Engine/Plugins/Animation/AnimatorKit/AnimatorKit.uplugin" 122
"../../../Engine/Plugins/VirtualProduction/VirtualScouting/VirtualScouting.uplugin" 123
"../../../Engine/Plugins/Animation/ControlRigModules/ControlRigModules.uplugin" 124
"../../../Engine/Plugins/Animation/ControlRig/ControlRig.uplugin" 125
"../../../Engine/Plugins/Animation/BlendStack/BlendStack.uplugin" 126
"../../../Engine/Plugins/Animation/ControlRigSpline/ControlRigSpline.uplugin" 127
"../../../Engine/Plugins/AI/MLAdapter/MLAdapter.uplugin" 128
"../../../Engine/Plugins/Animation/LiveLink/LiveLink.uplugin" 129
"../../../Engine/Plugins/Animation/AnimationModifierLibrary/AnimationModifierLibrary.uplugin" 130
"../../../Engine/Plugins/Animation/DeformerGraph/DeformerGraph.uplugin" 131
"../../../Engine/Plugins/Animation/MotionWarping/MotionWarping.uplugin" 132
"../../../Engine/Plugins/Animation/GameplayInsights/GameplayInsights.uplugin" 133
"../../../Engine/Plugins/Animation/RigLogic/RigLogic.uplugin" 134
"../../../Engine/Plugins/Animation/LiveLinkHub/LiveLinkHub.uplugin" 135
"../../../Engine/Plugins/Animation/IKRig/IKRig.uplugin" 136
"../../../Engine/Plugins/Animation/PoseSearch/PoseSearch.uplugin" 137
"../../../Engine/Plugins/Cameras/CameraShakePreviewer/CameraShakePreviewer.uplugin" 138
"../../../Engine/Plugins/Cameras/EngineCameras/EngineCameras.uplugin" 139
"../../../Engine/Plugins/Cameras/GameplayCameras/GameplayCameras.uplugin" 140
"../../../Engine/Plugins/Animation/PerformanceCaptureCore/PerformanceCaptureCore.uplugin" 141
"../../../Engine/Plugins/Compositing/OpenCVLensDistortion/OpenCVLensDistortion.uplugin" 142
"../../../Engine/Plugins/Animation/LiveLinkCurveDebugUI/LiveLinkCurveDebugUI.uplugin" 143
"../../../Engine/Plugins/Compositing/Composure/Composure.uplugin" 144
"../../../Engine/Plugins/Developer/AnimationSharing/AnimationSharing.uplugin" 145
"../../../Engine/Plugins/Compositing/LensDistortion/LensDistortion.uplugin" 146
"../../../Engine/Plugins/Developer/CLionSourceCodeAccess/CLionSourceCodeAccess.uplugin" 147
"../../../Engine/Plugins/Compression/OodleNetwork/OodleNetwork.uplugin" 148
"../../../Engine/Plugins/Developer/DumpGPUServices/DumpGPUServices.uplugin" 149
"../../../Engine/Plugins/Developer/FieldNotificationTrace/FieldNotificationTrace.uplugin" 150
"../../../Engine/Plugins/Developer/CodeLiteSourceCodeAccess/CodeLiteSourceCodeAccess.uplugin" 151
"../../../Engine/Plugins/Developer/GitSourceControl/GitSourceControl.uplugin" 152
"../../../Engine/Plugins/Compositing/OpenColorIO/OpenColorIO.uplugin" 153
"../../../Engine/Plugins/Developer/BlankPlugin/BlankPlugin.uplugin" 154
"../../../Engine/Plugins/Developer/KDevelopSourceCodeAccess/KDevelopSourceCodeAccess.uplugin" 155
"../../../Engine/Plugins/Developer/N10XSourceCodeAccess/N10XSourceCodeAccess.uplugin" 156
"../../../Engine/Plugins/Developer/PixWinPlugin/PixWinPlugin.uplugin" 157
"../../../Engine/Plugins/Developer/PerforceSourceControl/PerforceSourceControl.uplugin" 158
"../../../Engine/Plugins/Developer/NullSourceCodeAccess/NullSourceCodeAccess.uplugin" 159
"../../../Engine/Plugins/Developer/PluginUtils/PluginUtils.uplugin" 160
"../../../Engine/Plugins/Developer/PlasticSourceControl/PlasticSourceControl.uplugin" 161
"../../../Engine/Plugins/Developer/OneSkyLocalizationService/OneSkyLocalizationService.uplugin" 162
"../../../Engine/Plugins/Developer/RiderSourceCodeAccess/RiderSourceCodeAccess.uplugin" 163
"../../../Engine/Plugins/Developer/TraceSourceFiltering/TraceSourceFilters.uplugin" 164
"../../../Engine/Plugins/Developer/TraceDataFiltering/TraceDataFilters.uplugin" 165
"../../../Engine/Plugins/Developer/SubversionSourceControl/SubversionSourceControl.uplugin" 166
"../../../Engine/Plugins/Developer/VisualStudioSourceCodeAccess/VisualStudioSourceCodeAccess.uplugin" 167
"../../../Engine/Plugins/Developer/XcodeGPUDebuggerPlugin/XcodeGPUDebuggerPlugin.uplugin" 168
"../../../Engine/Plugins/Developer/TextureFormatOodle/TextureFormatOodle.uplugin" 169
"../../../Engine/Plugins/Developer/VisualStudioCodeSourceCodeAccess/VisualStudioCodeSourceCodeAccess.uplugin" 170
"../../../Engine/Plugins/Developer/RenderDocPlugin/RenderDocPlugin.uplugin" 171
"../../../Engine/Plugins/Editor/AssetReferenceRestrictions/AssetReferenceRestrictions.uplugin" 172
"../../../Engine/Plugins/Developer/UObjectPlugin/UObjectPlugin.uplugin" 173
"../../../Engine/Plugins/Editor/BlueprintHeaderView/BlueprintHeaderView.uplugin" 174
"../../../Engine/Plugins/Developer/PropertyAccessNode/PropertyAccessNode.uplugin" 175
"../../../Engine/Plugins/Developer/XCodeSourceCodeAccess/XCodeSourceCodeAccess.uplugin" 176
"../../../Engine/Plugins/Editor/AssetSearch/AssetSearch.uplugin" 177
"../../../Engine/Plugins/Editor/AssetManagerEditor/AssetManagerEditor.uplugin" 178
"../../../Engine/Plugins/Editor/BlueprintMaterialTextureNodes/BlueprintMaterialTextureNodes.uplugin" 179
"../../../Engine/Plugins/Editor/ChangelistReview/ChangelistReview.uplugin" 180
"../../../Engine/Plugins/Editor/ColorGrading/ColorGrading.uplugin" 181
"../../../Engine/Plugins/Editor/AssetRegistryExport/AssetRegistryExport.uplugin" 182
"../../../Engine/Plugins/Editor/ConsoleVariablesEditor/ConsoleVariables.uplugin" 183
"../../../Engine/Plugins/Editor/DataValidation/DataValidation.uplugin" 184
"../../../Engine/Plugins/Editor/CryptoKeys/CryptoKeys.uplugin" 185
"../../../Engine/Plugins/Editor/DisplayClusterLaunch/DisplayClusterLaunch.uplugin" 186
"../../../Engine/Plugins/Editor/EditorScriptingUtilities/EditorScriptingUtilities.uplugin" 187
"../../../Engine/Plugins/Editor/EditorSysConfigAssistant/EditorSysConfigAssistant.uplugin" 188
"../../../Engine/Plugins/Editor/EngineAssetDefinitions/EngineAssetDefinitions.uplugin" 189
"../../../Engine/Plugins/Editor/GameplayTagsEditor/GameplayTagsEditor.uplugin" 190
"../../../Engine/Plugins/Editor/EditorDebugTools/EditorDebugTools.uplugin" 191
"../../../Engine/Plugins/Editor/GeometryMode/GeometryMode.uplugin" 192
"../../../Engine/Plugins/Editor/GuidedTutorials/GuidedTutorials.uplugin" 193
"../../../Engine/Plugins/Editor/FacialAnimation/FacialAnimation.uplugin" 194
"../../../Engine/Plugins/Editor/LiveUpdateForSlate/LiveUpdateForSlate.uplugin" 195
"../../../Engine/Plugins/Editor/MeshLODToolset/MeshLODToolset.uplugin" 196
"../../../Engine/Plugins/Editor/CurveEditorTools/CurveEditorTools.uplugin" 197
"../../../Engine/Plugins/Editor/MakeCookedEditorAsDLC/MakeCookedEditorAsDLC.uplugin" 198
"../../../Engine/Plugins/Editor/ModelingToolsEditorMode/ModelingToolsEditorMode.uplugin" 199
"../../../Engine/Plugins/Editor/MaterialAnalyzer/MaterialAnalyzer.uplugin" 200
"../../../Engine/Plugins/Editor/ModelViewViewModelPreview/ModelViewViewModelPreview.uplugin" 201
"../../../Engine/Plugins/Editor/PluginBrowser/PluginBrowser.uplugin" 202
"../../../Engine/Plugins/Editor/SampleToolsEditorMode/SampleToolsEditorMode.uplugin" 203
"../../../Engine/Plugins/Editor/MacGraphicsSwitching/MacGraphicsSwitching.uplugin" 204
"../../../Engine/Plugins/Editor/ScriptableToolsEditorMode/ScriptableToolsEditorMode.uplugin" 205
"../../../Engine/Plugins/Editor/MobileLauncherProfileWizard/MobileLauncherProfileWizard.uplugin" 206
"../../../Engine/Plugins/Editor/StaticMeshEditorModeling/StaticMeshEditorModeling.uplugin" 207
"../../../Engine/Plugins/Editor/ProxyLODPlugin/ProxyLODPlugin.uplugin" 208
"../../../Engine/Plugins/Editor/SequencerAnimTools/SequencerAnimTools.uplugin" 209
"../../../Engine/Plugins/Editor/WaveformEditor/WaveformEditor.uplugin" 210
"../../../Engine/Plugins/Editor/SpeedTreeImporter/SpeedTreeImporter.uplugin" 211
"../../../Engine/Plugins/Editor/UMGWidgetPreview/UMGWidgetPreview.uplugin" 212
"../../../Engine/Plugins/Editor/UVEditor/UVEditor.uplugin" 213
"../../../Engine/Plugins/Enterprise/DatasmithC4DImporter/DatasmithC4DImporter.uplugin" 214
"../../../Engine/Plugins/Enterprise/AxFImporter/AxFImporter.uplugin" 215
"../../../Engine/Plugins/Editor/StylusInput/StylusInput.uplugin" 216
"../../../Engine/Plugins/Enterprise/DatasmithCADImporter/DatasmithCADImporter.uplugin" 217
"../../../Engine/Plugins/Editor/WorldPartitionHLODUtilities/WorldPartitionHLODUtilities.uplugin" 218
"../../../Engine/Plugins/Enterprise/DatasmithContent/DatasmithContent.uplugin" 219
"../../../Engine/Plugins/Enterprise/DatasmithImporter/DatasmithImporter.uplugin" 220
"../../../Engine/Plugins/Enterprise/DataprepEditor/DataprepEditor.uplugin" 221
"../../../Engine/Plugins/Enterprise/VariantManagerContent/VariantManagerContent.uplugin" 222
"../../../Engine/Plugins/Enterprise/DatasmithFBXImporter/DatasmithFBXImporter.uplugin" 223
"../../../Engine/Plugins/Enterprise/LidarPointCloud/LidarPointCloud.uplugin" 224
"../../../Engine/Plugins/Enterprise/GLTFExporter/GLTFExporter.uplugin" 225
"../../../Engine/Plugins/Enterprise/MDLImporter/MDLImporter.uplugin" 226
"../../../Engine/Plugins/Experimental/AnimNext/AnimNext.uplugin" 227
"../../../Engine/Plugins/Experimental/ActorPalette/ActorPalette.uplugin" 228
"../../../Engine/Plugins/Enterprise/VariantManager/VariantManager.uplugin" 229
"../../../Engine/Plugins/Experimental/AnimNextChooser/AnimNextChooser.uplugin" 230
"../../../Engine/Plugins/Experimental/AnimToTexture/AnimToTexture.uplugin" 231
"../../../Engine/Plugins/Experimental/AppleVision/AppleVision.uplugin" 232
"../../../Engine/Plugins/Experimental/Avalanche/Avalanche.uplugin" 233
"../../../Engine/Plugins/Experimental/AnimNextStateTree/AnimNextStateTree.uplugin" 234
"../../../Engine/Plugins/Experimental/AutomationUtils/AutomationUtils.uplugin" 235
"../../../Engine/Plugins/Experimental/AvalancheDisplayCluster/AvalancheDisplayCluster.uplugin" 236
"../../../Engine/Plugins/Experimental/ChaosCachingUSD/ChaosCachingUSD.uplugin" 237
"../../../Engine/Plugins/Experimental/BlueprintSnapNodes/BlueprintSnapNodes.uplugin" 238
"../../../Engine/Plugins/Experimental/ActorModifierCore/ActorModifierCore.uplugin" 239
"../../../Engine/Plugins/Experimental/BackChannel/BackChannel.uplugin" 240
"../../../Engine/Plugins/Experimental/AnimNextAnimGraph/AnimNextAnimGraph.uplugin" 241
"../../../Engine/Plugins/Experimental/Buoyancy/Buoyancy.uplugin" 242
"../../../Engine/Plugins/Experimental/AdvancedRenamer/AdvancedRenamer.uplugin" 243
"../../../Engine/Plugins/Experimental/ChaosFlesh/ChaosFlesh.uplugin" 244
"../../../Engine/Plugins/Experimental/BlueprintStats/BlueprintStats.uplugin" 245
"../../../Engine/Plugins/Experimental/CineCameraRigs/CineCameraRigs.uplugin" 246
"../../../Engine/Plugins/Experimental/ChaosClothEditor/ChaosClothEditor.uplugin" 247
"../../../Engine/Plugins/Experimental/ChaosVehiclesPlugin/ChaosVehiclesPlugin.uplugin" 248
"../../../Engine/Plugins/Experimental/AbilitySystemGameFeatureActions/AbilitySystemGameFeatureActions.uplugin" 249
"../../../Engine/Plugins/Experimental/ChaosModularVehicle/ChaosModularVehicle.uplugin" 250
"../../../Engine/Plugins/Experimental/ChaosModularVehicleExamples/ChaosModularVehicleExamples.uplugin" 251
"../../../Engine/Plugins/Experimental/ChaosNiagara/ChaosNiagara.uplugin" 252
"../../../Engine/Plugins/Experimental/CharacterAI/CharacterAI.uplugin" 253
"../../../Engine/Plugins/Experimental/CineCameraSceneCapture/CineCameraSceneCapture.uplugin" 254
"../../../Engine/Plugins/Experimental/ChaosCaching/ChaosCaching.uplugin" 255
"../../../Engine/Plugins/Experimental/CinematicPrestreaming/CinematicPrestreaming.uplugin" 256
"../../../Engine/Plugins/Experimental/CodeView/CodeView.uplugin" 257
"../../../Engine/Plugins/Experimental/CommonConversation/CommonConversation.uplugin" 258
"../../../Engine/Plugins/Experimental/CodeEditor/CodeEditor.uplugin" 259
"../../../Engine/Plugins/Experimental/Dataflow/Dataflow.uplugin" 260
"../../../Engine/Plugins/Experimental/ClonerEffector/ClonerEffector.uplugin" 261
"../../../Engine/Plugins/Experimental/ChaosEditor/ChaosEditor.uplugin" 262
"../../../Engine/Plugins/Experimental/EditorPerformance/EditorPerformance.uplugin" 263
"../../../Engine/Plugins/Experimental/EditorDataStorage/EditorDataStorage.uplugin" 264
"../../../Engine/Plugins/Experimental/ChaosSolverPlugin/ChaosSolverPlugin.uplugin" 265
"../../../Engine/Plugins/Experimental/CustomDetailsView/CustomDetailsView.uplugin" 266
"../../../Engine/Plugins/Experimental/DaySequence/DaySequence.uplugin" 267
"../../../Engine/Plugins/Experimental/EditorDataStorageFeatures/EditorDataStorageFeatures.uplugin" 268
"../../../Engine/Plugins/Experimental/ColorCorrectRegions/ColorCorrectRegions.uplugin" 269
"../../../Engine/Plugins/Experimental/FloatingProperties/FloatingProperties.uplugin" 270
"../../../Engine/Plugins/Experimental/FieldSystemPlugin/FieldSystemPlugin.uplugin" 271
"../../../Engine/Plugins/Experimental/GameplayGraph/GameplayGraph.uplugin" 272
"../../../Engine/Plugins/Experimental/Fracture/Fracture.uplugin" 273
"../../../Engine/Plugins/Experimental/DefaultInstallBundleManager/DefaultInstallBundleManager.uplugin" 274
"../../../Engine/Plugins/Experimental/GameplayTargetingSystem/TargetingSystem.uplugin" 275
"../../../Engine/Plugins/Experimental/ChaosUserDataPT/ChaosUserDataPT.uplugin" 276
"../../../Engine/Plugins/Experimental/DynamicMaterial/DynamicMaterial.uplugin" 277
"../../../Engine/Plugins/Experimental/GameInputWindows/GameInputWindows.uplugin" 278
"../../../Engine/Plugins/Experimental/Gauntlet/Gauntlet.uplugin" 279
"../../../Engine/Plugins/Experimental/GeometryCollectionPlugin/GeometryCollectionPlugin.uplugin" 280
"../../../Engine/Plugins/Experimental/GizmoFramework/GizmoFramework.uplugin" 281
"../../../Engine/Plugins/Experimental/ControlFlows/ControlFlows.uplugin" 282
"../../../Engine/Plugins/Experimental/HairCardGenerator/HairCardGenerator.uplugin" 283
"../../../Engine/Plugins/Experimental/HairModelingToolset/HairModelingToolset.uplugin" 284
"../../../Engine/Plugins/Experimental/EditorTelemetry/EditorTelemetry.uplugin" 285
"../../../Engine/Plugins/Experimental/GPULightmass/GPULightmass.uplugin" 286
"../../../Engine/Plugins/Experimental/FullBodyIK/FullBodyIK.uplugin" 287
"../../../Engine/Plugins/Experimental/HairStrandsMutable/HairStrandsMutable.uplugin" 288
"../../../Engine/Plugins/Experimental/GeometryFlow/GeometryFlow.uplugin" 289
"../../../Engine/Plugins/Experimental/GameplayBehaviors/GameplayBehaviors.uplugin" 290
"../../../Engine/Plugins/Experimental/GizmoEdMode/GizmoEdMode.uplugin" 291
"../../../Engine/Plugins/Experimental/InstanceDataObjectFixupTool/InstanceDataObjectFixupTool.uplugin" 292
"../../../Engine/Plugins/Experimental/InlineMaterialInstance/InlineMaterialInstance.uplugin" 293
"../../../Engine/Plugins/Experimental/GeometryCacheAbcFile/GeometryCacheAbcFile.uplugin" 294
"../../../Engine/Plugins/Experimental/ImageWidgets/ImageWidgets.uplugin" 295
"../../../Engine/Plugins/Experimental/Iris/Iris.uplugin" 296
"../../../Engine/Plugins/Experimental/ImpostorBaker/ImpostorBaker.uplugin" 297
"../../../Engine/Plugins/Experimental/JWT/JWT.uplugin" 298
"../../../Engine/Plugins/Experimental/LandscapePatch/LandscapePatch.uplugin" 299
"../../../Engine/Plugins/Experimental/LocalizableMessage/LocalizableMessage.uplugin" 300
"../../../Engine/Plugins/Experimental/LiveLinkControlRig/LiveLinkControlRig.uplugin" 301
"../../../Engine/Plugins/Experimental/MeshModelingToolsetExp/MeshModelingToolsetExp.uplugin" 302
"../../../Engine/Plugins/Experimental/MotorSimOutputMotoSynth/MotorSimOutputMotoSynth.uplugin" 303
"../../../Engine/Plugins/Experimental/LearningAgents/LearningAgents.uplugin" 304
"../../../Engine/Plugins/Experimental/MotoSynth/MotoSynth.uplugin" 305
"../../../Engine/Plugins/Experimental/MoverTests/MoverTests.uplugin" 306
"../../../Engine/Plugins/Experimental/GeometryMask/GeometryMask.uplugin" 307
"../../../Engine/Plugins/Experimental/MoverExamples/MoverExamples.uplugin" 308
"../../../Engine/Plugins/Experimental/ImagePlate/ImagePlate.uplugin" 309
"../../../Engine/Plugins/Experimental/NFORDenoise/NFORDenoise.uplugin" 310
"../../../Engine/Plugins/Experimental/Mover/Mover.uplugin" 311
"../../../Engine/Plugins/Experimental/MutablePopulation/MutablePopulation.uplugin" 312
"../../../Engine/Plugins/Experimental/OpenImageDenoise/OpenImageDenoise.uplugin" 313
"../../../Engine/Plugins/Experimental/Landmass/Landmass.uplugin" 314
"../../../Engine/Plugins/Experimental/NNERuntimeBasicCpu/NNERuntimeBasicCpu.uplugin" 315
"../../../Engine/Plugins/Experimental/LowLevelNetTrace/LowLevelNetTrace.uplugin" 316
"../../../Engine/Plugins/Experimental/NNERuntimeIREE/NNERuntimeIREE.uplugin" 317
"../../../Engine/Plugins/Experimental/NeuralRendering/NeuralRendering.uplugin" 318
"../../../Engine/Plugins/Experimental/LiveLinkFaceImporter/LiveLinkFaceImporter.uplugin" 319
"../../../Engine/Plugins/Experimental/PCGBiomeCore/PCGBiomeCore.uplugin" 320
"../../../Engine/Plugins/Experimental/PanoramicCapture/PanoramicCapture.uplugin" 321
"../../../Engine/Plugins/Experimental/OptiXDenoise/OptiXDenoise.uplugin" 322
"../../../Engine/Plugins/Experimental/OperatorStack/OperatorStack.uplugin" 323
"../../../Engine/Plugins/Experimental/PCGBiomeSample/PCGBiomeSample.uplugin" 324
"../../../Engine/Plugins/Experimental/NNERuntimeRDG/NNERuntimeRDG.uplugin" 325
"../../../Engine/Plugins/Experimental/PixelStreamingPlayer/PixelStreamingPlayer.uplugin" 326
"../../../Engine/Plugins/Experimental/PlanarCutPlugin/PlanarCut.uplugin" 327
"../../../Engine/Plugins/Experimental/PhysicsControl/PhysicsControl.uplugin" 328
"../../../Engine/Plugins/Experimental/PlainProps/PlainProps.uplugin" 329
"../../../Engine/Plugins/Experimental/PropertyAnimator/PropertyAnimator.uplugin" 330
"../../../Engine/Plugins/Experimental/PluginAudit/PluginAudit.uplugin" 331
"../../../Engine/Plugins/Experimental/PlatformCrypto/PlatformCrypto.uplugin" 332
"../../../Engine/Plugins/Experimental/QuicMessaging/QuicMessaging.uplugin" 333
"../../../Engine/Plugins/Experimental/LiveLinkOpenVR/LiveLinkOpenVR.uplugin" 334
"../../../Engine/Plugins/Experimental/RemoteSession/RemoteSession.uplugin" 335
"../../../Engine/Plugins/Experimental/PythonScriptPlugin/PythonScriptPlugin.uplugin" 336
"../../../Engine/Plugins/Experimental/PluginTemplateTool/PluginTemplateTool.uplugin" 337
"../../../Engine/Plugins/Experimental/RazerChromaDevices/RazerChromaDevices.uplugin" 338
"../../../Engine/Plugins/Experimental/ScreenReader/ScreenReader.uplugin" 339
"../../../Engine/Plugins/Experimental/PostProcessMaterialChainGraph/PostProcessMaterialChainGraph.uplugin" 340
"../../../Engine/Plugins/Experimental/RenderGrid/RenderGrid.uplugin" 341
"../../../Engine/Plugins/Experimental/RigLogicAnimNext/RigLogicAnimNext.uplugin" 342
"../../../Engine/Plugins/Experimental/PluginReferenceViewer/PluginReferenceViewer.uplugin" 343
"../../../Engine/Plugins/Experimental/RemoteControlComponents/RemoteControlComponents.uplugin" 344
"../../../Engine/Plugins/Experimental/RigLogicMutable/RigLogicMutable.uplugin" 345
"../../../Engine/Plugins/Experimental/Shotgrid/Shotgrid.uplugin" 346
"../../../Engine/Plugins/Experimental/SimpleHMD/SimpleHMD.uplugin" 347
"../../../Engine/Plugins/Experimental/PropertyAnimatorCore/PropertyAnimatorCore.uplugin" 348
"../../../Engine/Plugins/Experimental/PythonFoundationPackages/PythonFoundationPackages.uplugin" 349
"../../../Engine/Plugins/Experimental/SlateModelViewViewModel/SlateModelViewViewModel.uplugin" 350
"../../../Engine/Plugins/Experimental/NaniteDisplacedMesh/NaniteDisplacedMesh.uplugin" 351
"../../../Engine/Plugins/Experimental/StructUtils/StructUtils.uplugin" 352
"../../../Engine/Plugins/Experimental/SlateScreenReader/SlateScreenReader.uplugin" 353
"../../../Engine/Plugins/Experimental/SerializationUtils/SerializationUtils.uplugin" 354
"../../../Engine/Plugins/Experimental/StormSync/StormSync.uplugin" 355
"../../../Engine/Plugins/Experimental/SecuritySandbox/SecuritySandbox.uplugin" 356
"../../../Engine/Plugins/Experimental/TargetDeviceServicesScripting/TargetDeviceServicesScripting.uplugin" 357
"../../../Engine/Plugins/Experimental/RawInput/RawInput.uplugin" 358
"../../../Engine/Plugins/Experimental/TextureGraph/TextureGraph.uplugin" 359
"../../../Engine/Plugins/Experimental/StormSyncAvalancheBridge/StormSyncAvalancheBridge.uplugin" 360
"../../../Engine/Plugins/Experimental/SVGImporter/SVGImporter.uplugin" 361
"../../../Engine/Plugins/Experimental/ToolPresets/ToolPresets.uplugin" 362
"../../../Engine/Plugins/Experimental/StateGraph/StateGraph.uplugin" 363
"../../../Engine/Plugins/Experimental/SurfaceEffects/SurfaceEffects.uplugin" 364
"../../../Engine/Plugins/Experimental/TextToSpeech/TextToSpeech.uplugin" 365
"../../../Engine/Plugins/Experimental/StudioTelemetry/StudioTelemetry.uplugin" 366
"../../../Engine/Plugins/Experimental/TextureMediaPlayer/TextureMediaPlayer.uplugin" 367
"../../../Engine/Plugins/Experimental/SkeletalReduction/SkeletalReduction.uplugin" 368
"../../../Engine/Plugins/Experimental/UIFramework/UIFramework.uplugin" 369
"../../../Engine/Plugins/Experimental/Text3D/Text3D.uplugin" 370
"../../../Engine/Plugins/Experimental/UserToolBoxCore/UserToolBoxCore.uplugin" 371
"../../../Engine/Plugins/Experimental/UserToolBoxBasicCommand/UserToolBoxBasicCommand.uplugin" 372
"../../../Engine/Plugins/Experimental/Water/Water.uplugin" 373
"../../../Engine/Plugins/Experimental/WaterAdvanced/WaterAdvanced.uplugin" 374
"../../../Engine/Plugins/Experimental/VirtualHeightfieldMesh/VirtualHeightfieldMesh.uplugin" 375
"../../../Engine/Plugins/Experimental/WaterExtras/WaterExtras.uplugin" 376
"../../../Engine/Plugins/Experimental/Workspace/Workspace.uplugin" 377
"../../../Engine/Plugins/Experimental/VirtualProductionUtilities/VirtualProductionUtilities.uplugin" 378
"../../../Engine/Plugins/Experimental/Volumetrics/Volumetrics.uplugin" 379
"../../../Engine/Plugins/Experimental/WidgetEditorToolPalette/WidgetEditorToolPalette.uplugin" 380
"../../../Engine/Plugins/Experimental/WebSocketNetworking/WebSocketNetworking.uplugin" 381
"../../../Engine/Plugins/Experimental/WaveFunctionCollapse/WaveFunctionCollapse.uplugin" 382
"../../../Engine/Plugins/Experimental/XRCreativeFramework/XRCreativeFramework.uplugin" 383
"../../../Engine/Plugins/Experimental/TetMeshing/TetMeshing.uplugin" 384
"../../../Engine/Plugins/Importers/USDMultiUser/USDMultiUser.uplugin" 385
"../../../Engine/Plugins/Experimental/WebSocketMessaging/WebSocketMessaging.uplugin" 386
"../../../Engine/Plugins/Media/AndroidMedia/AndroidMedia.uplugin" 387
"../../../Engine/Plugins/Media/AndroidCamera/AndroidCamera.uplugin" 388
"../../../Engine/Plugins/Media/AppleProResMedia/AppleProResMedia.uplugin" 389
"../../../Engine/Plugins/Media/AvidDNxMedia/AvidDNxMedia.uplugin" 390
"../../../Engine/Plugins/Media/BlackmagicMedia/BlackmagicMedia.uplugin" 391
"../../../Engine/Plugins/Media/AudioCaptureTimecodeProvider/AudioCaptureTimecodeProvider.uplugin" 392
"../../../Engine/Plugins/Importers/AlembicImporter/AlembicImporter.uplugin" 393
"../../../Engine/Plugins/Media/AvfMedia/AvfMedia.uplugin" 394
"../../../Engine/Plugins/Media/AvidDNxHDDecoderElectra/AvidDNxHDDecoderElectra.uplugin" 395
"../../../Engine/Plugins/Media/BinkMedia/BinkMedia.uplugin" 396
"../../../Engine/Plugins/Importers/AlembicHairImporter/AlembicHairImporter.uplugin" 397
"../../../Engine/Plugins/Media/ElectraCDM/ElectraCDM.uplugin" 398
"../../../Engine/Plugins/Media/AppleProResDecoderElectra/AppleProResDecoderElectra.uplugin" 399
"../../../Engine/Plugins/Media/ElectraPlayer/ElectraPlayer.uplugin" 400
"../../../Engine/Plugins/Media/ElectraSubtitles/ElectraSubtitles.uplugin" 401
"../../../Engine/Plugins/Media/MediaPlate/MediaPlate.uplugin" 402
"../../../Engine/Plugins/Media/MediaCompositing/MediaCompositing.uplugin" 403
"../../../Engine/Plugins/Media/ElectraCodecs/ElectraCodecs.uplugin" 404
"../../../Engine/Plugins/Importers/USDImporter/USDImporter.uplugin" 405
"../../../Engine/Plugins/Media/MfMedia/MfMedia.uplugin" 406
"../../../Engine/Plugins/Media/ImgMedia/ImgMedia.uplugin" 407
"../../../Engine/Plugins/Media/NDIMedia/NDIMedia.uplugin" 408
"../../../Engine/Plugins/Media/FlacDecoderElectra/FlacDecoderElectra.uplugin" 409
"../../../Engine/Plugins/Media/LinearTimecode/LinearTimecode.uplugin" 410
"../../../Engine/Plugins/Media/MediaFrameworkUtilities/MediaFrameworkUtilities.uplugin" 411
"../../../Engine/Plugins/Messaging/MessagingDebugger/MessagingDebugger.uplugin" 412
"../../../Engine/Plugins/Media/D3D12VideoDecodersElectra/D3D12VideoDecodersElectra.uplugin" 413
"../../../Engine/Plugins/Media/WebMMedia/WebMMedia.uplugin" 414
"../../../Engine/Plugins/Media/MediaIOFramework/MediaIOFramework.uplugin" 415
"../../../Engine/Plugins/Media/TimecodeSynchronizer/TimecodeSynchronizer.uplugin" 416
"../../../Engine/Plugins/NNE/NNERuntimeORT/NNERuntimeORT.uplugin" 417
"../../../Engine/Plugins/Media/ElectraUtil/ElectraUtil.uplugin" 418
"../../../Engine/Plugins/Messaging/UdpMessaging/UdpMessaging.uplugin" 419
"../../../Engine/Plugins/Media/AjaMedia/AjaMedia.uplugin" 420
"../../../Engine/Plugins/Media/HAPMedia/HAPMedia.uplugin" 421
"../../../Engine/Plugins/Media/WmfMedia/WmfMedia.uplugin" 422
"../../../Engine/Plugins/PCGInterops/PCGExternalDataInterop/PCGExternalDataInterop.uplugin" 423
"../../../Engine/Plugins/Media/HAPDecoderElectra/HAPDecoderElectra.uplugin" 424
"../../../Engine/Plugins/Media/MediaMovieStreamer/MediaMovieStreamer.uplugin" 425
"../../../Engine/Plugins/PCGInterops/PCGGeometryScriptInterop/PCGGeometryScriptInterop.uplugin" 426
"../../../Engine/Plugins/Media/MediaPlayerEditor/MediaPlayerEditor.uplugin" 427
"../../../Engine/Plugins/Media/OpusDecoderElectra/OpusDecoderElectra.uplugin" 428
"../../../Engine/Plugins/Runtime/AndroidPermission/AndroidPermission.uplugin" 429
"../../../Engine/Plugins/Runtime/AndroidFileServer/AndroidFileServer.uplugin" 430
"../../../Engine/Plugins/Runtime/AndroidDeviceProfileSelector/AndroidDeviceProfileSelector.uplugin" 431
"../../../Engine/Plugins/Runtime/AndroidBackgroundService/AndroidBackgroundService.uplugin" 432
"../../../Engine/Plugins/Media/HardwareEncoders/HardwareEncoders.uplugin" 433
"../../../Engine/Plugins/Runtime/ApexDestruction/ApexDestruction.uplugin" 434
"../../../Engine/Plugins/Runtime/AndroidMoviePlayer/AndroidMoviePlayer.uplugin" 435
"../../../Engine/Plugins/Media/PixelStreaming2/PixelStreaming2.uplugin" 436
"../../../Engine/Plugins/Runtime/AppleImageUtils/AppleImageUtils.uplugin" 437
"../../../Engine/Plugins/Media/PixelCapture/PixelCapture.uplugin" 438
"../../../Engine/Plugins/Runtime/ArchVisCharacter/ArchVisCharacter.uplugin" 439
"../../../Engine/Plugins/Runtime/AssetTags/AssetTags.uplugin" 440
"../../../Engine/Plugins/Runtime/AudioModulation/AudioModulation.uplugin" 441
"../../../Engine/Plugins/Runtime/ChunkDownloader/ChunkDownloader.uplugin" 442
"../../../Engine/Plugins/Runtime/DataRegistry/DataRegistry.uplugin" 443
"../../../Engine/Plugins/Runtime/CommonUI/CommonUI.uplugin" 444
"../../../Engine/Plugins/Runtime/AudioCapture/AudioCapture.uplugin" 445
"../../../Engine/Plugins/Messaging/TcpMessaging/TcpMessaging.uplugin" 446
"../../../Engine/Plugins/Runtime/AudioWidgets/AudioWidgets.uplugin" 447
"../../../Engine/Plugins/Runtime/CableComponent/CableComponent.uplugin" 448
"../../../Engine/Plugins/Runtime/ComputeFramework/ComputeFramework.uplugin" 449
"../../../Engine/Plugins/Runtime/Firebase/Firebase.uplugin" 450
"../../../Engine/Plugins/Runtime/GameplayAbilities/GameplayAbilities.uplugin" 451
"../../../Engine/Plugins/Runtime/GameInput/GameInput.uplugin" 452
"../../../Engine/Plugins/Media/VPxDecoderElectra/VPxDecoderElectra.uplugin" 453
"../../../Engine/Plugins/Runtime/GeometryScripting/GeometryScripting.uplugin" 454
"../../../Engine/Plugins/Runtime/GameplayBehaviorSmartObjects/GameplayBehaviorSmartObjects.uplugin" 455
"../../../Engine/Plugins/Runtime/AudioMotorSim/AudioMotorSim.uplugin" 456
"../../../Engine/Plugins/Runtime/GeoReferencing/GeoReferencing.uplugin" 457
"../../../Engine/Plugins/Media/PixelStreaming/PixelStreaming.uplugin" 458
"../../../Engine/Plugins/Runtime/GeometryProcessing/GeometryProcessing.uplugin" 459
"../../../Engine/Plugins/Runtime/GoogleCloudMessaging/GoogleCloudMessaging.uplugin" 460
"../../../Engine/Plugins/Runtime/AnimationBudgetAllocator/AnimationBudgetAllocator.uplugin" 461
"../../../Engine/Plugins/Runtime/HDRIBackdrop/HDRIBackdrop.uplugin" 462
"../../../Engine/Plugins/Runtime/GooglePAD/GooglePAD.uplugin" 463
"../../../Engine/Plugins/Runtime/CustomMeshComponent/CustomMeshComponent.uplugin" 464
"../../../Engine/Plugins/Runtime/ExampleDeviceProfileSelector/ExampleDeviceProfileSelector.uplugin" 465
"../../../Engine/Plugins/Protocols/MQTT/MQTT.uplugin" 466
"../../../Engine/Plugins/Runtime/HairStrands/HairStrands.uplugin" 467
"../../../Engine/Plugins/Runtime/GameplayInteractions/GameplayInteractions.uplugin" 468
"../../../Engine/Plugins/Runtime/HTTPChunkInstaller/HTTPChunkInstaller.uplugin" 469
"../../../Engine/Plugins/Runtime/HPMotionController/HPMotionController.uplugin" 470
"../../../Engine/Plugins/Runtime/AudioSynesthesia/AudioSynesthesia.uplugin" 471
"../../../Engine/Plugins/Runtime/LinuxDeviceProfileSelector/LinuxDeviceProfileSelector.uplugin" 472
"../../../Engine/Plugins/Runtime/GameplayStateTree/GameplayStateTree.uplugin" 473
"../../../Engine/Plugins/Runtime/InputDebugging/InputDebugging.uplugin" 474
"../../../Engine/Plugins/Runtime/MassEntity/MassEntity.uplugin" 475
"../../../Engine/Plugins/Runtime/GeometryCache/GeometryCache.uplugin" 476
"../../../Engine/Plugins/Runtime/LocationServicesBPLibrary/LocationServicesBPLibrary.uplugin" 477
"../../../Engine/Plugins/NNE/NNEDenoiser/NNEDenoiser.uplugin" 478
"../../../Engine/Plugins/Runtime/IOSDeviceProfileSelector/IOSDeviceProfileSelector.uplugin" 479
"../../../Engine/Plugins/Runtime/AppleMoviePlayer/AppleMoviePlayer.uplugin" 480
"../../../Engine/Plugins/Runtime/MassGameplay/MassGameplay.uplugin" 481
"../../../Engine/Plugins/Runtime/Harmonix/Harmonix.uplugin" 482
"../../../Engine/Plugins/Runtime/MIDIDevice/MIDIDevice.uplugin" 483
"../../../Engine/Plugins/Runtime/MeshModelingToolset/MeshModelingToolset.uplugin" 484
"../../../Engine/Plugins/Runtime/LiveLinkOvernDisplay/LiveLinkOverNDisplay.uplugin" 485
"../../../Engine/Plugins/Runtime/MobilePatchingUtils/MobilePatchingUtils.uplugin" 486
"../../../Engine/Plugins/Runtime/Metasound/Metasound.uplugin" 487
"../../../Engine/Plugins/Runtime/MixedRealityCaptureFramework/MixedRealityCaptureFramework.uplugin" 488
"../../../Engine/Plugins/Runtime/MicrosoftSpatialAudio/MicroSoftSpatialSound.uplugin" 489
"../../../Engine/Plugins/Runtime/LevelStreamingPersistence/LevelStreamingPersistence.uplugin" 490
"../../../Engine/Plugins/Runtime/nDisplay/nDisplay.uplugin" 491
"../../../Engine/Plugins/Runtime/LocationServicesAndroidImpl/LocationServicesAndroidImpl.uplugin" 492
"../../../Engine/Plugins/Runtime/IOSReplayKit/IOSReplayKit.uplugin" 493
"../../../Engine/Plugins/Runtime/NetworkPredictionInsights/NetworkPredictionInsights.uplugin" 494
"../../../Engine/Plugins/Runtime/NetworkPrediction/NetworkPrediction.uplugin" 495
"../../../Engine/Plugins/Runtime/MultiServerReplication/MultiServerReplication.uplugin" 496
"../../../Engine/Plugins/Runtime/GameFeatures/GameFeatures.uplugin" 497
"../../../Engine/Plugins/Runtime/nDisplayModularFeatures/nDisplayModularFeatures.uplugin" 498
"../../../Engine/Plugins/Runtime/OpenXRMsftHandInteraction/OpenXRMsftHandInteraction.uplugin" 499
"../../../Engine/Plugins/Runtime/PropertyBindingUtils/PropertyBindingUtils.uplugin" 500
"../../../Engine/Plugins/Runtime/ResonanceAudio/ResonanceAudio.uplugin" 501
"../../../Engine/Plugins/Runtime/MobileFSR/MobileFSR.uplugin" 502
"../../../Engine/Plugins/Runtime/OpenXR/OpenXR.uplugin" 503
"../../../Engine/Plugins/Runtime/OpenXRHandTracking/OpenXRHandTracking.uplugin" 504
"../../../Engine/Plugins/Runtime/NetworkPredictionExtras/NetworkPredictionExtras.uplugin" 505
"../../../Engine/Plugins/Runtime/RenderTrace/RenderTrace.uplugin" 506
"../../../Engine/Plugins/Runtime/OptionalMobileFeaturesBPLibrary/OptionalMobileFeaturesBPLibrary.uplugin" 507
"../../../Engine/Plugins/Runtime/NavCorridor/NavCorridor.uplugin" 508
"../../../Engine/Plugins/Runtime/SkeletalMerging/SkeletalMerging.uplugin" 509
"../../../Engine/Plugins/Runtime/SignificanceManager/SignificanceManager.uplugin" 510
"../../../Engine/Plugins/Runtime/ActorLayerUtilities/ActorLayerUtilities.uplugin" 511
"../../../Engine/Plugins/Runtime/OpenCV/OpenCV.uplugin" 512
"../../../Engine/Plugins/Runtime/ReplicationSystemTestPlugin/ReplicationSystemTestPlugin.uplugin" 513
"../../../Engine/Plugins/Runtime/RigVM/RigVM.uplugin" 514
"../../../Engine/Plugins/Runtime/ModelViewViewModel/ModelViewViewModel.uplugin" 515
"../../../Engine/Plugins/Runtime/LocationServicesIOSImpl/LocationServicesIOSImpl.uplugin" 516
"../../../Engine/Plugins/Runtime/SoundMod/SoundMod.uplugin" 517
"../../../Engine/Plugins/Runtime/SmartObjects/SmartObjects.uplugin" 518
"../../../Engine/Plugins/Runtime/SoundUtilities/SoundUtilities.uplugin" 519
"../../../Engine/Plugins/Runtime/OpenXRViveTracker/OpenXRViveTracker.uplugin" 520
"../../../Engine/Plugins/Runtime/Spatialization/Spatialization.uplugin" 521
"../../../Engine/Plugins/Runtime/MsQuic/MsQuic.uplugin" 522
"../../../Engine/Plugins/Runtime/ModularGameplay/ModularGameplay.uplugin" 523
"../../../Engine/Plugins/Runtime/SoundFields/SoundFields.uplugin" 524
"../../../Engine/Plugins/Runtime/ScriptableToolsFramework/ScriptableToolsFramework.uplugin" 525
"../../../Engine/Plugins/Runtime/PropertyAccess/PropertyAccessEditor.uplugin" 526
"../../../Engine/Plugins/Runtime/InstancedActors/InstancedActors.uplugin" 527
"../../../Engine/Plugins/Runtime/WaveTable/WaveTable.uplugin" 528
"../../../Engine/Plugins/Runtime/OSC/OSC.uplugin" 529
"../../../Engine/Plugins/Runtime/Synthesis/Synthesis.uplugin" 530
"../../../Engine/Plugins/Runtime/USDCore/USDCore.uplugin" 531
"../../../Engine/Plugins/Runtime/SoundCueTemplates/SoundCueTemplates.uplugin" 532
"../../../Engine/Plugins/Runtime/WebMMoviePlayer/WebMMoviePlayer.uplugin" 533
"../../../Engine/Plugins/Runtime/WarpUtils/WarpUtils.uplugin" 534
"../../../Engine/Plugins/Runtime/ReplicationGraph/ReplicationGraph.uplugin" 535
"../../../Engine/Plugins/Runtime/XRBase/XRBase.uplugin" 536
"../../../Engine/Plugins/Runtime/OpenXREyeTracker/OpenXREyeTracker.uplugin" 537
"../../../Engine/Plugins/Tests/FunctionalTestingEditor/FunctionalTestingEditor.uplugin" 538
"../../../Engine/Plugins/Runtime/ZoneGraph/ZoneGraph.uplugin" 539
"../../../Engine/Plugins/Tests/AutomationDriverTests/AutomationDriverTests.uplugin" 540
"../../../Engine/Plugins/Runtime/Soundscape/Soundscape.uplugin" 541
"../../../Engine/Plugins/Tests/InterchangeTests/InterchangeTests.uplugin" 542
"../../../Engine/Plugins/Tests/CQTestEnhancedInput/CQTestEnhancedInput.uplugin" 543
"../../../Engine/Plugins/Runtime/WebBrowserNativeProxy/WebBrowserNativeProxy.uplugin" 544
"../../../Engine/Plugins/Tests/RHITests/RHITests.uplugin" 545
"../../../Engine/Plugins/Tests/CQTest/CQTest.uplugin" 546
"../../../Engine/Plugins/Tests/RuntimeTests/RuntimeTests.uplugin" 547
"../../../Engine/Plugins/Tests/WidgetAutomationTests/WidgetAutomationTests.uplugin" 548
"../../../Engine/Plugins/Runtime/PreLoadScreenMoviePlayer/PreLoadScreenMoviePlayer.uplugin" 549
"../../../Engine/Plugins/Tests/FbxAutomationTestBuilder/FbxAutomationTestBuilder.uplugin" 550
"../../../Engine/Plugins/Tests/TestFramework/TestFramework.uplugin" 551
"../../../Engine/Plugins/Runtime/WindowsMoviePlayer/WindowsMoviePlayer.uplugin" 552
"../../../Engine/Plugins/Tests/TestSamples/TestSamples.uplugin" 553
"../../../Engine/Plugins/Runtime/WindowsDeviceProfileSelector/WindowsDeviceProfileSelector.uplugin" 554
"../../../Engine/Plugins/Online/VoiceChat/VoiceChat/VoiceChat.uplugin" 555
"../../../Engine/Plugins/Online/Android/OnlineSubsystemGooglePlay/OnlineSubsystemGooglePlay.uplugin" 556
"../../../Engine/Plugins/VirtualProduction/DMX/DMXDisplayCluster/DMXDisplayCluster.uplugin" 557
"../../../Engine/Plugins/Runtime/ZoneGraphAnnotations/ZoneGraphAnnotations.uplugin" 558
"../../../Engine/Plugins/VirtualProduction/DMX/DMXModularFeatures/DMXModularFeatures.uplugin" 559
"../../../Engine/Plugins/VirtualProduction/DMX/DMXProtocol/DMXProtocol.uplugin" 560
"../../../Engine/Plugins/VirtualProduction/DMX/DMXPixelMapping/DMXPixelMapping.uplugin" 561
"../../../Engine/Plugins/VirtualProduction/Rivermax/RivermaxCore/RivermaxCore.uplugin" 562
"../../../Engine/Plugins/Editor/ContentBrowser/ContentBrowserFileDataSource/ContentBrowserFileDataSource.uplugin" 563
"../../../Engine/Plugins/VirtualProduction/DMX/DMXFixtures/DMXFixtures.uplugin" 564
"../../../Engine/Plugins/VirtualProduction/Rivermax/RivermaxSync/RivermaxSync.uplugin" 565
"../../../Engine/Plugins/Runtime/StateTree/StateTree.uplugin" 566
"../../../Engine/Plugins/Runtime/SunPosition/SunPosition.uplugin" 567
"../../../Engine/Plugins/Online/Android/AndroidFetchBackgroundDownload/AndroidFetchBackgroundDownload.uplugin" 568
"../../../Engine/Plugins/Experimental/Compositing/HoldoutComposite/HoldoutComposite.uplugin" 569
"../../../Engine/Plugins/Tests/EditorTests/EditorTests.uplugin" 570
"../../../Engine/Plugins/Experimental/Web/WebAPI/WebAPI.uplugin" 571
"../../../Engine/Plugins/Runtime/Database/ADOSupport/ADOSupport.uplugin" 572
"../../../Engine/Plugins/Editor/ContentBrowser/ContentBrowserAliasDataSource/ContentBrowserAliasDataSource.uplugin" 573
"../../../Engine/Plugins/Experimental/PCGInterops/PCGNiagaraInterop/PCGNiagaraInterop.uplugin" 574
"../../../Engine/Plugins/Runtime/Database/DatabaseSupport/DatabaseSupport.uplugin" 575
"../../../Engine/Plugins/Editor/ObjectMixer/LightMixer/LightMixer.uplugin" 576
"../../../Engine/Plugins/Editor/ContentBrowser/ContentBrowserAssetDataSource/ContentBrowserAssetDataSource.uplugin" 577
"../../../Engine/Plugins/Runtime/MeshReconstruction/DummyMeshReconstructor/DummyMeshReconstructor.uplugin" 578
"../../../Engine/Plugins/Editor/ObjectMixer/ObjectMixer/ObjectMixer.uplugin" 579
"../../../Engine/Plugins/Online/VoiceChat/EOSVoiceChat/EOSVoiceChat.uplugin" 580
"../../../Engine/Plugins/VirtualProduction/DMX/DMXGDTF/DMXGDTF.uplugin" 581
"../../../Engine/Plugins/Runtime/Database/RemoteDatabaseSupport/RemoteDatabaseSupport.uplugin" 582
"../../../Engine/Plugins/Animation/MLDeformer/NeuralMorphModel/NeuralMorphModel.uplugin" 583
"../../../Engine/Plugins/Animation/MLDeformer/MLDeformerFramework/MLDeformerFramework.uplugin" 584
"../../../Engine/Plugins/Runtime/Database/SQLiteCore/SQLiteCore.uplugin" 585
"../../../Engine/Plugins/Animation/MLDeformer/ChaosFleshGenerator/ChaosFleshGenerator.uplugin" 586
"../../../Engine/Plugins/Tests/PythonAutomationTest/PythonAutomationTest.uplugin" 587
"../../../Engine/Plugins/Animation/MLDeformer/VertexDeltaModel/VertexDeltaModel.uplugin" 588
"../../../Engine/Plugins/Developer/Concert/ConcertMain/ConcertMain.uplugin" 589
"../../../Engine/Plugins/Runtime/ProceduralMeshComponent/ProceduralMeshComponent.uplugin" 590
"../../../Engine/Plugins/Animation/MLDeformer/NearestNeighborModel/NearestNeighborModel.uplugin" 591
"../../../Engine/Plugins/Experimental/CharacterFXEditor/ExampleCharacterFXEditor/ExampleCharacterFXEditor.uplugin" 592
"../../../Engine/Plugins/VirtualProduction/DMX/DMXControlConsole/DMXControlConsole.uplugin" 593
"../../../Engine/Plugins/Experimental/CharacterFXEditor/BaseCharacterFXEditor/BaseCharacterFXEditor.uplugin" 594
"../../../Engine/Plugins/Runtime/Analytics/AnalyticsBlueprintLibrary/AnalyticsBlueprintLibrary.uplugin" 595
"../../../Engine/Plugins/VirtualProduction/DMX/DMXEngine/DMXEngine.uplugin" 596
"../../../Engine/Plugins/Runtime/Analytics/Flurry/Flurry.uplugin" 597
"../../../Engine/Plugins/Animation/MLDeformer/ChaosClothGenerator/ChaosClothGenerator.uplugin" 598
"../../../Engine/Plugins/Runtime/Analytics/AnalyticsMulticast/AnalyticsMulticast.uplugin" 599
"../../../Engine/Plugins/VirtualProduction/DMX/DatasmithMVR/DatasmithMVR.uplugin" 600
"../../../Engine/Plugins/Experimental/PCGInterops/PCGWaterInterop/PCGWaterInterop.uplugin" 601
"../../../Engine/Plugins/VirtualProduction/Rivermax/RivermaxMedia/RivermaxMedia.uplugin" 602
"../../../Engine/Plugins/Experimental/Animation/ContextualAnimation/ContextualAnimation.uplugin" 603
"../../../Engine/Plugins/Experimental/Animation/HierarchyTable/HierarchyTable.uplugin" 604
"../../../Engine/Plugins/Experimental/Animation/SkeletalMeshModelingTools/SkeletalMeshModelingTools.uplugin" 605
"../../../Engine/Plugins/Experimental/AVCodecs/AVCodecsCore/AVCodecsCore.uplugin" 606
"../../../Engine/Plugins/Editor/ContentBrowser/ContentBrowserClassDataSource/ContentBrowserClassDataSource.uplugin" 607
"../../../Engine/Plugins/Experimental/AVCodecs/AMFCodecs/AMFCodecs.uplugin" 608
"../../../Engine/Plugins/Experimental/AVCodecs/NVCodecs/NVCodecs.uplugin" 609
"../../../Engine/Plugins/Runtime/WebBrowserWidget/WebBrowserWidget.uplugin" 610
"../../../Engine/Plugins/Experimental/Enterprise/DataprepGeometryOperations/DataprepGeometryOperations.uplugin" 611
"../../../Engine/Plugins/Experimental/Enterprise/DatasmithInterchange/DatasmithInterchange.uplugin" 612
"../../../Engine/Plugins/Editor/Localization/PortableObjectFileDataSource/PortableObjectFileDataSource.uplugin" 613
"../../../Engine/Plugins/Experimental/AVCodecs/VTCodecs/VTCodecs.uplugin" 614
"../../../Engine/Plugins/Runtime/Advertising/IOSTapJoy/IOSTapJoy.uplugin" 615
"../../../Engine/Plugins/Runtime/Steam/SteamSockets/SteamSockets.uplugin" 616
"../../../Engine/Plugins/Runtime/Steam/SteamController/SteamController.uplugin" 617
"../../../Engine/Plugins/Experimental/Animation/MotionTrajectory/MotionTrajectory.uplugin" 618
"../../../Engine/Plugins/Experimental/VirtualProduction/VPRoles/VPRoles.uplugin" 619
"../../../Engine/Plugins/Runtime/Windows/WinDualShock/WinDualShock.uplugin" 620
"../../../Engine/Plugins/Runtime/AR/ARUtilities/ARUtilities.uplugin" 621
"../../../Engine/Plugins/Runtime/PacketHandlers/AESHandlerComponent/AESHandlerComponent.uplugin" 622
"../../../Engine/Plugins/Runtime/PacketHandlers/AESGCMHandlerComponent/AESGCMHandlerComponent.uplugin" 623
"../../../Engine/Plugins/Runtime/PacketHandlers/DTLSHandlerComponent/DTLSHandlerComponent.uplugin" 624
"../../../Engine/Plugins/Runtime/Nvidia/Reflex/Reflex.uplugin" 625
"../../../Engine/Plugins/Experimental/AVCodecs/WMFCodecs/WMFCodecs.uplugin" 626
"../../../Engine/Plugins/Experimental/VirtualProduction/VPSettings/VPSettings.uplugin" 627
"../../../Engine/Plugins/Runtime/Nvidia/GeForceNOWWrapper/GeForceNOWWrapper.uplugin" 628
"../../../Engine/Plugins/Runtime/Windows/XInputDevice/XInputDevice.uplugin" 629
"../../../Engine/Plugins/Experimental/MetaHuman/MetaHumanRuntime/MetaHumanRuntime.uplugin" 630
"../../../Engine/Plugins/Runtime/Steam/SteamShared/SteamShared.uplugin" 631
"../../../Engine/Plugins/Developer/Concert/ConcertSync/ConcertSyncServer/ConcertSyncServer.uplugin" 632
"../../../Engine/Plugins/Runtime/XR/XRVisualization/XRVisualization.uplugin" 633
"../../../Engine/Plugins/Experimental/MetaHuman/MetaHumanSDK/MetaHumanSDK.uplugin" 634
"../../../Engine/Plugins/Developer/Concert/ConcertSync/ConcertSyncCore/ConcertSyncCore.uplugin" 635
"../../../Engine/Plugins/Runtime/Steam/SteamAudio/SteamAudio.uplugin" 636
"../../../Engine/Plugins/Experimental/Animation/Optimus/Optimus.uplugin" 637
"../../../Engine/Plugins/Runtime/AR/Google/GoogleARCoreServices/GoogleARCoreServices.uplugin" 638
"../../../Engine/Plugins/Developer/Concert/ConcertSync/ConcertSyncClient/ConcertSyncClient.uplugin" 639
"../../../Engine/Plugins/Runtime/AR/AppleAR/AppleARKit/AppleARKit.uplugin" 640
"../../../Engine/Plugins/Developer/Concert/ConcertInsights/ConcertInsightsVisualizer/ConcertInsightsVisualizer.uplugin" 641
"../../../Engine/Plugins/Developer/Concert/ConcertInsights/ConcertInsightsCore/ConcertInsightsCore.uplugin" 642
"../../../Engine/Plugins/Runtime/WorldConditions/WorldConditions.uplugin" 643
"../../../Engine/Plugins/Developer/Concert/ConcertApp/DisasterRecoveryClient/DisasterRecoveryClient.uplugin" 644
"../../../Engine/Plugins/Developer/Concert/ConcertScripting/ConcertReplicationScripting/ConcertReplicationScripting.uplugin" 645
"../../../Engine/Plugins/Runtime/AR/AppleAR/AppleARKitFaceSupport/AppleARKitFaceSupport.uplugin" 646
"../../../Engine/Plugins/Developer/Concert/ConcertInsights/ConcertInsightsServer/ConcertInsightsServer.uplugin" 647
"../../../Engine/Plugins/Developer/Concert/ConcertApp/MultiUserServer/MultiUserServer.uplugin" 648
"../../../Engine/Plugins/Developer/Concert/ConcertApp/MultiUserClient/MultiUserClient.uplugin" 649
"../../../Engine/Plugins/Developer/Concert/ConcertSync/ConcertSyncTest/ConcertSyncTest.uplugin" 650
"../../../Engine/Plugins/Experimental/Animation/HierarchyTableBuiltin/HierarchyTableBuiltin.uplugin" 651
"../../../Engine/Plugins/Runtime/Analytics/FileLogging/FileLogging.uplugin" 652
"../../../Engine/Plugins/Experimental/Animation/CurveExpression/CurveExpression.uplugin" 653
"../../../Engine/Plugins/Runtime/Analytics/Adjust/Adjust.uplugin" 654
"../../../Engine/Plugins/Online/IOS/OnlineSubsystemIOS/OnlineSubsystemIOS.uplugin" 655
"../../../Engine/Plugins/Runtime/XR/XRScribe/XRScribe.uplugin" 656
"../../../Engine/Plugins/Developer/Concert/ConcertUI/ConcertClientSharedSlate/ConcertClientSharedSlate.uplugin" 657
"../../../Engine/Plugins/Experimental/VirtualProduction/LedWallCalibration/LedWallCalibration.uplugin" 658
"../../../Engine/Plugins/Developer/Concert/ConcertInsights/ConcertInsightsClient/ConcertInsightsClient.uplugin" 659
"../../../Engine/Plugins/Experimental/AVCodecs/LibVpxCodecs/LibVpxCodecs.uplugin" 660
"../../../Engine/Plugins/Runtime/Database/SQLiteSupport/SQLiteSupport.uplugin" 661
"../../../Engine/Plugins/Developer/Concert/ConcertUI/ConcertSharedSlate/ConcertSharedSlate.uplugin" 662
"../../../Engine/Plugins/Experimental/Enterprise/DatasmithRuntime/DatasmithRuntime.uplugin" 663
"../../../Engine/Plugins/Runtime/AR/Google/GoogleARCore/GoogleARCore.uplugin" 664
"../../../Engine/Content/Internationalization/icudt64l/cnvalias.icu" 665
"../../../Engine/Content/Internationalization/icudt64l/res_index.res" 666
"../../../Engine/Content/Internationalization/icudt64l/plurals.res" 667
"../../../Engine/Content/Internationalization/icudt64l/lang/ko.res" 668
"../../../Engine/Content/Internationalization/icudt64l/lang/pool.res" 669
"../../../Engine/Content/Internationalization/icudt64l/lang/root.res" 670
"../../../Engine/Content/Internationalization/icudt64l/region/ko.res" 671
"../../../Engine/Content/Internationalization/icudt64l/region/pool.res" 672
"../../../Engine/Content/Internationalization/icudt64l/region/root.res" 673
"../../../Engine/Content/Internationalization/icudt64l/lang/en.res" 674
"../../../Engine/Content/Internationalization/icudt64l/region/en.res" 675
"../../../Engine/Content/Internationalization/icudt64l/windowsZones.res" 676
"../../../Engine/Content/Internationalization/icudt64l/zoneinfo64.res" 677
"../../../Engine/Content/Internationalization/icudt64l/keyTypeData.res" 678
"../../../Engine/Content/Internationalization/icudt64l/timezoneTypes.res" 679
"../../../Engine/Content/Internationalization/icudt64l/likelySubtags.res" 680
"../../../Engine/Content/Internationalization/icudt64l/ko_KR.res" 681
"../../../Engine/Content/Internationalization/icudt64l/pool.res" 682
"../../../Engine/Content/Internationalization/icudt64l/ko.res" 683
"../../../Engine/Content/Internationalization/icudt64l/root.res" 684
"../../../Engine/Content/Internationalization/icudt64l/supplementalData.res" 685
"../../../Engine/Config/ConfigRedirects.ini" 686
"C:/Users/j/AppData/Local/UnrealEngine/5.5/Saved/Config/WindowsEditor/Manifest.ini" 687
"../../../Engine/Config/BaseEngine.ini" 688
"../../../Engine/Config/Windows/BaseWindowsEngine.ini" 689
"../../../../../../Users/j/Documents/GitHub/UnrealProject/Config/DefaultEngine.ini" 690
"../../../Engine/Config/Windows/WindowsEngine.ini" 691
"C:/Users/j/Documents/GitHub/UnrealProject/Saved/Config/WindowsEditor/Engine.ini" 692
"../../../Engine/Config/BaseGame.ini" 693
"../../../../../../Users/j/Documents/GitHub/UnrealProject/Config/DefaultGame.ini" 694
"../../../Engine/Config/Windows/WindowsGame.ini" 695
"C:/Users/j/Documents/GitHub/UnrealProject/Saved/Config/WindowsEditor/Game.ini" 696
"../../../Engine/Config/BaseInput.ini" 697
"../../../Engine/Config/Windows/BaseWindowsInput.ini" 698
"../../../../../../Users/j/Documents/GitHub/UnrealProject/Config/DefaultInput.ini" 699
"../../../Engine/Config/Windows/WindowsInput.ini" 700
"../../../Engine/Config/BaseDeviceProfiles.ini" 701
"../../../Engine/Config/BaseGameUserSettings.ini" 702
"C:/Users/j/Documents/GitHub/UnrealProject/Saved/Config/WindowsEditor/GameUserSettings.ini" 703
"../../../Engine/Config/BaseScalability.ini" 704
"../../../Engine/Config/BaseRuntimeOptions.ini" 705
"../../../Engine/Config/BaseInstallBundle.ini" 706
"../../../Engine/Config/BaseHardware.ini" 707
"../../../Engine/Config/BaseLightmass.ini" 708
"../../../Engine/Config/BaseEditor.ini" 709
"../../../../../../Users/j/Documents/GitHub/UnrealProject/Config/DefaultEditor.ini" 710
"C:/Users/j/Documents/GitHub/UnrealProject/Saved/Config/WindowsEditor/Editor.ini" 711
"../../../Engine/Config/BaseEditorPerProjectUserSettings.ini" 712
"../../../Engine/Config/Windows/WindowsEditorPerProjectUserSettings.ini" 713
"C:/Users/j/Documents/GitHub/UnrealProject/Saved/Config/WindowsEditor/EditorPerProjectUserSettings.ini" 714
"../../../Engine/Config/BaseEditorSettings.ini" 715
"C:/Users/j/AppData/Local/UnrealEngine/5.5/Saved/Config/WindowsEditor/EditorSettings.ini" 716
"../../../Engine/Config/BaseEditorKeyBindings.ini" 717
"../../../Engine/Config/Android/BaseAndroidEngine.ini" 718
"../../../Engine/Config/Android/AndroidEngine.ini" 719
"../../../Engine/Config/IOS/BaseIOSEngine.ini" 720
"../../../Engine/Config/Mac/BaseMacEngine.ini" 721
"../../../Engine/Config/Linux/BaseLinuxEngine.ini" 722
"../../../Engine/Config/Android/BaseAndroidGame.ini" 723
"../../../Engine/Config/LinuxArm64/BaseLinuxArm64Engine.ini" 724
"../../../Engine/Config/Unix/UnixEngine.ini" 725
"../../../Engine/Platforms/VisionOS/Config/BaseVisionOSEngine.ini" 726
"../../../Engine/Config/Linux/LinuxEngine.ini" 727
"../../../../../../Users/j/Documents/GitHub/UnrealProject/Binaries/Win64/Mypro-Win64-DebugGame.target" 728
"../../../Engine/Platforms/VisionOS/Config/VisionOSEngine.ini" 729
"../../../Engine/Config/LinuxArm64/LinuxArm64Engine.ini" 730
"../../../Engine/Config/TVOS/TVOSEngine.ini" 731
"../../../../../../Users/j/Documents/GitHub/UnrealProject/Binaries/Win64/Mypro.target" 732
"../../../../../../Users/j/Documents/GitHub/UnrealProject/Binaries/Win64/MyproEditor.target" 733
"../../../Engine/Config/IOS/BaseIOSGame.ini" 734
"../../../Engine/Config/IOS/IOSGame.ini" 735
"../../../Engine/Config/Mac/MacGame.ini" 736
"../../../Engine/Config/Linux/LinuxGame.ini" 737
"../../../Engine/Config/Mac/BaseMacInput.ini" 738
"../../../Engine/Config/Android/AndroidScalability.ini" 739
"../../../Engine/Config/IOS/IOSScalability.ini" 740
"../../../Engine/Config/Android/BaseAndroidInstallBundle.ini" 741
"../../../Engine/Config/IOS/BaseIOSInstallBundle.ini" 742
"../../../Engine/Config/PluginBase.ini" 743
"../../../Engine/Plugins/ChaosVD/Config/DefaultChaosVD.ini" 744
"../../../Engine/Plugins/EnhancedInput/Config/BaseEnhancedInput.ini" 745
"../../../Engine/Plugins/Fab/Config/BaseFab.ini" 746
"../../../Engine/Plugins/TraceUtilities/Config/BaseTraceUtilities.ini" 747
"../../../Engine/Plugins/FX/Niagara/Config/BaseNiagara.ini" 748
"../../../Engine/Plugins/FX/NiagaraFluids/Config/BaseNiagaraFluids.ini" 749
"../../../Engine/Plugins/Interchange/Assets/Config/BaseInterchangeAssets.ini" 750
"../../../Engine/Plugins/Interchange/Runtime/Config/BaseInterchange.ini" 751
"../../../Engine/Plugins/VirtualProduction/Takes/Config/BaseTakes.ini" 752
"../../../Engine/Plugins/2D/Paper2D/Config/BasePaper2D.ini" 753
"../../../Engine/Plugins/Animation/ControlRig/Config/BaseControlRig.ini" 754
"../../../Engine/Plugins/Animation/LiveLink/Config/BaseLiveLink.ini" 755
"../../../Engine/Plugins/Animation/DeformerGraph/Config/BaseDeformerGraph.ini" 756
"../../../Engine/Plugins/Animation/IKRig/Config/BaseIKRig.ini" 757
"../../../Engine/Plugins/Cameras/GameplayCameras/Config/BaseGameplayCameras.ini" 758
"../../../Engine/Plugins/Editor/EditorScriptingUtilities/Config/BaseEditorScriptingUtilities.ini" 759
"../../../Engine/Plugins/Enterprise/DatasmithContent/Config/BaseDatasmithContent.ini" 760
"../../../Engine/Plugins/Enterprise/GLTFExporter/Config/BaseGLTFExporter.ini" 761
"../../../Engine/Plugins/Enterprise/GLTFExporter/Config/DefaultGLTFExporter.ini" 762
"../../../Engine/Plugins/Enterprise/VariantManagerContent/Config/BaseVariantManagerContent.ini" 763
"../../../Engine/Plugins/Experimental/FullBodyIK/Config/BaseFullBodyIK.ini" 764
"../../../Engine/Plugins/Experimental/ToolPresets/Config/BaseToolPresets.ini" 765
"../../../Engine/Plugins/Runtime/CommonUI/Config/BaseCommonUI.ini" 766
"../../../Engine/Plugins/Runtime/HairStrands/Config/BaseHairStrands.ini" 767
"../../../Engine/Plugins/Runtime/Metasound/Config/BaseMetasound.ini" 768
"../../../Engine/Plugins/Runtime/Metasound/Config/DefaultMetasound.ini" 769
"../../../Engine/Plugins/Runtime/RigVM/Config/BaseRigVM.ini" 770
"../../../Engine/Plugins/Runtime/StateTree/Config/BaseStateTree.ini" 771
"../../../Engine/Plugins/Runtime/Synthesis/Config/BaseSynthesis.ini" 772
"../../../Engine/Plugins/Runtime/USDCore/Config/BaseUSDCore.ini" 773
"../../../Engine/Plugins/Experimental/Compositing/HoldoutComposite/Config/BaseHoldoutComposite.ini" 774
"../../../Engine/Plugins/Experimental/MetaHuman/MetaHumanSDK/Config/BaseMetaHumanSDK.ini" 775
"../../../Engine/Plugins/Developer/Concert/ConcertSync/ConcertSyncCore/Config/BaseConcertSyncCore.ini" 776
"../../../Engine/Plugins/ChaosVD/Config/Engine.ini" 777
"../../../Engine/Plugins/EnhancedInput/Config/Input.ini" 778
"../../../Engine/Plugins/NNE/NNEDenoiser/Config/Game.ini" 779
"../../../Engine/Plugins/Runtime/InputDebugging/Config/Input.ini" 780
"../../../Engine/Plugins/Runtime/RigVM/Config/Editor.ini" 781
"../../../Engine/Plugins/Runtime/Windows/XInputDevice/Config/Input.ini" 782
"../../../Engine/Plugins/Editor/ModelingToolsEditorMode/Binaries/Win64/UnrealEditor.modules" 783
"../../../Engine/Plugins/Runtime/MeshModelingToolset/Binaries/Win64/UnrealEditor.modules" 784
"../../../Engine/Plugins/Experimental/MeshModelingToolsetExp/Binaries/Win64/UnrealEditor.modules" 785
"../../../Engine/Plugins/Editor/MeshLODToolset/Binaries/Win64/UnrealEditor.modules" 786
"../../../Engine/Plugins/Experimental/ToolPresets/Binaries/Win64/UnrealEditor.modules" 787
"../../../Engine/Plugins/Editor/StylusInput/Binaries/Win64/UnrealEditor.modules" 788
"../../../Engine/Plugins/Runtime/GeometryProcessing/Binaries/Win64/UnrealEditor.modules" 789
"../../../Engine/Plugins/Editor/ProxyLODPlugin/Binaries/Win64/UnrealEditor.modules" 790
"../../../Engine/Plugins/Experimental/PlanarCutPlugin/Binaries/Win64/UnrealEditor.modules" 791
"../../../Engine/Plugins/Experimental/GeometryFlow/Binaries/Win64/UnrealEditor.modules" 792
"../../../Engine/Plugins/Editor/EditorScriptingUtilities/Binaries/Win64/UnrealEditor.modules" 793
"../../../Engine/Plugins/Runtime/CommonUI/Binaries/Win64/UnrealEditor.modules" 794
"../../../Engine/Plugins/Editor/GameplayTagsEditor/Binaries/Win64/UnrealEditor.modules" 795
"../../../Engine/Plugins/EnhancedInput/Binaries/Win64/UnrealEditor.modules" 796
"../../../Engine/Plugins/Editor/DataValidation/Binaries/Win64/UnrealEditor.modules" 797
"../../../Engine/Plugins/Media/ElectraPlayer/Binaries/Win64/UnrealEditor.modules" 798
"../../../Engine/Plugins/Media/ElectraUtil/Binaries/Win64/UnrealEditor.modules" 799
"../../../Engine/Plugins/Media/ElectraCodecs/Binaries/Win64/UnrealEditor.modules" 800
"../../../Engine/Plugins/Media/ElectraCDM/Binaries/Win64/UnrealEditor.modules" 801
"../../../Engine/Plugins/Media/ElectraSubtitles/Binaries/Win64/UnrealEditor.modules" 802
"../../../Engine/Plugins/Media/OpusDecoderElectra/Binaries/Win64/UnrealEditor.modules" 803
"../../../Engine/Plugins/Media/D3D12VideoDecodersElectra/Binaries/Win64/UnrealEditor.modules" 804
"../../../Engine/Plugins/Editor/BlueprintMaterialTextureNodes/Binaries/Win64/UnrealEditor.modules" 805
"../../../Engine/Plugins/FX/NiagaraFluids/Binaries/Win64/UnrealEditor.modules" 806
"../../../Engine/Plugins/FX/Niagara/Binaries/Win64/UnrealEditor.modules" 807
"../../../Engine/Plugins/Experimental/PythonScriptPlugin/Binaries/Win64/UnrealEditor.modules" 808
"../../../Engine/Plugins/Editor/ContentBrowser/ContentBrowserFileDataSource/Binaries/Win64/UnrealEditor.modules" 809
"../../../Engine/Plugins/Bridge/Binaries/Win64/UnrealEditor.modules" 810
"../../../Engine/Plugins/Experimental/MetaHuman/MetaHumanSDK/Binaries/Win64/UnrealEditor.modules" 811
"../../../Engine/Plugins/Animation/ControlRig/Binaries/Win64/UnrealEditor.modules" 812
"../../../Engine/Plugins/Runtime/HairStrands/Binaries/Win64/UnrealEditor.modules" 813
"../../../Engine/Plugins/Animation/RigLogic/Binaries/Win64/UnrealEditor.modules" 814
"../../../Engine/Plugins/Runtime/RigVM/Binaries/Win64/UnrealEditor.modules" 815
"../../../Engine/Plugins/MovieScene/LevelSequenceEditor/Binaries/Win64/UnrealEditor.modules" 816
"../../../Engine/Plugins/Runtime/PropertyAccess/Binaries/Win64/UnrealEditor.modules" 817
"../../../Engine/Plugins/MovieScene/SequencerScripting/Binaries/Win64/UnrealEditor.modules" 818
"../../../Engine/Plugins/Runtime/GeometryCache/Binaries/Win64/UnrealEditor.modules" 819
"../../../Engine/Plugins/Animation/DeformerGraph/Binaries/Win64/UnrealEditor.modules" 820
"../../../Engine/Plugins/Runtime/ComputeFramework/Binaries/Win64/UnrealEditor.modules" 821
"../../../Engine/Plugins/ChaosCloth/Binaries/Win64/UnrealEditor.modules" 822
"../../../Engine/Plugins/Experimental/ChaosCaching/Binaries/Win64/UnrealEditor.modules" 823
"../../../Engine/Plugins/VirtualProduction/Takes/Binaries/Win64/UnrealEditor.modules" 824
"../../../Engine/Plugins/Runtime/AudioCapture/Binaries/Win64/UnrealEditor.modules" 825
"../../../Engine/Plugins/ChaosVD/Binaries/Win64/UnrealEditor.modules" 826
"../../../Engine/Plugins/CmdLinkServer/Binaries/Win64/UnrealEditor.modules" 827
"../../../Engine/Plugins/Fab/Binaries/Win64/UnrealEditor.modules" 828
"../../../Engine/Plugins/Interchange/Runtime/Binaries/Win64/UnrealEditor.modules" 829
"../../../Engine/Plugins/Online/EOSShared/Binaries/Win64/UnrealEditor.modules" 830
"../../../Engine/Plugins/Runtime/USDCore/Binaries/Win64/UnrealEditor.modules" 831
"../../../Engine/Plugins/Enterprise/VariantManagerContent/Binaries/Win64/UnrealEditor.modules" 832
"../../../Engine/Plugins/Enterprise/VariantManager/Binaries/Win64/UnrealEditor.modules" 833
"../../../Engine/Plugins/Animation/LiveLink/Binaries/Win64/UnrealEditor.modules" 834
"../../../Engine/Plugins/Developer/Concert/ConcertSync/ConcertSyncClient/Binaries/Win64/UnrealEditor.modules" 835
"../../../Engine/Plugins/Editor/ContentBrowser/ContentBrowserAssetDataSource/Binaries/Win64/UnrealEditor.modules" 836
"../../../Engine/Plugins/Developer/Concert/ConcertSync/ConcertSyncCore/Binaries/Win64/UnrealEditor.modules" 837
"../../../Engine/Plugins/Developer/Concert/ConcertMain/Binaries/Win64/UnrealEditor.modules" 838
"../../../Engine/Plugins/Runtime/Database/SQLiteCore/Binaries/Win64/UnrealEditor.modules" 839
"../../../Engine/Plugins/FastBuildController/Binaries/Win64/UnrealEditor.modules" 840
"../../../Engine/Plugins/MeshPainting/Binaries/Win64/UnrealEditor.modules" 841
"../../../Engine/Plugins/Interchange/Editor/Binaries/Win64/UnrealEditor.modules" 842
"../../../Engine/Plugins/RenderGraphInsights/Binaries/Win64/UnrealEditor.modules" 843
"../../../Engine/Plugins/TraceUtilities/Binaries/Win64/UnrealEditor.modules" 844
"../../../Engine/Plugins/UbaController/Binaries/Win64/UnrealEditor.modules" 845
"../../../Engine/Plugins/WorldMetrics/Binaries/Win64/UnrealEditor.modules" 846
"../../../Engine/Plugins/XGEController/Binaries/Win64/UnrealEditor.modules" 847
"../../../Engine/Plugins/FX/NiagaraSimCaching/Binaries/Win64/UnrealEditor.modules" 848
"../../../Engine/Plugins/MovieScene/ActorSequence/Binaries/Win64/UnrealEditor.modules" 849
"../../../Engine/Plugins/Online/OnlineBase/Binaries/Win64/UnrealEditor.modules" 850
"../../../Engine/Plugins/Online/OnlineSubsystem/Binaries/Win64/UnrealEditor.modules" 851
"../../../Engine/Plugins/Online/OnlineSubsystemNull/Binaries/Win64/UnrealEditor.modules" 852
"../../../Engine/Plugins/Online/OnlineSubsystemUtils/Binaries/Win64/UnrealEditor.modules" 853
"../../../Engine/Plugins/Online/OnlineServices/Binaries/Win64/UnrealEditor.modules" 854
"../../../Engine/Plugins/Portal/LauncherChunkInstaller/Binaries/Win64/UnrealEditor.modules" 855
"../../../Engine/Plugins/2D/Paper2D/Binaries/Win64/UnrealEditor.modules" 856
"../../../Engine/Plugins/AI/AISupport/Binaries/Win64/UnrealEditor.modules" 857
"../../../Engine/Plugins/AI/EnvironmentQueryEditor/Binaries/Win64/UnrealEditor.modules" 858
"../../../Engine/Plugins/Animation/ACLPlugin/Binaries/Win64/UnrealEditor.modules" 859
"../../../Engine/Plugins/Animation/AnimationData/Binaries/Win64/UnrealEditor.modules" 860
"../../../Engine/Plugins/Animation/AnimationModifierLibrary/Binaries/Win64/UnrealEditor.modules" 861
"../../../Engine/Plugins/Animation/BlendSpaceMotionAnalysis/Binaries/Win64/UnrealEditor.modules" 862
"../../../Engine/Plugins/Animation/ControlRigSpline/Binaries/Win64/UnrealEditor.modules" 863
"../../../Engine/Plugins/Animation/IKRig/Binaries/Win64/UnrealEditor.modules" 864
"../../../Engine/Plugins/Experimental/FullBodyIK/Binaries/Win64/UnrealEditor.modules" 865
"../../../Engine/Plugins/Cameras/CameraShakePreviewer/Binaries/Win64/UnrealEditor.modules" 866
"../../../Engine/Plugins/Cameras/GameplayCameras/Binaries/Win64/UnrealEditor.modules" 867
"../../../Engine/Plugins/Runtime/StateTree/Binaries/Win64/UnrealEditor.modules" 868
"../../../Engine/Plugins/MovieScene/TemplateSequence/Binaries/Win64/UnrealEditor.modules" 869
"../../../Engine/Plugins/Cameras/EngineCameras/Binaries/Win64/UnrealEditor.modules" 870
"../../../Engine/Plugins/Compression/OodleNetwork/Binaries/Win64/UnrealEditor.modules" 871
"../../../Engine/Plugins/Developer/AnimationSharing/Binaries/Win64/UnrealEditor.modules" 872
"../../../Engine/Plugins/Runtime/SignificanceManager/Binaries/Win64/UnrealEditor.modules" 873
"../../../Engine/Plugins/Developer/CLionSourceCodeAccess/Binaries/Win64/UnrealEditor.modules" 874
"../../../Engine/Plugins/Developer/DumpGPUServices/Binaries/Win64/UnrealEditor.modules" 875
"../../../Engine/Plugins/Developer/GitSourceControl/Binaries/Win64/UnrealEditor.modules" 876
"../../../Engine/Plugins/Developer/N10XSourceCodeAccess/Binaries/Win64/UnrealEditor.modules" 877
"../../../Engine/Plugins/Developer/PerforceSourceControl/Binaries/Win64/UnrealEditor.modules" 878
"../../../Engine/Plugins/Developer/PixWinPlugin/Binaries/Win64/UnrealEditor.modules" 879
"../../../Engine/Plugins/Developer/PlasticSourceControl/Binaries/Win64/UnrealEditor.modules" 880
"../../../Engine/Plugins/Developer/PluginUtils/Binaries/Win64/UnrealEditor.modules" 881
"../../../Engine/Plugins/Developer/PropertyAccessNode/Binaries/Win64/UnrealEditor.modules" 882
"../../../Engine/Plugins/Developer/RiderSourceCodeAccess/Binaries/Win64/UnrealEditor.modules" 883
"../../../Engine/Plugins/Developer/TextureFormatOodle/Binaries/Win64/UnrealEditor.modules" 884
"../../../Engine/Plugins/Developer/RenderDocPlugin/Binaries/Win64/UnrealEditor.modules" 885
"../../../Engine/Plugins/Developer/UObjectPlugin/Binaries/Win64/UnrealEditor.modules" 886
"../../../Engine/Plugins/Developer/SubversionSourceControl/Binaries/Win64/UnrealEditor.modules" 887
"../../../Engine/Plugins/Developer/VisualStudioSourceCodeAccess/Binaries/Win64/UnrealEditor.modules" 888
"../../../Engine/Plugins/Developer/VisualStudioCodeSourceCodeAccess/Binaries/Win64/UnrealEditor.modules" 889
"../../../Engine/Plugins/Editor/AssetManagerEditor/Binaries/Win64/UnrealEditor.modules" 890
"../../../Engine/Plugins/Editor/BlueprintHeaderView/Binaries/Win64/UnrealEditor.modules" 891
"../../../Engine/Plugins/Editor/ChangelistReview/Binaries/Win64/UnrealEditor.modules" 892
"../../../Engine/Plugins/Editor/CryptoKeys/Binaries/Win64/UnrealEditor.modules" 893
"../../../Engine/Plugins/Editor/ColorGrading/Binaries/Win64/UnrealEditor.modules" 894
"../../../Engine/Plugins/Editor/ObjectMixer/ObjectMixer/Binaries/Win64/UnrealEditor.modules" 895
"../../../Engine/Plugins/Editor/EditorDebugTools/Binaries/Win64/UnrealEditor.modules" 896
"../../../Engine/Plugins/Editor/EngineAssetDefinitions/Binaries/Win64/UnrealEditor.modules" 897
"../../../Engine/Plugins/Editor/GeometryMode/Binaries/Win64/UnrealEditor.modules" 898
"../../../Engine/Plugins/Editor/FacialAnimation/Binaries/Win64/UnrealEditor.modules" 899
"../../../Engine/Plugins/Editor/CurveEditorTools/Binaries/Win64/UnrealEditor.modules" 900
"../../../Engine/Plugins/Editor/MobileLauncherProfileWizard/Binaries/Win64/UnrealEditor.modules" 901
"../../../Engine/Plugins/Editor/MaterialAnalyzer/Binaries/Win64/UnrealEditor.modules" 902
"../../../Engine/Plugins/Editor/PluginBrowser/Binaries/Win64/UnrealEditor.modules" 903
"../../../Engine/Plugins/Editor/SequencerAnimTools/Binaries/Win64/UnrealEditor.modules" 904
"../../../Engine/Plugins/Editor/SpeedTreeImporter/Binaries/Win64/UnrealEditor.modules" 905
"../../../Engine/Plugins/Editor/UMGWidgetPreview/Binaries/Win64/UnrealEditor.modules" 906
"../../../Engine/Plugins/Editor/UVEditor/Binaries/Win64/UnrealEditor.modules" 907
"../../../Engine/Plugins/Editor/WorldPartitionHLODUtilities/Binaries/Win64/UnrealEditor.modules" 908
"../../../Engine/Plugins/Enterprise/DatasmithContent/Binaries/Win64/UnrealEditor.modules" 909
"../../../Engine/Plugins/Enterprise/GLTFExporter/Binaries/Win64/UnrealEditor.modules" 910
"../../../Engine/Plugins/Experimental/AdvancedRenamer/Binaries/Win64/UnrealEditor.modules" 911
"../../../Engine/Plugins/Experimental/AutomationUtils/Binaries/Win64/UnrealEditor.modules" 912
"../../../Engine/Plugins/Experimental/BackChannel/Binaries/Win64/UnrealEditor.modules" 913
"../../../Engine/Plugins/Experimental/ChaosNiagara/Binaries/Win64/UnrealEditor.modules" 914
"../../../Engine/Plugins/Experimental/ChaosSolverPlugin/Binaries/Win64/UnrealEditor.modules" 915
"../../../Engine/Plugins/Experimental/ChaosEditor/Binaries/Win64/UnrealEditor.modules" 916
"../../../Engine/Plugins/Experimental/GeometryCollectionPlugin/Binaries/Win64/UnrealEditor.modules" 917
"../../../Engine/Plugins/Experimental/Fracture/Binaries/Win64/UnrealEditor.modules" 918
"../../../Engine/Plugins/Runtime/ProceduralMeshComponent/Binaries/Win64/UnrealEditor.modules" 919
"../../../Engine/Plugins/Experimental/Dataflow/Binaries/Win64/UnrealEditor.modules" 920
"../../../Engine/Plugins/Experimental/CharacterFXEditor/BaseCharacterFXEditor/Binaries/Win64/UnrealEditor.modules" 921
"../../../Engine/Plugins/Experimental/ChaosUserDataPT/Binaries/Win64/UnrealEditor.modules" 922
"../../../Engine/Plugins/Experimental/CharacterAI/Binaries/Win64/UnrealEditor.modules" 923
"../../../Engine/Plugins/Experimental/EditorDataStorage/Binaries/Win64/UnrealEditor.modules" 924
"../../../Engine/Plugins/Experimental/EditorPerformance/Binaries/Win64/UnrealEditor.modules" 925
"../../../Engine/Plugins/Experimental/StudioTelemetry/Binaries/Win64/UnrealEditor.modules" 926
"../../../Engine/Plugins/Experimental/EditorTelemetry/Binaries/Win64/UnrealEditor.modules" 927
"../../../Engine/Plugins/Experimental/LocalizableMessage/Binaries/Win64/UnrealEditor.modules" 928
"../../../Engine/Plugins/Experimental/NFORDenoise/Binaries/Win64/UnrealEditor.modules" 929
"../../../Engine/Plugins/Experimental/PlatformCrypto/Binaries/Win64/UnrealEditor.modules" 930
"../../../Engine/Plugins/Experimental/SkeletalReduction/Binaries/Win64/UnrealEditor.modules" 931
"../../../Engine/Plugins/Importers/AlembicImporter/Binaries/Win64/UnrealEditor.modules" 932
"../../../Engine/Plugins/Media/AndroidMedia/Binaries/Win64/UnrealEditor.modules" 933
"../../../Engine/Plugins/Media/AvfMedia/Binaries/Win64/UnrealEditor.modules" 934
"../../../Engine/Plugins/Media/ImgMedia/Binaries/Win64/UnrealEditor.modules" 935
"../../../Engine/Plugins/Media/MediaPlayerEditor/Binaries/Win64/UnrealEditor.modules" 936
"../../../Engine/Plugins/Media/MediaPlate/Binaries/Win64/UnrealEditor.modules" 937
"../../../Engine/Plugins/Media/MediaCompositing/Binaries/Win64/UnrealEditor.modules" 938
"../../../Engine/Plugins/Experimental/Compositing/HoldoutComposite/Binaries/Win64/UnrealEditor.modules" 939
"../../../Engine/Plugins/Messaging/TcpMessaging/Binaries/Win64/UnrealEditor.modules" 940
"../../../Engine/Plugins/Messaging/UdpMessaging/Binaries/Win64/UnrealEditor.modules" 941
"../../../Engine/Plugins/NNE/NNEDenoiser/Binaries/Win64/UnrealEditor.modules" 942
"../../../Engine/Plugins/NNE/NNERuntimeORT/Binaries/Win64/UnrealEditor.modules" 943
"../../../Engine/Plugins/Media/WmfMedia/Binaries/Win64/UnrealEditor.modules" 944
"../../../Engine/Plugins/Runtime/ActorLayerUtilities/Binaries/Win64/UnrealEditor.modules" 945
"../../../Engine/Plugins/Runtime/AndroidPermission/Binaries/Win64/UnrealEditor.modules" 946
"../../../Engine/Plugins/Runtime/AndroidFileServer/Binaries/Win64/UnrealEditor.modules" 947
"../../../Engine/Plugins/Runtime/AndroidDeviceProfileSelector/Binaries/Win64/UnrealEditor.modules" 948
"../../../Engine/Plugins/Runtime/AppleImageUtils/Binaries/Win64/UnrealEditor.modules" 949
"../../../Engine/Plugins/Runtime/AssetTags/Binaries/Win64/UnrealEditor.modules" 950
"../../../Engine/Plugins/Runtime/ArchVisCharacter/Binaries/Win64/UnrealEditor.modules" 951
"../../../Engine/Plugins/Runtime/ChunkDownloader/Binaries/Win64/UnrealEditor.modules" 952
"../../../Engine/Plugins/Runtime/CustomMeshComponent/Binaries/Win64/UnrealEditor.modules" 953
"../../../Engine/Plugins/Runtime/CableComponent/Binaries/Win64/UnrealEditor.modules" 954
"../../../Engine/Plugins/Runtime/GooglePAD/Binaries/Win64/UnrealEditor.modules" 955
"../../../Engine/Plugins/Runtime/ExampleDeviceProfileSelector/Binaries/Win64/UnrealEditor.modules" 956
"../../../Engine/Plugins/Runtime/InputDebugging/Binaries/Win64/UnrealEditor.modules" 957
"../../../Engine/Plugins/Runtime/LocationServicesBPLibrary/Binaries/Win64/UnrealEditor.modules" 958
"../../../Engine/Plugins/Runtime/MobilePatchingUtils/Binaries/Win64/UnrealEditor.modules" 959
"../../../Engine/Plugins/Runtime/Metasound/Binaries/Win64/UnrealEditor.modules" 960
"../../../Engine/Plugins/Runtime/AudioWidgets/Binaries/Win64/UnrealEditor.modules" 961
"../../../Engine/Plugins/Runtime/AudioSynesthesia/Binaries/Win64/UnrealEditor.modules" 962
"../../../Engine/Plugins/Runtime/WaveTable/Binaries/Win64/UnrealEditor.modules" 963
"../../../Engine/Plugins/Runtime/MsQuic/Binaries/Win64/UnrealEditor.modules" 964
"../../../Engine/Plugins/Runtime/ResonanceAudio/Binaries/Win64/UnrealEditor.modules" 965
"../../../Engine/Plugins/Runtime/SoundFields/Binaries/Win64/UnrealEditor.modules" 966
"../../../Engine/Plugins/Runtime/Synthesis/Binaries/Win64/UnrealEditor.modules" 967
"../../../Engine/Plugins/Runtime/WebMMoviePlayer/Binaries/Win64/UnrealEditor.modules" 968
"../../../Engine/Plugins/Media/WebMMedia/Binaries/Win64/UnrealEditor.modules" 969
"../../../Engine/Plugins/Runtime/WindowsMoviePlayer/Binaries/Win64/UnrealEditor.modules" 970
"../../../Engine/Plugins/Runtime/WindowsDeviceProfileSelector/Binaries/Win64/UnrealEditor.modules" 971
"../../../Engine/Plugins/Tests/InterchangeTests/Binaries/Win64/UnrealEditor.modules" 972
"../../../Engine/Plugins/Editor/ObjectMixer/LightMixer/Binaries/Win64/UnrealEditor.modules" 973
"../../../Engine/Plugins/Editor/ContentBrowser/ContentBrowserClassDataSource/Binaries/Win64/UnrealEditor.modules" 974
"../../../Engine/Plugins/Runtime/Windows/XInputDevice/Binaries/Win64/UnrealEditor.modules" 975
"../../../Engine/Plugins/Editor/Localization/PortableObjectFileDataSource/Binaries/Win64/UnrealEditor.modules" 976
"../../../Engine/Plugins/Experimental/Animation/SkeletalMeshModelingTools/Binaries/Win64/UnrealEditor.modules" 977
"../../../Engine/Config/BaseSourceControlSettings.ini" 978
"../../../Engine/Content/Internationalization/icudt64l/coll/ucadata.icu" 979
"../../../Engine/Content/Internationalization/icudt64l/coll/ko.res" 980
"../../../Engine/Content/Internationalization/icudt64l/coll/root.res" 981
"../../../Engine/Content/Certificates/ThirdParty/cacert.pem" 982
"../../../Engine/Config/ConsoleVariables.ini" 983
"../../../Engine/Binaries/Win64/Android/UnrealEditor.modules" 984
"../../../Engine/Binaries/Win64/IOS/UnrealEditor.modules" 985
"../../../Engine/Binaries/Win64/Linux/UnrealEditor.modules" 986
"../../../Engine/Binaries/Win64/LinuxArm64/UnrealEditor.modules" 987
"../../../Engine/Content/Localization/Editor/ko/Editor.locres" 988
"../../../Engine/Content/Localization/EditorTutorials/ko/EditorTutorials.locres" 989
"../../../Engine/Content/Localization/Keywords/ko/Keywords.locres" 990
"../../../Engine/Content/Localization/Category/ko/Category.locres" 991
"../../../Engine/Content/Localization/ToolTips/ko/ToolTips.locres" 992
"../../../Engine/Content/Localization/PropertyNames/ko/PropertyNames.locres" 993
"../../../Engine/Content/Localization/Engine/ko/Engine.locres" 994
"../../../Engine/Plugins/Online/OnlineSubsystem/Content/Localization/OnlineSubsystem/ko/OnlineSubsystem.locres" 995
"../../../Engine/Plugins/Online/OnlineSubsystemUtils/Content/Localization/OnlineSubsystemUtils/ko/OnlineSubsystemUtils.locres" 996
"../../../Engine/Plugins/Online/Android/OnlineSubsystemGooglePlay/Content/Localization/OnlineSubsystemGooglePlay/ko/OnlineSubsystemGooglePlay.locres" 997
"../../../Engine/Plugins/Online/IOS/OnlineSubsystemIOS/Content/Localization/OnlineSubsystemIOS/ko/OnlineSubsystemIOS.locres" 998
"../../../Engine/Content/Internationalization/icudt64l/numberingSystems.res" 999
"../../../Engine/Content/Internationalization/icudt64l/curr/supplementalData.res" 1000
"../../../Engine/Content/Internationalization/icudt64l/curr/ko.res" 1001
"../../../Engine/Content/Internationalization/icudt64l/curr/pool.res" 1002
"../../../Engine/Content/Internationalization/icudt64l/curr/root.res" 1003
"../../../Engine/Content/Internationalization/icudt64l/lang/af.res" 1004
"../../../Engine/Content/Internationalization/icudt64l/region/af.res" 1005
"../../../Engine/Content/Internationalization/icudt64l/lang/agq.res" 1006
"../../../Engine/Content/Internationalization/icudt64l/region/agq.res" 1007
"../../../Engine/Content/Internationalization/icudt64l/lang/ak.res" 1008
"../../../Engine/Content/Internationalization/icudt64l/region/ak.res" 1009
"../../../Engine/Content/Internationalization/icudt64l/lang/am.res" 1010
"../../../Engine/Content/Internationalization/icudt64l/region/am.res" 1011
"../../../Engine/Content/Internationalization/icudt64l/lang/ar.res" 1012
"../../../Engine/Content/Internationalization/icudt64l/region/ar.res" 1013
"../../../Engine/Content/Internationalization/icudt64l/region/ar_AE.res" 1014
"../../../Engine/Content/Internationalization/icudt64l/lang/ar_EG.res" 1015
"../../../Engine/Content/Internationalization/icudt64l/lang/ar_LY.res" 1016
"../../../Engine/Content/Internationalization/icudt64l/region/ar_LY.res" 1017
"../../../Engine/Content/Internationalization/icudt64l/lang/ar_SA.res" 1018
"../../../Engine/Content/Internationalization/icudt64l/region/ar_SA.res" 1019
"../../../Engine/Content/Internationalization/icudt64l/lang/as.res" 1020
"../../../Engine/Content/Internationalization/icudt64l/region/as.res" 1021
"../../../Engine/Content/Internationalization/icudt64l/lang/asa.res" 1022
"../../../Engine/Content/Internationalization/icudt64l/region/asa.res" 1023
"../../../Engine/Content/Internationalization/icudt64l/lang/ast.res" 1024
"../../../Engine/Content/Internationalization/icudt64l/region/ast.res" 1025
"../../../Engine/Content/Internationalization/icudt64l/lang/az.res" 1026
"../../../Engine/Content/Internationalization/icudt64l/lang/az_Cyrl.res" 1027
"../../../Engine/Content/Internationalization/icudt64l/lang/az_AZ.res" 1028
"../../../Engine/Content/Internationalization/icudt64l/lang/az_Latn_AZ.res" 1029
"../../../Engine/Content/Internationalization/icudt64l/lang/az_Latn.res" 1030
"../../../Engine/Content/Internationalization/icudt64l/region/az_AZ.res" 1031
"../../../Engine/Content/Internationalization/icudt64l/region/az_Latn_AZ.res" 1032
"../../../Engine/Content/Internationalization/icudt64l/region/az_Latn.res" 1033
"../../../Engine/Content/Internationalization/icudt64l/region/az.res" 1034
"../../../Engine/Content/Internationalization/icudt64l/region/az_Cyrl.res" 1035
"../../../Engine/Content/Internationalization/icudt64l/lang/bas.res" 1036
"../../../Engine/Content/Internationalization/icudt64l/region/bas.res" 1037
"../../../Engine/Content/Internationalization/icudt64l/lang/be.res" 1038
"../../../Engine/Content/Internationalization/icudt64l/region/be.res" 1039
"../../../Engine/Content/Internationalization/icudt64l/lang/bem.res" 1040
"../../../Engine/Content/Internationalization/icudt64l/region/bem.res" 1041
"../../../Engine/Content/Internationalization/icudt64l/lang/bez.res" 1042
"../../../Engine/Content/Internationalization/icudt64l/region/bez.res" 1043
"../../../Engine/Content/Internationalization/icudt64l/lang/bg.res" 1044
"../../../Engine/Content/Internationalization/icudt64l/region/bg.res" 1045
"../../../Engine/Content/Internationalization/icudt64l/lang/bm.res" 1046
"../../../Engine/Content/Internationalization/icudt64l/region/bm.res" 1047
"../../../Engine/Content/Internationalization/icudt64l/lang/bn.res" 1048
"../../../Engine/Content/Internationalization/icudt64l/region/bn.res" 1049
"../../../Engine/Content/Internationalization/icudt64l/lang/bn_IN.res" 1050
"../../../Engine/Content/Internationalization/icudt64l/region/bn_IN.res" 1051
"../../../Engine/Content/Internationalization/icudt64l/lang/bo.res" 1052
"../../../Engine/Content/Internationalization/icudt64l/region/bo.res" 1053
"../../../Engine/Content/Internationalization/icudt64l/region/bo_IN.res" 1054
"../../../Engine/Content/Internationalization/icudt64l/lang/br.res" 1055
"../../../Engine/Content/Internationalization/icudt64l/region/br.res" 1056
"../../../Engine/Content/Internationalization/icudt64l/lang/brx.res" 1057
"../../../Engine/Content/Internationalization/icudt64l/region/brx.res" 1058
"../../../Engine/Content/Internationalization/icudt64l/lang/bs.res" 1059
"../../../Engine/Content/Internationalization/icudt64l/lang/bs_Cyrl.res" 1060
"../../../Engine/Content/Internationalization/icudt64l/lang/bs_BA.res" 1061
"../../../Engine/Content/Internationalization/icudt64l/lang/bs_Latn_BA.res" 1062
"../../../Engine/Content/Internationalization/icudt64l/lang/bs_Latn.res" 1063
"../../../Engine/Content/Internationalization/icudt64l/region/bs_BA.res" 1064
"../../../Engine/Content/Internationalization/icudt64l/region/bs_Latn_BA.res" 1065
"../../../Engine/Content/Internationalization/icudt64l/region/bs_Latn.res" 1066
"../../../Engine/Content/Internationalization/icudt64l/region/bs.res" 1067
"../../../Engine/Content/Internationalization/icudt64l/region/bs_Cyrl.res" 1068
"../../../Engine/Content/Internationalization/icudt64l/lang/ca.res" 1069
"../../../Engine/Content/Internationalization/icudt64l/region/ca.res" 1070
"../../../Engine/Content/Internationalization/icudt64l/lang/ccp.res" 1071
"../../../Engine/Content/Internationalization/icudt64l/region/ccp.res" 1072
"../../../Engine/Content/Internationalization/icudt64l/lang/ce.res" 1073
"../../../Engine/Content/Internationalization/icudt64l/region/ce.res" 1074
"../../../Engine/Content/Internationalization/icudt64l/lang/ceb.res" 1075
"../../../Engine/Content/Internationalization/icudt64l/region/ceb.res" 1076
"../../../Engine/Content/Internationalization/icudt64l/lang/cgg.res" 1077
"../../../Engine/Content/Internationalization/icudt64l/region/cgg.res" 1078
"../../../Engine/Content/Internationalization/icudt64l/lang/chr.res" 1079
"../../../Engine/Content/Internationalization/icudt64l/region/chr.res" 1080
"../../../Engine/Content/Internationalization/icudt64l/lang/ckb.res" 1081
"../../../Engine/Content/Internationalization/icudt64l/region/ckb.res" 1082
"../../../Engine/Content/Internationalization/icudt64l/lang/cs.res" 1083
"../../../Engine/Content/Internationalization/icudt64l/region/cs.res" 1084
"../../../Engine/Content/Internationalization/icudt64l/lang/cy.res" 1085
"../../../Engine/Content/Internationalization/icudt64l/region/cy.res" 1086
"../../../Engine/Content/Internationalization/icudt64l/lang/da.res" 1087
"../../../Engine/Content/Internationalization/icudt64l/region/da.res" 1088
"../../../Engine/Content/Internationalization/icudt64l/lang/dav.res" 1089
"../../../Engine/Content/Internationalization/icudt64l/region/dav.res" 1090
"../../../Engine/Content/Internationalization/icudt64l/lang/de.res" 1091
"../../../Engine/Content/Internationalization/icudt64l/lang/de_AT.res" 1092
"../../../Engine/Content/Internationalization/icudt64l/region/de_AT.res" 1093
"../../../Engine/Content/Internationalization/icudt64l/region/de.res" 1094
"../../../Engine/Content/Internationalization/icudt64l/lang/de_CH.res" 1095
"../../../Engine/Content/Internationalization/icudt64l/region/de_CH.res" 1096
"../../../Engine/Content/Internationalization/icudt64l/lang/de_LU.res" 1097
"../../../Engine/Content/Internationalization/icudt64l/lang/dje.res" 1098
"../../../Engine/Content/Internationalization/icudt64l/region/dje.res" 1099
"../../../Engine/Content/Internationalization/icudt64l/lang/dsb.res" 1100
"../../../Engine/Content/Internationalization/icudt64l/region/dsb.res" 1101
"../../../Engine/Content/Internationalization/icudt64l/lang/dua.res" 1102
"../../../Engine/Content/Internationalization/icudt64l/region/dua.res" 1103
"../../../Engine/Content/Internationalization/icudt64l/lang/dyo.res" 1104
"../../../Engine/Content/Internationalization/icudt64l/region/dyo.res" 1105
"../../../Engine/Content/Internationalization/icudt64l/lang/dz.res" 1106
"../../../Engine/Content/Internationalization/icudt64l/region/dz.res" 1107
"../../../Engine/Content/Internationalization/icudt64l/lang/ebu.res" 1108
"../../../Engine/Content/Internationalization/icudt64l/region/ebu.res" 1109
"../../../Engine/Content/Internationalization/icudt64l/lang/ee.res" 1110
"../../../Engine/Content/Internationalization/icudt64l/region/ee.res" 1111
"../../../Engine/Content/Internationalization/icudt64l/lang/el.res" 1112
"../../../Engine/Content/Internationalization/icudt64l/region/el.res" 1113
"../../../Engine/Content/Internationalization/icudt64l/lang/en_001.res" 1114
"../../../Engine/Content/Internationalization/icudt64l/lang/en_150.res" 1115
"../../../Engine/Content/Internationalization/icudt64l/region/en_150.res" 1116
"../../../Engine/Content/Internationalization/icudt64l/lang/en_AG.res" 1117
"../../../Engine/Content/Internationalization/icudt64l/region/en_AG.res" 1118
"../../../Engine/Content/Internationalization/icudt64l/lang/en_AI.res" 1119
"../../../Engine/Content/Internationalization/icudt64l/region/en_AI.res" 1120
"../../../Engine/Content/Internationalization/icudt64l/lang/en_AT.res" 1121
"../../../Engine/Content/Internationalization/icudt64l/region/en_AT.res" 1122
"../../../Engine/Content/Internationalization/icudt64l/lang/en_AU.res" 1123
"../../../Engine/Content/Internationalization/icudt64l/region/en_AU.res" 1124
"../../../Engine/Content/Internationalization/icudt64l/lang/en_BB.res" 1125
"../../../Engine/Content/Internationalization/icudt64l/region/en_BB.res" 1126
"../../../Engine/Content/Internationalization/icudt64l/lang/en_BE.res" 1127
"../../../Engine/Content/Internationalization/icudt64l/region/en_BE.res" 1128
"../../../Engine/Content/Internationalization/icudt64l/lang/en_BM.res" 1129
"../../../Engine/Content/Internationalization/icudt64l/region/en_BM.res" 1130
"../../../Engine/Content/Internationalization/icudt64l/lang/en_BS.res" 1131
"../../../Engine/Content/Internationalization/icudt64l/region/en_BS.res" 1132
"../../../Engine/Content/Internationalization/icudt64l/lang/en_BW.res" 1133
"../../../Engine/Content/Internationalization/icudt64l/region/en_BW.res" 1134
"../../../Engine/Content/Internationalization/icudt64l/lang/en_BZ.res" 1135
"../../../Engine/Content/Internationalization/icudt64l/region/en_BZ.res" 1136
"../../../Engine/Content/Internationalization/icudt64l/lang/en_CA.res" 1137
"../../../Engine/Content/Internationalization/icudt64l/region/en_CA.res" 1138
"../../../Engine/Content/Internationalization/icudt64l/lang/en_CC.res" 1139
"../../../Engine/Content/Internationalization/icudt64l/region/en_CC.res" 1140
"../../../Engine/Content/Internationalization/icudt64l/lang/en_CH.res" 1141
"../../../Engine/Content/Internationalization/icudt64l/region/en_CH.res" 1142
"../../../Engine/Content/Internationalization/icudt64l/lang/en_CK.res" 1143
"../../../Engine/Content/Internationalization/icudt64l/region/en_CK.res" 1144
"../../../Engine/Content/Internationalization/icudt64l/lang/en_CM.res" 1145
"../../../Engine/Content/Internationalization/icudt64l/region/en_CM.res" 1146
"../../../Engine/Content/Internationalization/icudt64l/lang/en_CX.res" 1147
"../../../Engine/Content/Internationalization/icudt64l/region/en_CX.res" 1148
"../../../Engine/Content/Internationalization/icudt64l/lang/en_CY.res" 1149
"../../../Engine/Content/Internationalization/icudt64l/region/en_CY.res" 1150
"../../../Engine/Content/Internationalization/icudt64l/lang/en_DE.res" 1151
"../../../Engine/Content/Internationalization/icudt64l/region/en_DE.res" 1152
"../../../Engine/Content/Internationalization/icudt64l/lang/en_DG.res" 1153
"../../../Engine/Content/Internationalization/icudt64l/region/en_DG.res" 1154
"../../../Engine/Content/Internationalization/icudt64l/lang/en_DK.res" 1155
"../../../Engine/Content/Internationalization/icudt64l/region/en_DK.res" 1156
"../../../Engine/Content/Internationalization/icudt64l/lang/en_DM.res" 1157
"../../../Engine/Content/Internationalization/icudt64l/region/en_DM.res" 1158
"../../../Engine/Content/Internationalization/icudt64l/lang/en_ER.res" 1159
"../../../Engine/Content/Internationalization/icudt64l/region/en_ER.res" 1160
"../../../Engine/Content/Internationalization/icudt64l/lang/en_FI.res" 1161
"../../../Engine/Content/Internationalization/icudt64l/region/en_FI.res" 1162
"../../../Engine/Content/Internationalization/icudt64l/lang/en_FJ.res" 1163
"../../../Engine/Content/Internationalization/icudt64l/region/en_FJ.res" 1164
"../../../Engine/Content/Internationalization/icudt64l/lang/en_FK.res" 1165
"../../../Engine/Content/Internationalization/icudt64l/region/en_FK.res" 1166
"../../../Engine/Content/Internationalization/icudt64l/lang/en_FM.res" 1167
"../../../Engine/Content/Internationalization/icudt64l/region/en_FM.res" 1168
"../../../Engine/Content/Internationalization/icudt64l/lang/en_GB.res" 1169
"../../../Engine/Content/Internationalization/icudt64l/region/en_GB.res" 1170
"../../../Engine/Content/Internationalization/icudt64l/lang/en_GD.res" 1171
"../../../Engine/Content/Internationalization/icudt64l/region/en_GD.res" 1172
"../../../Engine/Content/Internationalization/icudt64l/lang/en_GG.res" 1173
"../../../Engine/Content/Internationalization/icudt64l/region/en_GG.res" 1174
"../../../Engine/Content/Internationalization/icudt64l/lang/en_GH.res" 1175
"../../../Engine/Content/Internationalization/icudt64l/region/en_GH.res" 1176
"../../../Engine/Content/Internationalization/icudt64l/lang/en_GI.res" 1177
"../../../Engine/Content/Internationalization/icudt64l/region/en_GI.res" 1178
"../../../Engine/Content/Internationalization/icudt64l/lang/en_GM.res" 1179
"../../../Engine/Content/Internationalization/icudt64l/region/en_GM.res" 1180
"../../../Engine/Content/Internationalization/icudt64l/lang/en_GY.res" 1181
"../../../Engine/Content/Internationalization/icudt64l/region/en_GY.res" 1182
"../../../Engine/Content/Internationalization/icudt64l/lang/en_HK.res" 1183
"../../../Engine/Content/Internationalization/icudt64l/region/en_HK.res" 1184
"../../../Engine/Content/Internationalization/icudt64l/lang/en_IE.res" 1185
"../../../Engine/Content/Internationalization/icudt64l/region/en_IE.res" 1186
"../../../Engine/Content/Internationalization/icudt64l/lang/en_IL.res" 1187
"../../../Engine/Content/Internationalization/icudt64l/region/en_IL.res" 1188
"../../../Engine/Content/Internationalization/icudt64l/lang/en_IM.res" 1189
"../../../Engine/Content/Internationalization/icudt64l/region/en_IM.res" 1190
"../../../Engine/Content/Internationalization/icudt64l/lang/en_IN.res" 1191
"../../../Engine/Content/Internationalization/icudt64l/region/en_IN.res" 1192
"../../../Engine/Content/Internationalization/icudt64l/lang/en_IO.res" 1193
"../../../Engine/Content/Internationalization/icudt64l/region/en_IO.res" 1194
"../../../Engine/Content/Internationalization/icudt64l/lang/en_JE.res" 1195
"../../../Engine/Content/Internationalization/icudt64l/region/en_JE.res" 1196
"../../../Engine/Content/Internationalization/icudt64l/lang/en_JM.res" 1197
"../../../Engine/Content/Internationalization/icudt64l/region/en_JM.res" 1198
"../../../Engine/Content/Internationalization/icudt64l/lang/en_KE.res" 1199
"../../../Engine/Content/Internationalization/icudt64l/region/en_KE.res" 1200
"../../../Engine/Content/Internationalization/icudt64l/lang/en_KI.res" 1201
"../../../Engine/Content/Internationalization/icudt64l/region/en_KI.res" 1202
"../../../Engine/Content/Internationalization/icudt64l/lang/en_KN.res" 1203
"../../../Engine/Content/Internationalization/icudt64l/region/en_KN.res" 1204
"../../../Engine/Content/Internationalization/icudt64l/lang/en_KY.res" 1205
"../../../Engine/Content/Internationalization/icudt64l/region/en_KY.res" 1206
"../../../Engine/Content/Internationalization/icudt64l/lang/en_LC.res" 1207
"../../../Engine/Content/Internationalization/icudt64l/region/en_LC.res" 1208
"../../../Engine/Content/Internationalization/icudt64l/lang/en_LR.res" 1209
"../../../Engine/Content/Internationalization/icudt64l/region/en_LR.res" 1210
"../../../Engine/Content/Internationalization/icudt64l/lang/en_LS.res" 1211
"../../../Engine/Content/Internationalization/icudt64l/region/en_LS.res" 1212
"../../../Engine/Content/Internationalization/icudt64l/lang/en_MG.res" 1213
"../../../Engine/Content/Internationalization/icudt64l/region/en_MG.res" 1214
"../../../Engine/Content/Internationalization/icudt64l/lang/en_MO.res" 1215
"../../../Engine/Content/Internationalization/icudt64l/region/en_MO.res" 1216
"../../../Engine/Content/Internationalization/icudt64l/lang/en_MS.res" 1217
"../../../Engine/Content/Internationalization/icudt64l/region/en_MS.res" 1218
"../../../Engine/Content/Internationalization/icudt64l/lang/en_MT.res" 1219
"../../../Engine/Content/Internationalization/icudt64l/region/en_MT.res" 1220
"../../../Engine/Content/Internationalization/icudt64l/lang/en_MU.res" 1221
"../../../Engine/Content/Internationalization/icudt64l/region/en_MU.res" 1222
"../../../Engine/Content/Internationalization/icudt64l/lang/en_MW.res" 1223
"../../../Engine/Content/Internationalization/icudt64l/region/en_MW.res" 1224
"../../../Engine/Content/Internationalization/icudt64l/lang/en_MY.res" 1225
"../../../Engine/Content/Internationalization/icudt64l/region/en_MY.res" 1226
"../../../Engine/Content/Internationalization/icudt64l/lang/en_NA.res" 1227
"../../../Engine/Content/Internationalization/icudt64l/region/en_NA.res" 1228
"../../../Engine/Content/Internationalization/icudt64l/lang/en_NF.res" 1229
"../../../Engine/Content/Internationalization/icudt64l/region/en_NF.res" 1230
"../../../Engine/Content/Internationalization/icudt64l/lang/en_NG.res" 1231
"../../../Engine/Content/Internationalization/icudt64l/region/en_NG.res" 1232
"../../../Engine/Content/Internationalization/icudt64l/lang/en_NL.res" 1233
"../../../Engine/Content/Internationalization/icudt64l/region/en_NL.res" 1234
"../../../Engine/Content/Internationalization/icudt64l/lang/en_NR.res" 1235
"../../../Engine/Content/Internationalization/icudt64l/region/en_NR.res" 1236
"../../../Engine/Content/Internationalization/icudt64l/lang/en_NU.res" 1237
"../../../Engine/Content/Internationalization/icudt64l/region/en_NU.res" 1238
"../../../Engine/Content/Internationalization/icudt64l/lang/en_NZ.res" 1239
"../../../Engine/Content/Internationalization/icudt64l/region/en_NZ.res" 1240
"../../../Engine/Content/Internationalization/icudt64l/lang/en_PG.res" 1241
"../../../Engine/Content/Internationalization/icudt64l/region/en_PG.res" 1242
"../../../Engine/Content/Internationalization/icudt64l/lang/en_PH.res" 1243
"../../../Engine/Content/Internationalization/icudt64l/region/en_PH.res" 1244
"../../../Engine/Content/Internationalization/icudt64l/lang/en_PK.res" 1245
"../../../Engine/Content/Internationalization/icudt64l/region/en_PK.res" 1246
"../../../Engine/Content/Internationalization/icudt64l/lang/en_PN.res" 1247
"../../../Engine/Content/Internationalization/icudt64l/region/en_PN.res" 1248
"../../../Engine/Content/Internationalization/icudt64l/lang/en_PW.res" 1249
"../../../Engine/Content/Internationalization/icudt64l/region/en_PW.res" 1250
"../../../Engine/Content/Internationalization/icudt64l/lang/en_RW.res" 1251
"../../../Engine/Content/Internationalization/icudt64l/region/en_RW.res" 1252
"../../../Engine/Content/Internationalization/icudt64l/lang/en_SB.res" 1253
"../../../Engine/Content/Internationalization/icudt64l/region/en_SB.res" 1254
"../../../Engine/Content/Internationalization/icudt64l/lang/en_SC.res" 1255
"../../../Engine/Content/Internationalization/icudt64l/region/en_SC.res" 1256
"../../../Engine/Content/Internationalization/icudt64l/lang/en_SD.res" 1257
"../../../Engine/Content/Internationalization/icudt64l/region/en_SD.res" 1258
"../../../Engine/Content/Internationalization/icudt64l/lang/en_SE.res" 1259
"../../../Engine/Content/Internationalization/icudt64l/region/en_SE.res" 1260
"../../../Engine/Content/Internationalization/icudt64l/lang/en_SG.res" 1261
"../../../Engine/Content/Internationalization/icudt64l/region/en_SG.res" 1262
"../../../Engine/Content/Internationalization/icudt64l/lang/en_SH.res" 1263
"../../../Engine/Content/Internationalization/icudt64l/region/en_SH.res" 1264
"../../../Engine/Content/Internationalization/icudt64l/lang/en_SI.res" 1265
"../../../Engine/Content/Internationalization/icudt64l/region/en_SI.res" 1266
"../../../Engine/Content/Internationalization/icudt64l/lang/en_SL.res" 1267
"../../../Engine/Content/Internationalization/icudt64l/region/en_SL.res" 1268
"../../../Engine/Content/Internationalization/icudt64l/lang/en_SS.res" 1269
"../../../Engine/Content/Internationalization/icudt64l/region/en_SS.res" 1270
"../../../Engine/Content/Internationalization/icudt64l/lang/en_SX.res" 1271
"../../../Engine/Content/Internationalization/icudt64l/region/en_SX.res" 1272
"../../../Engine/Content/Internationalization/icudt64l/lang/en_SZ.res" 1273
"../../../Engine/Content/Internationalization/icudt64l/region/en_SZ.res" 1274
"../../../Engine/Content/Internationalization/icudt64l/lang/en_TC.res" 1275
"../../../Engine/Content/Internationalization/icudt64l/region/en_TC.res" 1276
"../../../Engine/Content/Internationalization/icudt64l/lang/en_TK.res" 1277
"../../../Engine/Content/Internationalization/icudt64l/region/en_TK.res" 1278
"../../../Engine/Content/Internationalization/icudt64l/lang/en_TO.res" 1279
"../../../Engine/Content/Internationalization/icudt64l/region/en_TO.res" 1280
"../../../Engine/Content/Internationalization/icudt64l/lang/en_TT.res" 1281
"../../../Engine/Content/Internationalization/icudt64l/region/en_TT.res" 1282
"../../../Engine/Content/Internationalization/icudt64l/lang/en_TV.res" 1283
"../../../Engine/Content/Internationalization/icudt64l/region/en_TV.res" 1284
"../../../Engine/Content/Internationalization/icudt64l/lang/en_TZ.res" 1285
"../../../Engine/Content/Internationalization/icudt64l/region/en_TZ.res" 1286
"../../../Engine/Content/Internationalization/icudt64l/lang/en_UG.res" 1287
"../../../Engine/Content/Internationalization/icudt64l/region/en_UG.res" 1288
"../../../Engine/Content/Internationalization/icudt64l/lang/en_VC.res" 1289
"../../../Engine/Content/Internationalization/icudt64l/region/en_VC.res" 1290
"../../../Engine/Content/Internationalization/icudt64l/lang/en_VG.res" 1291
"../../../Engine/Content/Internationalization/icudt64l/region/en_VG.res" 1292
"../../../Engine/Content/Internationalization/icudt64l/lang/en_VU.res" 1293
"../../../Engine/Content/Internationalization/icudt64l/region/en_VU.res" 1294
"../../../Engine/Content/Internationalization/icudt64l/lang/en_WS.res" 1295
"../../../Engine/Content/Internationalization/icudt64l/region/en_WS.res" 1296
"../../../Engine/Content/Internationalization/icudt64l/lang/en_ZA.res" 1297
"../../../Engine/Content/Internationalization/icudt64l/region/en_ZA.res" 1298
"../../../Engine/Content/Internationalization/icudt64l/lang/en_ZM.res" 1299
"../../../Engine/Content/Internationalization/icudt64l/region/en_ZM.res" 1300
"../../../Engine/Content/Internationalization/icudt64l/lang/en_ZW.res" 1301
"../../../Engine/Content/Internationalization/icudt64l/region/en_ZW.res" 1302
"../../../Engine/Content/Internationalization/icudt64l/lang/eo.res" 1303
"../../../Engine/Content/Internationalization/icudt64l/region/eo.res" 1304
"../../../Engine/Content/Internationalization/icudt64l/lang/es.res" 1305
"../../../Engine/Content/Internationalization/icudt64l/lang/es_419.res" 1306
"../../../Engine/Content/Internationalization/icudt64l/region/es_419.res" 1307
"../../../Engine/Content/Internationalization/icudt64l/region/es.res" 1308
"../../../Engine/Content/Internationalization/icudt64l/lang/es_AR.res" 1309
"../../../Engine/Content/Internationalization/icudt64l/region/es_AR.res" 1310
"../../../Engine/Content/Internationalization/icudt64l/lang/es_BO.res" 1311
"../../../Engine/Content/Internationalization/icudt64l/region/es_BO.res" 1312
"../../../Engine/Content/Internationalization/icudt64l/lang/es_BR.res" 1313
"../../../Engine/Content/Internationalization/icudt64l/region/es_BR.res" 1314
"../../../Engine/Content/Internationalization/icudt64l/lang/es_BZ.res" 1315
"../../../Engine/Content/Internationalization/icudt64l/region/es_BZ.res" 1316
"../../../Engine/Content/Internationalization/icudt64l/lang/es_CL.res" 1317
"../../../Engine/Content/Internationalization/icudt64l/region/es_CL.res" 1318
"../../../Engine/Content/Internationalization/icudt64l/lang/es_CO.res" 1319
"../../../Engine/Content/Internationalization/icudt64l/region/es_CO.res" 1320
"../../../Engine/Content/Internationalization/icudt64l/lang/es_CR.res" 1321
"../../../Engine/Content/Internationalization/icudt64l/region/es_CR.res" 1322
"../../../Engine/Content/Internationalization/icudt64l/lang/es_CU.res" 1323
"../../../Engine/Content/Internationalization/icudt64l/region/es_CU.res" 1324
"../../../Engine/Content/Internationalization/icudt64l/lang/es_DO.res" 1325
"../../../Engine/Content/Internationalization/icudt64l/region/es_DO.res" 1326
"../../../Engine/Content/Internationalization/icudt64l/lang/es_EC.res" 1327
"../../../Engine/Content/Internationalization/icudt64l/region/es_EC.res" 1328
"../../../Engine/Content/Internationalization/icudt64l/lang/es_GT.res" 1329
"../../../Engine/Content/Internationalization/icudt64l/region/es_GT.res" 1330
"../../../Engine/Content/Internationalization/icudt64l/lang/es_HN.res" 1331
"../../../Engine/Content/Internationalization/icudt64l/region/es_HN.res" 1332
"../../../Engine/Content/Internationalization/icudt64l/lang/es_MX.res" 1333
"../../../Engine/Content/Internationalization/icudt64l/region/es_MX.res" 1334
"../../../Engine/Content/Internationalization/icudt64l/lang/es_NI.res" 1335
"../../../Engine/Content/Internationalization/icudt64l/region/es_NI.res" 1336
"../../../Engine/Content/Internationalization/icudt64l/lang/es_PA.res" 1337
"../../../Engine/Content/Internationalization/icudt64l/region/es_PA.res" 1338
"../../../Engine/Content/Internationalization/icudt64l/lang/es_PE.res" 1339
"../../../Engine/Content/Internationalization/icudt64l/region/es_PE.res" 1340
"../../../Engine/Content/Internationalization/icudt64l/lang/es_PR.res" 1341
"../../../Engine/Content/Internationalization/icudt64l/region/es_PR.res" 1342
"../../../Engine/Content/Internationalization/icudt64l/lang/es_PY.res" 1343
"../../../Engine/Content/Internationalization/icudt64l/region/es_PY.res" 1344
"../../../Engine/Content/Internationalization/icudt64l/lang/es_SV.res" 1345
"../../../Engine/Content/Internationalization/icudt64l/region/es_SV.res" 1346
"../../../Engine/Content/Internationalization/icudt64l/lang/es_US.res" 1347
"../../../Engine/Content/Internationalization/icudt64l/region/es_US.res" 1348
"../../../Engine/Content/Internationalization/icudt64l/lang/es_UY.res" 1349
"../../../Engine/Content/Internationalization/icudt64l/region/es_UY.res" 1350
"../../../Engine/Content/Internationalization/icudt64l/lang/es_VE.res" 1351
"../../../Engine/Content/Internationalization/icudt64l/region/es_VE.res" 1352
"../../../Engine/Content/Internationalization/icudt64l/lang/et.res" 1353
"../../../Engine/Content/Internationalization/icudt64l/region/et.res" 1354
"../../../Engine/Content/Internationalization/icudt64l/lang/eu.res" 1355
"../../../Engine/Content/Internationalization/icudt64l/region/eu.res" 1356
"../../../Engine/Content/Internationalization/icudt64l/lang/ewo.res" 1357
"../../../Engine/Content/Internationalization/icudt64l/region/ewo.res" 1358
"../../../Engine/Content/Internationalization/icudt64l/lang/fa.res" 1359
"../../../Engine/Content/Internationalization/icudt64l/lang/fa_AF.res" 1360
"../../../Engine/Content/Internationalization/icudt64l/region/fa_AF.res" 1361
"../../../Engine/Content/Internationalization/icudt64l/region/fa.res" 1362
"../../../Engine/Content/Internationalization/icudt64l/lang/ff.res" 1363
"../../../Engine/Content/Internationalization/icudt64l/lang/ff_Latn.res" 1364
"../../../Engine/Content/Internationalization/icudt64l/region/ff.res" 1365
"../../../Engine/Content/Internationalization/icudt64l/region/ff_Latn.res" 1366
"../../../Engine/Content/Internationalization/icudt64l/lang/ff_CM.res" 1367
"../../../Engine/Content/Internationalization/icudt64l/lang/ff_Latn_CM.res" 1368
"../../../Engine/Content/Internationalization/icudt64l/region/ff_CM.res" 1369
"../../../Engine/Content/Internationalization/icudt64l/region/ff_Latn_CM.res" 1370
"../../../Engine/Content/Internationalization/icudt64l/lang/ff_GN.res" 1371
"../../../Engine/Content/Internationalization/icudt64l/lang/ff_Latn_GN.res" 1372
"../../../Engine/Content/Internationalization/icudt64l/region/ff_GN.res" 1373
"../../../Engine/Content/Internationalization/icudt64l/region/ff_Latn_GN.res" 1374
"../../../Engine/Content/Internationalization/icudt64l/lang/ff_MR.res" 1375
"../../../Engine/Content/Internationalization/icudt64l/lang/ff_Latn_MR.res" 1376
"../../../Engine/Content/Internationalization/icudt64l/region/ff_MR.res" 1377
"../../../Engine/Content/Internationalization/icudt64l/region/ff_Latn_MR.res" 1378
"../../../Engine/Content/Internationalization/icudt64l/lang/ff_SN.res" 1379
"../../../Engine/Content/Internationalization/icudt64l/lang/ff_Latn_SN.res" 1380
"../../../Engine/Content/Internationalization/icudt64l/region/ff_SN.res" 1381
"../../../Engine/Content/Internationalization/icudt64l/region/ff_Latn_SN.res" 1382
"../../../Engine/Content/Internationalization/icudt64l/lang/fi.res" 1383
"../../../Engine/Content/Internationalization/icudt64l/region/fi.res" 1384
"../../../Engine/Content/Internationalization/icudt64l/lang/fil.res" 1385
"../../../Engine/Content/Internationalization/icudt64l/lang/fil_PH.res" 1386
"../../../Engine/Content/Internationalization/icudt64l/region/fil_PH.res" 1387
"../../../Engine/Content/Internationalization/icudt64l/region/fil.res" 1388
"../../../Engine/Content/Internationalization/icudt64l/lang/fo.res" 1389
"../../../Engine/Content/Internationalization/icudt64l/region/fo.res" 1390
"../../../Engine/Content/Internationalization/icudt64l/lang/fr.res" 1391
"../../../Engine/Content/Internationalization/icudt64l/lang/fr_BE.res" 1392
"../../../Engine/Content/Internationalization/icudt64l/region/fr_BE.res" 1393
"../../../Engine/Content/Internationalization/icudt64l/region/fr.res" 1394
"../../../Engine/Content/Internationalization/icudt64l/lang/fr_CA.res" 1395
"../../../Engine/Content/Internationalization/icudt64l/region/fr_CA.res" 1396
"../../../Engine/Content/Internationalization/icudt64l/lang/fr_CH.res" 1397
"../../../Engine/Content/Internationalization/icudt64l/lang/fur.res" 1398
"../../../Engine/Content/Internationalization/icudt64l/region/fur.res" 1399
"../../../Engine/Content/Internationalization/icudt64l/lang/fy.res" 1400
"../../../Engine/Content/Internationalization/icudt64l/region/fy.res" 1401
"../../../Engine/Content/Internationalization/icudt64l/lang/ga.res" 1402
"../../../Engine/Content/Internationalization/icudt64l/region/ga.res" 1403
"../../../Engine/Content/Internationalization/icudt64l/lang/gd.res" 1404
"../../../Engine/Content/Internationalization/icudt64l/region/gd.res" 1405
"../../../Engine/Content/Internationalization/icudt64l/lang/gl.res" 1406
"../../../Engine/Content/Internationalization/icudt64l/region/gl.res" 1407
"../../../Engine/Content/Internationalization/icudt64l/lang/gsw.res" 1408
"../../../Engine/Content/Internationalization/icudt64l/region/gsw.res" 1409
"../../../Engine/Content/Internationalization/icudt64l/lang/gu.res" 1410
"../../../Engine/Content/Internationalization/icudt64l/region/gu.res" 1411
"../../../Engine/Content/Internationalization/icudt64l/lang/guz.res" 1412
"../../../Engine/Content/Internationalization/icudt64l/region/guz.res" 1413
"../../../Engine/Content/Internationalization/icudt64l/lang/gv.res" 1414
"../../../Engine/Content/Internationalization/icudt64l/region/gv.res" 1415
"../../../Engine/Content/Internationalization/icudt64l/lang/ha.res" 1416
"../../../Engine/Content/Internationalization/icudt64l/region/ha.res" 1417
"../../../Engine/Content/Internationalization/icudt64l/lang/ha_NE.res" 1418
"../../../Engine/Content/Internationalization/icudt64l/region/ha_NE.res" 1419
"../../../Engine/Content/Internationalization/icudt64l/lang/haw.res" 1420
"../../../Engine/Content/Internationalization/icudt64l/region/haw.res" 1421
"../../../Engine/Content/Internationalization/icudt64l/lang/he.res" 1422
"../../../Engine/Content/Internationalization/icudt64l/lang/he_IL.res" 1423
"../../../Engine/Content/Internationalization/icudt64l/region/he_IL.res" 1424
"../../../Engine/Content/Internationalization/icudt64l/region/he.res" 1425
"../../../Engine/Content/Internationalization/icudt64l/lang/hi.res" 1426
"../../../Engine/Content/Internationalization/icudt64l/region/hi.res" 1427
"../../../Engine/Content/Internationalization/icudt64l/lang/hr.res" 1428
"../../../Engine/Content/Internationalization/icudt64l/region/hr.res" 1429
"../../../Engine/Content/Internationalization/icudt64l/lang/hsb.res" 1430
"../../../Engine/Content/Internationalization/icudt64l/region/hsb.res" 1431
"../../../Engine/Content/Internationalization/icudt64l/lang/hu.res" 1432
"../../../Engine/Content/Internationalization/icudt64l/region/hu.res" 1433
"../../../Engine/Content/Internationalization/icudt64l/lang/hy.res" 1434
"../../../Engine/Content/Internationalization/icudt64l/region/hy.res" 1435
"../../../Engine/Content/Internationalization/icudt64l/lang/ia.res" 1436
"../../../Engine/Content/Internationalization/icudt64l/region/ia.res" 1437
"../../../Engine/Content/Internationalization/icudt64l/lang/id.res" 1438
"../../../Engine/Content/Internationalization/icudt64l/lang/id_ID.res" 1439
"../../../Engine/Content/Internationalization/icudt64l/region/id_ID.res" 1440
"../../../Engine/Content/Internationalization/icudt64l/region/id.res" 1441
"../../../Engine/Content/Internationalization/icudt64l/lang/ig.res" 1442
"../../../Engine/Content/Internationalization/icudt64l/region/ig.res" 1443
"../../../Engine/Content/Internationalization/icudt64l/lang/ii.res" 1444
"../../../Engine/Content/Internationalization/icudt64l/region/ii.res" 1445
"../../../Engine/Content/Internationalization/icudt64l/lang/is.res" 1446
"../../../Engine/Content/Internationalization/icudt64l/region/is.res" 1447
"../../../Engine/Content/Internationalization/icudt64l/lang/it.res" 1448
"../../../Engine/Content/Internationalization/icudt64l/region/it.res" 1449
"../../../Engine/Content/Internationalization/icudt64l/lang/ja.res" 1450
"../../../Engine/Content/Internationalization/icudt64l/lang/ja_JP.res" 1451
"../../../Engine/Content/Internationalization/icudt64l/region/ja_JP.res" 1452
"../../../Engine/Content/Internationalization/icudt64l/region/ja.res" 1453
"../../../Engine/Content/Internationalization/icudt64l/lang/jgo.res" 1454
"../../../Engine/Content/Internationalization/icudt64l/region/jgo.res" 1455
"../../../Engine/Content/Internationalization/icudt64l/lang/jmc.res" 1456
"../../../Engine/Content/Internationalization/icudt64l/region/jmc.res" 1457
"../../../Engine/Content/Internationalization/icudt64l/lang/jv.res" 1458
"../../../Engine/Content/Internationalization/icudt64l/region/jv.res" 1459
"../../../Engine/Content/Internationalization/icudt64l/lang/ka.res" 1460
"../../../Engine/Content/Internationalization/icudt64l/region/ka.res" 1461
"../../../Engine/Content/Internationalization/icudt64l/lang/kab.res" 1462
"../../../Engine/Content/Internationalization/icudt64l/region/kab.res" 1463
"../../../Engine/Content/Internationalization/icudt64l/lang/kam.res" 1464
"../../../Engine/Content/Internationalization/icudt64l/region/kam.res" 1465
"../../../Engine/Content/Internationalization/icudt64l/lang/kde.res" 1466
"../../../Engine/Content/Internationalization/icudt64l/region/kde.res" 1467
"../../../Engine/Content/Internationalization/icudt64l/lang/kea.res" 1468
"../../../Engine/Content/Internationalization/icudt64l/region/kea.res" 1469
"../../../Engine/Content/Internationalization/icudt64l/lang/khq.res" 1470
"../../../Engine/Content/Internationalization/icudt64l/region/khq.res" 1471
"../../../Engine/Content/Internationalization/icudt64l/lang/ki.res" 1472
"../../../Engine/Content/Internationalization/icudt64l/region/ki.res" 1473
"../../../Engine/Content/Internationalization/icudt64l/lang/kk.res" 1474
"../../../Engine/Content/Internationalization/icudt64l/region/kk.res" 1475
"../../../Engine/Content/Internationalization/icudt64l/lang/kkj.res" 1476
"../../../Engine/Content/Internationalization/icudt64l/region/kkj.res" 1477
"../../../Engine/Content/Internationalization/icudt64l/lang/kl.res" 1478
"../../../Engine/Content/Internationalization/icudt64l/region/kl.res" 1479
"../../../Engine/Content/Internationalization/icudt64l/lang/kln.res" 1480
"../../../Engine/Content/Internationalization/icudt64l/region/kln.res" 1481
"../../../Engine/Content/Internationalization/icudt64l/lang/km.res" 1482
"../../../Engine/Content/Internationalization/icudt64l/region/km.res" 1483
"../../../Engine/Content/Internationalization/icudt64l/lang/kn.res" 1484
"../../../Engine/Content/Internationalization/icudt64l/region/kn.res" 1485
"../../../Engine/Content/Internationalization/icudt64l/region/ko_KP.res" 1486
"../../../Engine/Content/Internationalization/icudt64l/lang/kok.res" 1487
"../../../Engine/Content/Internationalization/icudt64l/region/kok.res" 1488
"../../../Engine/Content/Internationalization/icudt64l/lang/ks.res" 1489
"../../../Engine/Content/Internationalization/icudt64l/region/ks.res" 1490
"../../../Engine/Content/Internationalization/icudt64l/lang/ksb.res" 1491
"../../../Engine/Content/Internationalization/icudt64l/region/ksb.res" 1492
"../../../Engine/Content/Internationalization/icudt64l/lang/ksf.res" 1493
"../../../Engine/Content/Internationalization/icudt64l/region/ksf.res" 1494
"../../../Engine/Content/Internationalization/icudt64l/lang/ksh.res" 1495
"../../../Engine/Content/Internationalization/icudt64l/region/ksh.res" 1496
"../../../Engine/Content/Internationalization/icudt64l/lang/ku.res" 1497
"../../../Engine/Content/Internationalization/icudt64l/region/ku.res" 1498
"../../../Engine/Content/Internationalization/icudt64l/lang/kw.res" 1499
"../../../Engine/Content/Internationalization/icudt64l/region/kw.res" 1500
"../../../Engine/Content/Internationalization/icudt64l/lang/ky.res" 1501
"../../../Engine/Content/Internationalization/icudt64l/region/ky.res" 1502
"../../../Engine/Content/Internationalization/icudt64l/lang/lag.res" 1503
"../../../Engine/Content/Internationalization/icudt64l/region/lag.res" 1504
"../../../Engine/Content/Internationalization/icudt64l/lang/lb.res" 1505
"../../../Engine/Content/Internationalization/icudt64l/region/lb.res" 1506
"../../../Engine/Content/Internationalization/icudt64l/lang/lg.res" 1507
"../../../Engine/Content/Internationalization/icudt64l/region/lg.res" 1508
"../../../Engine/Content/Internationalization/icudt64l/lang/lkt.res" 1509
"../../../Engine/Content/Internationalization/icudt64l/region/lkt.res" 1510
"../../../Engine/Content/Internationalization/icudt64l/lang/ln.res" 1511
"../../../Engine/Content/Internationalization/icudt64l/region/ln.res" 1512
"../../../Engine/Content/Internationalization/icudt64l/lang/lo.res" 1513
"../../../Engine/Content/Internationalization/icudt64l/region/lo.res" 1514
"../../../Engine/Content/Internationalization/icudt64l/lang/lrc.res" 1515
"../../../Engine/Content/Internationalization/icudt64l/region/lrc.res" 1516
"../../../Engine/Content/Internationalization/icudt64l/lang/lt.res" 1517
"../../../Engine/Content/Internationalization/icudt64l/region/lt.res" 1518
"../../../Engine/Content/Internationalization/icudt64l/lang/lu.res" 1519
"../../../Engine/Content/Internationalization/icudt64l/region/lu.res" 1520
"../../../Engine/Content/Internationalization/icudt64l/lang/luo.res" 1521
"../../../Engine/Content/Internationalization/icudt64l/region/luo.res" 1522
"../../../Engine/Content/Internationalization/icudt64l/lang/luy.res" 1523
"../../../Engine/Content/Internationalization/icudt64l/region/luy.res" 1524
"../../../Engine/Content/Internationalization/icudt64l/lang/lv.res" 1525
"../../../Engine/Content/Internationalization/icudt64l/region/lv.res" 1526
"../../../Engine/Content/Internationalization/icudt64l/lang/mas.res" 1527
"../../../Engine/Content/Internationalization/icudt64l/region/mas.res" 1528
"../../../Engine/Content/Internationalization/icudt64l/lang/mer.res" 1529
"../../../Engine/Content/Internationalization/icudt64l/region/mer.res" 1530
"../../../Engine/Content/Internationalization/icudt64l/lang/mfe.res" 1531
"../../../Engine/Content/Internationalization/icudt64l/region/mfe.res" 1532
"../../../Engine/Content/Internationalization/icudt64l/lang/mg.res" 1533
"../../../Engine/Content/Internationalization/icudt64l/region/mg.res" 1534
"../../../Engine/Content/Internationalization/icudt64l/lang/mgh.res" 1535
"../../../Engine/Content/Internationalization/icudt64l/region/mgh.res" 1536
"../../../Engine/Content/Internationalization/icudt64l/lang/mgo.res" 1537
"../../../Engine/Content/Internationalization/icudt64l/region/mgo.res" 1538
"../../../Engine/Content/Internationalization/icudt64l/lang/mi.res" 1539
"../../../Engine/Content/Internationalization/icudt64l/region/mi.res" 1540
"../../../Engine/Content/Internationalization/icudt64l/lang/mk.res" 1541
"../../../Engine/Content/Internationalization/icudt64l/region/mk.res" 1542
"../../../Engine/Content/Internationalization/icudt64l/lang/ml.res" 1543
"../../../Engine/Content/Internationalization/icudt64l/region/ml.res" 1544
"../../../Engine/Content/Internationalization/icudt64l/lang/mn.res" 1545
"../../../Engine/Content/Internationalization/icudt64l/region/mn.res" 1546
"../../../Engine/Content/Internationalization/icudt64l/lang/mr.res" 1547
"../../../Engine/Content/Internationalization/icudt64l/region/mr.res" 1548
"../../../Engine/Content/Internationalization/icudt64l/lang/ms.res" 1549
"../../../Engine/Content/Internationalization/icudt64l/region/ms.res" 1550
"../../../Engine/Content/Internationalization/icudt64l/lang/mt.res" 1551
"../../../Engine/Content/Internationalization/icudt64l/region/mt.res" 1552
"../../../Engine/Content/Internationalization/icudt64l/lang/mua.res" 1553
"../../../Engine/Content/Internationalization/icudt64l/region/mua.res" 1554
"../../../Engine/Content/Internationalization/icudt64l/lang/my.res" 1555
"../../../Engine/Content/Internationalization/icudt64l/region/my.res" 1556
"../../../Engine/Content/Internationalization/icudt64l/lang/mzn.res" 1557
"../../../Engine/Content/Internationalization/icudt64l/region/mzn.res" 1558
"../../../Engine/Content/Internationalization/icudt64l/lang/naq.res" 1559
"../../../Engine/Content/Internationalization/icudt64l/region/naq.res" 1560
"../../../Engine/Content/Internationalization/icudt64l/lang/nb.res" 1561
"../../../Engine/Content/Internationalization/icudt64l/lang/nb_NO.res" 1562
"../../../Engine/Content/Internationalization/icudt64l/region/nb_NO.res" 1563
"../../../Engine/Content/Internationalization/icudt64l/region/nb.res" 1564
"../../../Engine/Content/Internationalization/icudt64l/lang/nd.res" 1565
"../../../Engine/Content/Internationalization/icudt64l/region/nd.res" 1566
"../../../Engine/Content/Internationalization/icudt64l/lang/nds.res" 1567
"../../../Engine/Content/Internationalization/icudt64l/region/nds.res" 1568
"../../../Engine/Content/Internationalization/icudt64l/lang/ne.res" 1569
"../../../Engine/Content/Internationalization/icudt64l/region/ne.res" 1570
"../../../Engine/Content/Internationalization/icudt64l/lang/nl.res" 1571
"../../../Engine/Content/Internationalization/icudt64l/region/nl.res" 1572
"../../../Engine/Content/Internationalization/icudt64l/lang/nmg.res" 1573
"../../../Engine/Content/Internationalization/icudt64l/region/nmg.res" 1574
"../../../Engine/Content/Internationalization/icudt64l/lang/nn.res" 1575
"../../../Engine/Content/Internationalization/icudt64l/lang/nn_NO.res" 1576
"../../../Engine/Content/Internationalization/icudt64l/region/nn_NO.res" 1577
"../../../Engine/Content/Internationalization/icudt64l/region/nn.res" 1578
"../../../Engine/Content/Internationalization/icudt64l/lang/nnh.res" 1579
"../../../Engine/Content/Internationalization/icudt64l/region/nnh.res" 1580
"../../../Engine/Content/Internationalization/icudt64l/lang/nus.res" 1581
"../../../Engine/Content/Internationalization/icudt64l/region/nus.res" 1582
"../../../Engine/Content/Internationalization/icudt64l/lang/nyn.res" 1583
"../../../Engine/Content/Internationalization/icudt64l/region/nyn.res" 1584
"../../../Engine/Content/Internationalization/icudt64l/lang/om.res" 1585
"../../../Engine/Content/Internationalization/icudt64l/region/om.res" 1586
"../../../Engine/Content/Internationalization/icudt64l/lang/or.res" 1587
"../../../Engine/Content/Internationalization/icudt64l/region/or.res" 1588
"../../../Engine/Content/Internationalization/icudt64l/lang/os.res" 1589
"../../../Engine/Content/Internationalization/icudt64l/region/os.res" 1590
"../../../Engine/Content/Internationalization/icudt64l/lang/pa.res" 1591
"../../../Engine/Content/Internationalization/icudt64l/lang/pa_Arab.res" 1592
"../../../Engine/Content/Internationalization/icudt64l/lang/pa_PK.res" 1593
"../../../Engine/Content/Internationalization/icudt64l/lang/pa_Arab_PK.res" 1594
"../../../Engine/Content/Internationalization/icudt64l/region/pa_PK.res" 1595
"../../../Engine/Content/Internationalization/icudt64l/region/pa_Arab_PK.res" 1596
"../../../Engine/Content/Internationalization/icudt64l/region/pa_Arab.res" 1597
"../../../Engine/Content/Internationalization/icudt64l/lang/pa_Guru.res" 1598
"../../../Engine/Content/Internationalization/icudt64l/lang/pa_IN.res" 1599
"../../../Engine/Content/Internationalization/icudt64l/lang/pa_Guru_IN.res" 1600
"../../../Engine/Content/Internationalization/icudt64l/region/pa_IN.res" 1601
"../../../Engine/Content/Internationalization/icudt64l/region/pa_Guru_IN.res" 1602
"../../../Engine/Content/Internationalization/icudt64l/region/pa_Guru.res" 1603
"../../../Engine/Content/Internationalization/icudt64l/region/pa.res" 1604
"../../../Engine/Content/Internationalization/icudt64l/lang/pl.res" 1605
"../../../Engine/Content/Internationalization/icudt64l/region/pl.res" 1606
"../../../Engine/Content/Internationalization/icudt64l/lang/ps.res" 1607
"../../../Engine/Content/Internationalization/icudt64l/region/ps.res" 1608
"../../../Engine/Content/Internationalization/icudt64l/lang/ps_PK.res" 1609
"../../../Engine/Content/Internationalization/icudt64l/region/ps_PK.res" 1610
"../../../Engine/Content/Internationalization/icudt64l/lang/pt.res" 1611
"../../../Engine/Content/Internationalization/icudt64l/lang/pt_AO.res" 1612
"../../../Engine/Content/Internationalization/icudt64l/lang/pt_PT.res" 1613
"../../../Engine/Content/Internationalization/icudt64l/region/pt_AO.res" 1614
"../../../Engine/Content/Internationalization/icudt64l/region/pt_PT.res" 1615
"../../../Engine/Content/Internationalization/icudt64l/region/pt.res" 1616
"../../../Engine/Content/Internationalization/icudt64l/lang/pt_CH.res" 1617
"../../../Engine/Content/Internationalization/icudt64l/region/pt_CH.res" 1618
"../../../Engine/Content/Internationalization/icudt64l/lang/pt_CV.res" 1619
"../../../Engine/Content/Internationalization/icudt64l/region/pt_CV.res" 1620
"../../../Engine/Content/Internationalization/icudt64l/lang/pt_GQ.res" 1621
"../../../Engine/Content/Internationalization/icudt64l/region/pt_GQ.res" 1622
"../../../Engine/Content/Internationalization/icudt64l/lang/pt_GW.res" 1623
"../../../Engine/Content/Internationalization/icudt64l/region/pt_GW.res" 1624
"../../../Engine/Content/Internationalization/icudt64l/lang/pt_LU.res" 1625
"../../../Engine/Content/Internationalization/icudt64l/region/pt_LU.res" 1626
"../../../Engine/Content/Internationalization/icudt64l/lang/pt_MO.res" 1627
"../../../Engine/Content/Internationalization/icudt64l/region/pt_MO.res" 1628
"../../../Engine/Content/Internationalization/icudt64l/lang/pt_MZ.res" 1629
"../../../Engine/Content/Internationalization/icudt64l/region/pt_MZ.res" 1630
"../../../Engine/Content/Internationalization/icudt64l/lang/pt_ST.res" 1631
"../../../Engine/Content/Internationalization/icudt64l/region/pt_ST.res" 1632
"../../../Engine/Content/Internationalization/icudt64l/lang/pt_TL.res" 1633
"../../../Engine/Content/Internationalization/icudt64l/region/pt_TL.res" 1634
"../../../Engine/Content/Internationalization/icudt64l/lang/qu.res" 1635
"../../../Engine/Content/Internationalization/icudt64l/region/qu.res" 1636
"../../../Engine/Content/Internationalization/icudt64l/lang/rm.res" 1637
"../../../Engine/Content/Internationalization/icudt64l/region/rm.res" 1638
"../../../Engine/Content/Internationalization/icudt64l/lang/rn.res" 1639
"../../../Engine/Content/Internationalization/icudt64l/region/rn.res" 1640
"../../../Engine/Content/Internationalization/icudt64l/lang/ro.res" 1641
"../../../Engine/Content/Internationalization/icudt64l/lang/ro_MD.res" 1642
"../../../Engine/Content/Internationalization/icudt64l/region/ro_MD.res" 1643
"../../../Engine/Content/Internationalization/icudt64l/region/ro.res" 1644
"../../../Engine/Content/Internationalization/icudt64l/lang/rof.res" 1645
"../../../Engine/Content/Internationalization/icudt64l/region/rof.res" 1646
"../../../Engine/Content/Internationalization/icudt64l/lang/ru.res" 1647
"../../../Engine/Content/Internationalization/icudt64l/region/ru.res" 1648
"../../../Engine/Content/Internationalization/icudt64l/region/ru_UA.res" 1649
"../../../Engine/Content/Internationalization/icudt64l/lang/rw.res" 1650
"../../../Engine/Content/Internationalization/icudt64l/region/rw.res" 1651
"../../../Engine/Content/Internationalization/icudt64l/lang/rwk.res" 1652
"../../../Engine/Content/Internationalization/icudt64l/region/rwk.res" 1653
"../../../Engine/Content/Internationalization/icudt64l/lang/sah.res" 1654
"../../../Engine/Content/Internationalization/icudt64l/region/sah.res" 1655
"../../../Engine/Content/Internationalization/icudt64l/lang/saq.res" 1656
"../../../Engine/Content/Internationalization/icudt64l/region/saq.res" 1657
"../../../Engine/Content/Internationalization/icudt64l/lang/sbp.res" 1658
"../../../Engine/Content/Internationalization/icudt64l/region/sbp.res" 1659
"../../../Engine/Content/Internationalization/icudt64l/lang/sd.res" 1660
"../../../Engine/Content/Internationalization/icudt64l/region/sd.res" 1661
"../../../Engine/Content/Internationalization/icudt64l/lang/se.res" 1662
"../../../Engine/Content/Internationalization/icudt64l/lang/se_FI.res" 1663
"../../../Engine/Content/Internationalization/icudt64l/region/se_FI.res" 1664
"../../../Engine/Content/Internationalization/icudt64l/region/se.res" 1665
"../../../Engine/Content/Internationalization/icudt64l/lang/seh.res" 1666
"../../../Engine/Content/Internationalization/icudt64l/region/seh.res" 1667
"../../../Engine/Content/Internationalization/icudt64l/lang/ses.res" 1668
"../../../Engine/Content/Internationalization/icudt64l/region/ses.res" 1669
"../../../Engine/Content/Internationalization/icudt64l/lang/sg.res" 1670
"../../../Engine/Content/Internationalization/icudt64l/region/sg.res" 1671
"../../../Engine/Content/Internationalization/icudt64l/lang/shi.res" 1672
"../../../Engine/Content/Internationalization/icudt64l/lang/shi_Latn.res" 1673
"../../../Engine/Content/Internationalization/icudt64l/lang/shi_MA.res" 1674
"../../../Engine/Content/Internationalization/icudt64l/lang/shi_Tfng_MA.res" 1675
"../../../Engine/Content/Internationalization/icudt64l/lang/shi_Tfng.res" 1676
"../../../Engine/Content/Internationalization/icudt64l/region/shi_MA.res" 1677
"../../../Engine/Content/Internationalization/icudt64l/region/shi_Tfng_MA.res" 1678
"../../../Engine/Content/Internationalization/icudt64l/region/shi_Tfng.res" 1679
"../../../Engine/Content/Internationalization/icudt64l/region/shi.res" 1680
"../../../Engine/Content/Internationalization/icudt64l/region/shi_Latn.res" 1681
"../../../Engine/Content/Internationalization/icudt64l/lang/si.res" 1682
"../../../Engine/Content/Internationalization/icudt64l/region/si.res" 1683
"../../../Engine/Content/Internationalization/icudt64l/lang/sk.res" 1684
"../../../Engine/Content/Internationalization/icudt64l/region/sk.res" 1685
"../../../Engine/Content/Internationalization/icudt64l/lang/sl.res" 1686
"../../../Engine/Content/Internationalization/icudt64l/region/sl.res" 1687
"../../../Engine/Content/Internationalization/icudt64l/lang/smn.res" 1688
"../../../Engine/Content/Internationalization/icudt64l/region/smn.res" 1689
"../../../Engine/Content/Internationalization/icudt64l/lang/sn.res" 1690
"../../../Engine/Content/Internationalization/icudt64l/region/sn.res" 1691
"../../../Engine/Content/Internationalization/icudt64l/lang/so.res" 1692
"../../../Engine/Content/Internationalization/icudt64l/region/so.res" 1693
"../../../Engine/Content/Internationalization/icudt64l/lang/sq.res" 1694
"../../../Engine/Content/Internationalization/icudt64l/region/sq.res" 1695
"../../../Engine/Content/Internationalization/icudt64l/lang/sr.res" 1696
"../../../Engine/Content/Internationalization/icudt64l/lang/sr_Cyrl.res" 1697
"../../../Engine/Content/Internationalization/icudt64l/lang/sr_BA.res" 1698
"../../../Engine/Content/Internationalization/icudt64l/lang/sr_Cyrl_BA.res" 1699
"../../../Engine/Content/Internationalization/icudt64l/region/sr_BA.res" 1700
"../../../Engine/Content/Internationalization/icudt64l/region/sr_Cyrl_BA.res" 1701
"../../../Engine/Content/Internationalization/icudt64l/region/sr_Cyrl.res" 1702
"../../../Engine/Content/Internationalization/icudt64l/region/sr.res" 1703
"../../../Engine/Content/Internationalization/icudt64l/lang/sr_ME.res" 1704
"../../../Engine/Content/Internationalization/icudt64l/lang/sr_Latn_ME.res" 1705
"../../../Engine/Content/Internationalization/icudt64l/lang/sr_Latn.res" 1706
"../../../Engine/Content/Internationalization/icudt64l/region/sr_ME.res" 1707
"../../../Engine/Content/Internationalization/icudt64l/region/sr_Latn_ME.res" 1708
"../../../Engine/Content/Internationalization/icudt64l/region/sr_Latn.res" 1709
"../../../Engine/Content/Internationalization/icudt64l/lang/sr_Cyrl_ME.res" 1710
"../../../Engine/Content/Internationalization/icudt64l/region/sr_Cyrl_ME.res" 1711
"../../../Engine/Content/Internationalization/icudt64l/lang/sr_RS.res" 1712
"../../../Engine/Content/Internationalization/icudt64l/lang/sr_Cyrl_RS.res" 1713
"../../../Engine/Content/Internationalization/icudt64l/region/sr_RS.res" 1714
"../../../Engine/Content/Internationalization/icudt64l/region/sr_Cyrl_RS.res" 1715
"../../../Engine/Content/Internationalization/icudt64l/lang/sr_XK.res" 1716
"../../../Engine/Content/Internationalization/icudt64l/lang/sr_Cyrl_XK.res" 1717
"../../../Engine/Content/Internationalization/icudt64l/region/sr_XK.res" 1718
"../../../Engine/Content/Internationalization/icudt64l/region/sr_Cyrl_XK.res" 1719
"../../../Engine/Content/Internationalization/icudt64l/lang/sr_Latn_BA.res" 1720
"../../../Engine/Content/Internationalization/icudt64l/region/sr_Latn_BA.res" 1721
"../../../Engine/Content/Internationalization/icudt64l/lang/sr_Latn_RS.res" 1722
"../../../Engine/Content/Internationalization/icudt64l/region/sr_Latn_RS.res" 1723
"../../../Engine/Content/Internationalization/icudt64l/lang/sr_Latn_XK.res" 1724
"../../../Engine/Content/Internationalization/icudt64l/region/sr_Latn_XK.res" 1725
"../../../Engine/Content/Internationalization/icudt64l/lang/sv.res" 1726
"../../../Engine/Content/Internationalization/icudt64l/region/sv.res" 1727
"../../../Engine/Content/Internationalization/icudt64l/lang/sv_FI.res" 1728
"../../../Engine/Content/Internationalization/icudt64l/lang/sw.res" 1729
"../../../Engine/Content/Internationalization/icudt64l/lang/sw_CD.res" 1730
"../../../Engine/Content/Internationalization/icudt64l/region/sw_CD.res" 1731
"../../../Engine/Content/Internationalization/icudt64l/region/sw.res" 1732
"../../../Engine/Content/Internationalization/icudt64l/lang/sw_KE.res" 1733
"../../../Engine/Content/Internationalization/icudt64l/region/sw_KE.res" 1734
"../../../Engine/Content/Internationalization/icudt64l/lang/ta.res" 1735
"../../../Engine/Content/Internationalization/icudt64l/region/ta.res" 1736
"../../../Engine/Content/Internationalization/icudt64l/lang/te.res" 1737
"../../../Engine/Content/Internationalization/icudt64l/region/te.res" 1738
"../../../Engine/Content/Internationalization/icudt64l/lang/teo.res" 1739
"../../../Engine/Content/Internationalization/icudt64l/region/teo.res" 1740
"../../../Engine/Content/Internationalization/icudt64l/lang/tg.res" 1741
"../../../Engine/Content/Internationalization/icudt64l/region/tg.res" 1742
"../../../Engine/Content/Internationalization/icudt64l/lang/th.res" 1743
"../../../Engine/Content/Internationalization/icudt64l/lang/th_TH.res" 1744
"../../../Engine/Content/Internationalization/icudt64l/region/th_TH.res" 1745
"../../../Engine/Content/Internationalization/icudt64l/region/th.res" 1746
"../../../Engine/Content/Internationalization/icudt64l/lang/ti.res" 1747
"../../../Engine/Content/Internationalization/icudt64l/region/ti.res" 1748
"../../../Engine/Content/Internationalization/icudt64l/lang/tk.res" 1749
"../../../Engine/Content/Internationalization/icudt64l/region/tk.res" 1750
"../../../Engine/Content/Internationalization/icudt64l/lang/to.res" 1751
"../../../Engine/Content/Internationalization/icudt64l/region/to.res" 1752
"../../../Engine/Content/Internationalization/icudt64l/lang/tr.res" 1753
"../../../Engine/Content/Internationalization/icudt64l/region/tr.res" 1754
"../../../Engine/Content/Internationalization/icudt64l/lang/tt.res" 1755
"../../../Engine/Content/Internationalization/icudt64l/region/tt.res" 1756
"../../../Engine/Content/Internationalization/icudt64l/lang/twq.res" 1757
"../../../Engine/Content/Internationalization/icudt64l/region/twq.res" 1758
"../../../Engine/Content/Internationalization/icudt64l/lang/tzm.res" 1759
"../../../Engine/Content/Internationalization/icudt64l/region/tzm.res" 1760
"../../../Engine/Content/Internationalization/icudt64l/lang/ug.res" 1761
"../../../Engine/Content/Internationalization/icudt64l/region/ug.res" 1762
"../../../Engine/Content/Internationalization/icudt64l/lang/uk.res" 1763
"../../../Engine/Content/Internationalization/icudt64l/region/uk.res" 1764
"../../../Engine/Content/Internationalization/icudt64l/lang/ur.res" 1765
"../../../Engine/Content/Internationalization/icudt64l/lang/ur_IN.res" 1766
"../../../Engine/Content/Internationalization/icudt64l/region/ur_IN.res" 1767
"../../../Engine/Content/Internationalization/icudt64l/region/ur.res" 1768
"../../../Engine/Content/Internationalization/icudt64l/lang/uz.res" 1769
"../../../Engine/Content/Internationalization/icudt64l/lang/uz_Arab.res" 1770
"../../../Engine/Content/Internationalization/icudt64l/lang/uz_AF.res" 1771
"../../../Engine/Content/Internationalization/icudt64l/lang/uz_Arab_AF.res" 1772
"../../../Engine/Content/Internationalization/icudt64l/region/uz_AF.res" 1773
"../../../Engine/Content/Internationalization/icudt64l/region/uz_Arab_AF.res" 1774
"../../../Engine/Content/Internationalization/icudt64l/region/uz_Arab.res" 1775
"../../../Engine/Content/Internationalization/icudt64l/lang/uz_Cyrl.res" 1776
"../../../Engine/Content/Internationalization/icudt64l/lang/uz_UZ.res" 1777
"../../../Engine/Content/Internationalization/icudt64l/lang/uz_Latn_UZ.res" 1778
"../../../Engine/Content/Internationalization/icudt64l/lang/uz_Latn.res" 1779
"../../../Engine/Content/Internationalization/icudt64l/region/uz_UZ.res" 1780
"../../../Engine/Content/Internationalization/icudt64l/region/uz_Latn_UZ.res" 1781
"../../../Engine/Content/Internationalization/icudt64l/region/uz_Latn.res" 1782
"../../../Engine/Content/Internationalization/icudt64l/region/uz.res" 1783
"../../../Engine/Content/Internationalization/icudt64l/region/uz_Cyrl.res" 1784
"../../../Engine/Content/Internationalization/icudt64l/lang/vai.res" 1785
"../../../Engine/Content/Internationalization/icudt64l/lang/vai_Latn.res" 1786
"../../../Engine/Content/Internationalization/icudt64l/lang/vai_LR.res" 1787
"../../../Engine/Content/Internationalization/icudt64l/lang/vai_Vaii_LR.res" 1788
"../../../Engine/Content/Internationalization/icudt64l/lang/vai_Vaii.res" 1789
"../../../Engine/Content/Internationalization/icudt64l/region/vai_LR.res" 1790
"../../../Engine/Content/Internationalization/icudt64l/region/vai_Vaii_LR.res" 1791
"../../../Engine/Content/Internationalization/icudt64l/region/vai_Vaii.res" 1792
"../../../Engine/Content/Internationalization/icudt64l/region/vai.res" 1793
"../../../Engine/Content/Internationalization/icudt64l/region/vai_Latn.res" 1794
"../../../Engine/Content/Internationalization/icudt64l/lang/vi.res" 1795
"../../../Engine/Content/Internationalization/icudt64l/region/vi.res" 1796
"../../../Engine/Content/Internationalization/icudt64l/lang/vun.res" 1797
"../../../Engine/Content/Internationalization/icudt64l/region/vun.res" 1798
"../../../Engine/Content/Internationalization/icudt64l/lang/wae.res" 1799
"../../../Engine/Content/Internationalization/icudt64l/region/wae.res" 1800
"../../../Engine/Content/Internationalization/icudt64l/lang/wo.res" 1801
"../../../Engine/Content/Internationalization/icudt64l/region/wo.res" 1802
"../../../Engine/Content/Internationalization/icudt64l/lang/xh.res" 1803
"../../../Engine/Content/Internationalization/icudt64l/region/xh.res" 1804
"../../../Engine/Content/Internationalization/icudt64l/lang/xog.res" 1805
"../../../Engine/Content/Internationalization/icudt64l/region/xog.res" 1806
"../../../Engine/Content/Internationalization/icudt64l/lang/yav.res" 1807
"../../../Engine/Content/Internationalization/icudt64l/region/yav.res" 1808
"../../../Engine/Content/Internationalization/icudt64l/lang/yi.res" 1809
"../../../Engine/Content/Internationalization/icudt64l/region/yi.res" 1810
"../../../Engine/Content/Internationalization/icudt64l/lang/yo.res" 1811
"../../../Engine/Content/Internationalization/icudt64l/lang/yo_BJ.res" 1812
"../../../Engine/Content/Internationalization/icudt64l/region/yo_BJ.res" 1813
"../../../Engine/Content/Internationalization/icudt64l/region/yo.res" 1814
"../../../Engine/Content/Internationalization/icudt64l/lang/yue.res" 1815
"../../../Engine/Content/Internationalization/icudt64l/lang/yue_Hans.res" 1816
"../../../Engine/Content/Internationalization/icudt64l/lang/yue_CN.res" 1817
"../../../Engine/Content/Internationalization/icudt64l/lang/yue_Hans_CN.res" 1818
"../../../Engine/Content/Internationalization/icudt64l/region/yue_CN.res" 1819
"../../../Engine/Content/Internationalization/icudt64l/region/yue_Hans_CN.res" 1820
"../../../Engine/Content/Internationalization/icudt64l/region/yue_Hans.res" 1821
"../../../Engine/Content/Internationalization/icudt64l/lang/yue_Hant.res" 1822
"../../../Engine/Content/Internationalization/icudt64l/lang/yue_HK.res" 1823
"../../../Engine/Content/Internationalization/icudt64l/lang/yue_Hant_HK.res" 1824
"../../../Engine/Content/Internationalization/icudt64l/region/yue_HK.res" 1825
"../../../Engine/Content/Internationalization/icudt64l/region/yue_Hant_HK.res" 1826
"../../../Engine/Content/Internationalization/icudt64l/region/yue_Hant.res" 1827
"../../../Engine/Content/Internationalization/icudt64l/region/yue.res" 1828
"../../../Engine/Content/Internationalization/icudt64l/lang/zgh.res" 1829
"../../../Engine/Content/Internationalization/icudt64l/region/zgh.res" 1830
"../../../Engine/Content/Internationalization/icudt64l/lang/zh.res" 1831
"../../../Engine/Content/Internationalization/icudt64l/lang/zh_Hans.res" 1832
"../../../Engine/Content/Internationalization/icudt64l/lang/zh_CN.res" 1833
"../../../Engine/Content/Internationalization/icudt64l/lang/zh_Hans_CN.res" 1834
"../../../Engine/Content/Internationalization/icudt64l/region/zh_CN.res" 1835
"../../../Engine/Content/Internationalization/icudt64l/region/zh_Hans_CN.res" 1836
"../../../Engine/Content/Internationalization/icudt64l/region/zh_Hans.res" 1837
"../../../Engine/Content/Internationalization/icudt64l/region/zh.res" 1838
"../../../Engine/Content/Internationalization/icudt64l/lang/zh_HK.res" 1839
"../../../Engine/Content/Internationalization/icudt64l/lang/zh_Hant_HK.res" 1840
"../../../Engine/Content/Internationalization/icudt64l/lang/zh_Hant.res" 1841
"../../../Engine/Content/Internationalization/icudt64l/region/zh_HK.res" 1842
"../../../Engine/Content/Internationalization/icudt64l/region/zh_Hant_HK.res" 1843
"../../../Engine/Content/Internationalization/icudt64l/region/zh_Hant.res" 1844
"../../../Engine/Content/Internationalization/icudt64l/lang/zh_MO.res" 1845
"../../../Engine/Content/Internationalization/icudt64l/lang/zh_Hant_MO.res" 1846
"../../../Engine/Content/Internationalization/icudt64l/region/zh_MO.res" 1847
"../../../Engine/Content/Internationalization/icudt64l/region/zh_Hant_MO.res" 1848
"../../../Engine/Content/Internationalization/icudt64l/lang/zh_SG.res" 1849
"../../../Engine/Content/Internationalization/icudt64l/lang/zh_Hans_SG.res" 1850
"../../../Engine/Content/Internationalization/icudt64l/region/zh_SG.res" 1851
"../../../Engine/Content/Internationalization/icudt64l/region/zh_Hans_SG.res" 1852
"../../../Engine/Content/Internationalization/icudt64l/lang/zh_TW.res" 1853
"../../../Engine/Content/Internationalization/icudt64l/lang/zh_Hant_TW.res" 1854
"../../../Engine/Content/Internationalization/icudt64l/region/zh_TW.res" 1855
"../../../Engine/Content/Internationalization/icudt64l/region/zh_Hant_TW.res" 1856
"../../../Engine/Content/Internationalization/icudt64l/lang/zu.res" 1857
"../../../Engine/Content/Internationalization/icudt64l/region/zu.res" 1858
"../../../Engine/Content/Internationalization/icudt64l/lang/no.res" 1859
"../../../Engine/Content/Internationalization/icudt64l/lang/tl.res" 1860
"../../../Engine/Config/Android/DataDrivenPlatformInfo.ini" 1861
"../../../Engine/Config/IOS/DataDrivenPlatformInfo.ini" 1862
"../../../Engine/Config/Linux/DataDrivenPlatformInfo.ini" 1863
"../../../Engine/Config/LinuxArm64/DataDrivenPlatformInfo.ini" 1864
"../../../Engine/Config/Mac/DataDrivenPlatformInfo.ini" 1865
"../../../Engine/Config/TVOS/DataDrivenPlatformInfo.ini" 1866
"../../../Engine/Config/Unix/DataDrivenPlatformInfo.ini" 1867
"../../../Engine/Config/VulkanPC/DataDrivenPlatformInfo.ini" 1868
"../../../Engine/Config/Windows/DataDrivenPlatformInfo.ini" 1869
"../../../Engine/Platforms/VisionOS/Config/DataDrivenPlatformInfo.ini" 1870
"../../../Engine/Content/Renderer/TessellationTable.bin" 1871
"../../../Engine/DerivedDataCache/Compressed.ddp" 1872
"C:/Users/j/AppData/Local/UnrealEngine/5.5/Saved/Zen/zen.version" 1873
"C:/Users/j/AppData/Local/UnrealEngine/Common/Zen/Install/zen.version" 1874
"C:/Users/j/AppData/Local/UnrealEngine/Common/Zen/Install/zenserver.runcontext" 1875
"C:/Users/j/AppData/Local/UnrealEngine/Common/DerivedDataCache/TestData/0/TestData_4kb.dat" 1876
"C:/Users/j/AppData/Local/UnrealEngine/Common/DerivedDataCache/TestData/1/TestData_4kb.dat" 1877
"C:/Users/j/AppData/Local/UnrealEngine/Common/DerivedDataCache/TestData/0/TestData_8kb.dat" 1878
"C:/Users/j/AppData/Local/UnrealEngine/Common/DerivedDataCache/TestData/1/TestData_8kb.dat" 1879
"C:/Users/j/AppData/Local/UnrealEngine/Common/DerivedDataCache/TestData/0/TestData_16kb.dat" 1880
"C:/Users/j/AppData/Local/UnrealEngine/Common/DerivedDataCache/TestData/1/TestData_16kb.dat" 1881
"C:/Users/j/AppData/Local/UnrealEngine/Common/DerivedDataCache/TestData/0/TestData_64kb.dat" 1882
"C:/Users/j/AppData/Local/UnrealEngine/Common/DerivedDataCache/TestData/1/TestData_64kb.dat" 1883
"C:/Users/j/AppData/Local/UnrealEngine/Common/DerivedDataCache/TestData/0/TestData_128kb.dat" 1884
"C:/Users/j/AppData/Local/UnrealEngine/Common/DerivedDataCache/TestData/1/TestData_128kb.dat" 1885
"C:/Users/j/AppData/Local/UnrealEngine/Common/DerivedDataCache/TestData/0/TestData_256kb.dat" 1886
"C:/Users/j/AppData/Local/UnrealEngine/Common/DerivedDataCache/TestData/1/TestData_256kb.dat" 1887
"../../../../../../Users/j/Documents/GitHub/UnrealProject/Intermediate/ShaderAutogen/PCD3D_SM6/AutogenShaderHeaders.ush" 1888
"../../../Engine/Shaders/Private/HairStrands/HairStrandsVertexFactory.ush" 1889
"../../../Engine/Shaders/Private/VertexFactoryCommon.ush" 1890
"../../../Engine/Shaders/Private/Common.ush" 1891
"../../../Engine/Shaders/Public/Platform.ush" 1892
"../../../Engine/Shaders/Public/FP16Math.ush" 1893
"../../../Engine/Shaders/Public/Platform/D3D/D3DCommon.ush" 1894
"../../../Engine/Shaders/Shared/HLSLReservedSpaces.h" 1895
"../../../Engine/Shaders/Shared/RayTracingBuiltInResources.h" 1896
"../../../Engine/Shaders/Shared/RayTracingDefinitions.h" 1897
"../../../Engine/Shaders/Public/BindlessResources.ush" 1898
"../../../Engine/Shaders/Public/OverloadMacros.ush" 1899
"../../../Engine/Shaders/Public/ShaderVersion.ush" 1900
"../../../Engine/Shaders/Private/PackUnpack.ush" 1901
"../../../Engine/Shaders/Private/GeneratedUniformBufferTypes.ush" 1902
"../../../Engine/Shaders/Private/Nanite/NanitePackedNaniteView.ush" 1903
"../../../Engine/Shaders/Private/HairStrands/HairStrandsVisibilityCommonStruct.ush" 1904
"../../../Engine/Shaders/Private/HairStrands/HairStrandsVoxelPageCommonStruct.ush" 1905
"../../../Engine/Shaders/Private/HairStrands/HairStrandsDeepShadowCommonStruct.ush" 1906
"../../../Engine/Shaders/Shared/LightSceneData.h" 1907
"../../../Engine/Shaders/Shared/HLSLTypeAliases.h" 1908
"../../../Engine/Shaders/Private/LargeWorldCoordinates.ush" 1909
"../../../Engine/Shaders/Private/DoubleFloat.ush" 1910
"../../../Engine/Shaders/Private/RandomPCG.ush" 1911
"../../../Engine/Shaders/Private/DoubleFloatOperations.ush" 1912
"../../../Engine/Shaders/Private/DoubleFloatVectorDefinition.ush" 1913
"../../../Engine/Shaders/Private/LWCOperations.ush" 1914
"../../../Engine/Shaders/Shared/RayTracingTypes.h" 1915
"../../../Engine/Shaders/Shared/HLSLStaticAssert.h" 1916
"../../../Engine/Shaders/Private/CommonViewUniformBuffer.ush" 1917
"../../../Engine/Shaders/Private/InstancedStereo.ush" 1918
"../../../Engine/Shaders/Private/Definitions.usf" 1919
"../../../Engine/Shaders/Private/AssertionMacros.ush" 1920
"../../../Engine/Shaders/Private/FastMath.ush" 1921
"../../../Engine/Shaders/Private/FastMathThirdParty.ush" 1922
"../../../Engine/Shaders/Private/Random.ush" 1923
"../../../Engine/Shaders/Private/RandomInterleavedGradientNoise.ush" 1924
"../../../Engine/Shaders/Private/SceneData.ush" 1925
"../../../Engine/Shaders/Private/OctahedralCommon.ush" 1926
"../../../Engine/Shaders/Private/WaveOpUtil.ush" 1927
"../../../Engine/Shaders/Shared/SceneDefinitions.h" 1928
"../../../Engine/Shaders/Private/SceneDataMobileLoader.ush" 1929
"../../../Engine/Shaders/Private/LocalVertexFactoryCommon.ush" 1930
"../../../Engine/Shaders/Private/HairStrands/HairStrandsVisibilityCommon.ush" 1931
"../../../Engine/Shaders/Shared/HairStrandsDefinitions.h" 1932
"../../../Engine/Shaders/Private/HairStrands/HairStrandsVertexFactoryCommon.ush" 1933
"../../../Engine/Shaders/Private/HairStrands/HairStrandsPack.ush" 1934
"../../../Engine/Shaders/Private/HairStrands/HairStrandsAttributeCommon.ush" 1935
"../../../Engine/Shaders/Private/HairStrands/HairStrandsAttributeTemplate.ush" 1936
"../../../Engine/Shaders/Private/VertexFactoryDefaultInterface.ush" 1937
"../../../Engine/Shaders/Private/HairStrands/HairCardsVertexFactory.ush" 1938
"../../../Engine/Shaders/Private/HairStrands/HairCardsAttributeCommon.ush" 1939
"../../../Engine/Shaders/Private/RayTracing/RayTracingCommon.ush" 1940
"../../../Engine/Shaders/Private/ShadingCommon.ush" 1941
"../../../Engine/Shaders/Shared/RayTracingPayloadType.h" 1942
"../../../Engine/Shaders/Private/RayTracing/RayTracingRayCone.ush" 1943
"../../../Engine/Shaders/Private/Substrate/Substrate.ush" 1944
"../../../Engine/Shaders/Private/ShadingEnergyConservation.ush" 1945
"../../../Engine/Shaders/Private/ShadingEnergyConservationTemplate.ush" 1946
"../../../Engine/Shaders/Private/BRDF.ush" 1947
"../../../Engine/Shaders/Private/ColorSpace.ush" 1948
"../../../Engine/Shaders/Private/DeferredShadingCommon.ush" 1949
"../../../Engine/Shaders/Private/LightAccumulator.ush" 1950
"../../../Engine/Shaders/Private/SceneTexturesCommon.ush" 1951
"../../../Engine/Shaders/Private/MonteCarlo.ush" 1952
"../../../Engine/Shaders/Private/GBufferHelpers.ush" 1953
"../../../Engine/Shaders/Private/SceneTextureParameters.ush" 1954
"C:/Users/j/Documents/GitHub/UnrealProject/Intermediate/ShaderAutogen/PCD3D_SM6/AutogenShaderHeaders.ush" 1955
"../../../Engine/Shaders/Private/ParticipatingMediaCommon.ush" 1956
"../../../Engine/Shaders/Private/ThinFilmBSDF.ush" 1957
"../../../Engine/Shaders/Private/MortonCode.ush" 1958
"../../../Engine/Shaders/Private/SubsurfaceProfileCommon.ush" 1959
"../../../Engine/Shaders/Private/BurleyNormalizedSSSCommon.ush" 1960
"../../../Engine/Shaders/Private/GammaCorrectionCommon.ush" 1961
"../../../Engine/Shaders/Shared/SubstrateDefinitions.h" 1962
"../../../Engine/Shaders/Private/Substrate/SubstrateStatisticalOperators.ush" 1963
"../../../Engine/Shaders/Private/Substrate/SubstrateSubsurface.ush" 1964
"../../../Engine/Shaders/Private/TransmissionCommon.ush" 1965
"../../../Engine/Shaders/Private/SpecularProfileCommon.ush" 1966
"../../../Engine/Shaders/Private/RayTracing/RayTracingCommonMetal.ush" 1967
"../../../Engine/Shaders/Private/PositionReconstructionCommon.ush" 1968
"../../../Engine/Shaders/Private/RayTracing/TraceRayInline.ush" 1969
"../../../Engine/Shaders/Private/RayTracing/TraceRayInlineCommon.ush" 1970
"../../../Engine/Shaders/Private/RayTracing/TraceRayInlineVulkan.ush" 1971
"../../../Engine/Shaders/Private/RayTracing/TraceRayInlineMetal.ush" 1972
"../../../Engine/Shaders/Private/RayTracing/RayTracingHitGroupCommon.ush" 1973
"../../../Engine/Shaders/Private/Nanite/NaniteDataDecode.ush" 1974
"../../../Engine/Shaders/Private/BitPacking.ush" 1975
"../../../Engine/Shaders/Private/BitStreamReaderImplementation.ush" 1976
"../../../Engine/Shaders/Private/BoneTransform.ush" 1977
"../../../Engine/Shaders/Private/Quaternion.ush" 1978
"../../../Engine/Shaders/Shared/NaniteDefinitions.h" 1979
"../../../Engine/Shaders/Private/Nanite/NaniteAttributeDecode.ush" 1980
"../../../Engine/Shaders/Private/Barycentrics.ush" 1981
"../../../Engine/Shaders/Private/DualNumber.ush" 1982
"../../../Engine/Plugins/FX/Niagara/Shaders/Private/NiagaraSpriteVertexFactory.ush" 1983
"../../../Engine/Shaders/Private/ParticleVertexFactoryCommon.ush" 1984
"../../../Engine/Plugins/FX/Niagara/Shaders/Private/NiagaraVFCommon.usf" 1985
"../../../Engine/Plugins/FX/Niagara/Shaders/Private/NiagaraVFParticleAccess.usf" 1986
"../../../Engine/Plugins/FX/Niagara/Shaders/Private/NiagaraParticleAccess.ush" 1987
"../../../Engine/Plugins/FX/Niagara/Shaders/Private/NiagaraRibbonVertexFactory.ush" 1988
"../../../Engine/Plugins/FX/Niagara/Shaders/Private/NiagaraMeshVertexFactory.ush" 1989
"../../../Engine/Plugins/FX/Niagara/Shaders/Private/NiagaraCommon.ush" 1990
"../../../Engine/Plugins/FX/Niagara/Shaders/Private/NiagaraMeshParticleUtils.ush" 1991
"../../../Engine/Shaders/Private/VectorFieldVisualizationVertexFactory.ush" 1992
"../../../Engine/Shaders/Private/Nanite/NaniteVertexFactory.ush" 1993
"../../../Engine/Shaders/Private/LightmapData.ush" 1994
"../../../Engine/Shaders/Private/SplineMeshCommon.ush" 1995
"../../../Engine/Shaders/Shared/SplineMeshShaderParams.h" 1996
"../../../Engine/Shaders/Private/ShaderPrint.ush" 1997
"../../../Engine/Shaders/Private/ShaderPrintCommon.ush" 1998
"../../../Engine/Shaders/Private/MiniFontCommon.ush" 1999
"../../../Engine/Shaders/Private/Nanite/NaniteSceneCommon.ush" 2000
"../../../Engine/Shaders/Private/Nanite/NaniteVertexDeformation.ush" 2001
"../../../Engine/Shaders/Private/ParticleSpriteVertexFactory.ush" 2002
"../../../Engine/Shaders/Private/ParticleGPUSpriteVertexFactory.ush" 2003
"../../../Engine/Shaders/Private/ParticleSimulationCommon.ush" 2004
"../../../Engine/Shaders/Private/ParticleBeamTrailVertexFactory.ush" 2005
"../../../Engine/Shaders/Private/MeshParticleVertexFactory.ush" 2006
"../../../Engine/Shaders/Private/LocalVertexFactory.ush" 2007
"../../../Engine/Shaders/Private/GpuSkinCommon.ush" 2008
"../../../Engine/Shaders/Private/GpuSkinVertexFactory.ush" 2009
"../../../Engine/Shaders/Private/GeometryCollectionVertexFactory.ush" 2010
"../../../Engine/Shaders/Private/GeometryCacheVertexFactory.ush" 2011
"../../../Engine/Shaders/Private/LandscapeVertexFactory.ush" 2012
"../../../Engine/Plugins/Experimental/Compositing/HoldoutComposite/Shaders/Private/HoldoutCompositeFinal.usf" 2013
"../../../Engine/Shaders/Private/ScreenPass.ush" 2014
"../../../Engine/Shaders/Private/LensDistortion.ush" 2015
"../../../Engine/Plugins/Experimental/Compositing/HoldoutComposite/Shaders/Private/HoldoutCompositeSSRInput.usf" 2016
"../../../Engine/Plugins/Experimental/Compositing/HoldoutComposite/Shaders/Private/HoldoutCompositeDilate.usf" 2017
"../../../Engine/Plugins/Runtime/HairStrands/Shaders/Private/NiagaraCopyVelocityGrid.usf" 2018
"../../../Engine/Plugins/Runtime/HairStrands/Shaders/Private/NiagaraClearVelocityGrid.usf" 2019
"../../../Engine/Plugins/Runtime/HairStrands/Shaders/Private/NiagaraClearPressureGrid.usf" 2020
"../../../Engine/Plugins/Runtime/HairStrands/Shaders/Private/NiagaraInterpolateGroomGuides.usf" 2021
"../../../Engine/Plugins/Runtime/HairStrands/Shaders/Private/NiagaraGroomInterpolationUtils.ush" 2022
"../../../Engine/Plugins/FX/Niagara/Shaders/Private/NiagaraQuaternionUtils.ush" 2023
"../../../Engine/Shaders/Private/HairStrands/HairStrandsMesh.usf" 2024
"../../../Engine/Shaders/Private/HairStrands/HairStrandsBindingCommon.ush" 2025
"../../../Engine/Shaders/Private/HairStrands/HairStrandsFollicleMask.usf" 2026
"../../../Engine/Shaders/Private/HairStrands/HairStrandsSkinUpdate.usf" 2027
"../../../Engine/Shaders/Private/HairStrands/HairStrandsClusterCulling.usf" 2028
"../../../Engine/Shaders/Private/ColorMap.ush" 2029
"../../../Engine/Shaders/Private/HairStrands/HairStrandsAABBCommon.ush" 2030
"../../../Engine/Shaders/Private/HairStrands/HairStrandsClusterCommon.ush" 2031
"../../../Engine/Shaders/Private/ThreadGroupPrefixSum.ush" 2032
"../../../Engine/Shaders/Private/HairStrands/HairStrandsRaytracingGeometry.usf" 2033
"../../../Engine/Shaders/Private/HairStrands/HairStrandsTangent.usf" 2034
"../../../Engine/Shaders/Private/HairStrands/HairCardsDeformation.usf" 2035
"../../../Engine/Shaders/Private/HairStrands/HairStrandsInterpolation.usf" 2036
"../../../Engine/Shaders/Private/HairStrands/HairStrandsGuideDeform.usf" 2037
"../../../Engine/Shaders/Private/HairStrands/HairStrandsTexturesGeneration.usf" 2038
"../../../Engine/Shaders/Private/HairStrands/HairCardsTextureCommon.ush" 2039
"../../../Engine/Shaders/Private/HairStrands/HairStrandsTranscode.usf" 2040
"../../../Engine/Shaders/Private/HairStrands/HairStrandsDebug.usf" 2041
"../../../Engine/Shaders/Private/HairShadingCommon.ush" 2042
"../../../Engine/Shaders/Private/PostProcessCommon.ush" 2043
"../../../Engine/Shaders/Private/Matrices.ush" 2044
"../../../Engine/Shaders/Private/ShadingModels.ush" 2045
"../../../Engine/Shaders/Private/CapsuleLight.ush" 2046
"../../../Engine/Shaders/Private/RectLight.ush" 2047
"../../../Engine/Shaders/Private/LightData.ush" 2048
"../../../Engine/Shaders/Shared/LightDefinitions.h" 2049
"../../../Engine/Shaders/Private/AreaLightCommon.ush" 2050
"../../../Engine/Shaders/Private/HairBsdf.ush" 2051
"../../../Engine/Shaders/Private/MobileGGX.ush" 2052
"../../../Engine/Shaders/Private/HairStrands/HairStrandsCommon.ush" 2053
"../../../Engine/Shaders/Private/HairStrands/HairStrandsEnvironmentLightingCommon.ush" 2054
"../../../Engine/Shaders/Private/HairStrands/HairStrandsDeepTransmittanceCommon.ush" 2055
"../../../Engine/Shaders/Private/HairStrands/HairStrandsDeepTransmittanceDualScattering.ush" 2056
"../../../Engine/Shaders/Private/HairStrands/HairStrandsDeepShadowCommon.ush" 2057
"../../../Engine/Shaders/Private/HairStrands/HairStrandsDebugCommonStruct.ush" 2058
"../../../Engine/Plugins/Media/WmfMedia/Shaders/Private/MediaHardwareVideoDecoding.usf" 2059
"../../../Engine/Shaders/Private/ColorUtils.ush" 2060
"../../../Engine/Plugins/NNE/NNEDenoiser/Shaders/NNEDenoiserShadersTransferFunctionOidn.usf" 2061
"../../../Engine/Plugins/NNE/NNEDenoiser/Shaders/NNEDenoiserShadersMappedCopy.usf" 2062
"../../../Engine/Plugins/NNE/NNEDenoiser/Shaders/NNEDenoiserShadersDefaultIOProcess.usf" 2063
"../../../Engine/Plugins/NNE/NNEDenoiser/Shaders/NNEDenoiserShadersAutoExposureReduceFinal.usf" 2064
"../../../Engine/Plugins/NNE/NNEDenoiser/Shaders/NNEDenoiserShadersAutoExposureReduce.usf" 2065
"../../../Engine/Plugins/NNE/NNEDenoiser/Shaders/NNEDenoiserShadersAutoExposureDownsample.usf" 2066
"../../../Engine/Plugins/Media/ImgMedia/Shaders/Private/ExrSwizzler.usf" 2067
"../../../Engine/Plugins/Experimental/NFORDenoise/Shaders/NFORDenoise.usf" 2068
"../../../Engine/Plugins/Experimental/NFORDenoise/Shaders/NFORRegressionCommon.ush" 2069
"../../../Engine/Plugins/Experimental/NFORDenoise/Shaders/NFORRegression.ush" 2070
"../../../Engine/Plugins/Enterprise/GLTFExporter/Shaders/Private/SimpleTexture2DPS.usf" 2071
"../../../Engine/Shaders/Private/SimpleElementNormalMapPixelShader.usf" 2072
"../../../Engine/Plugins/Runtime/ComputeFramework/Shaders/Private/ComputeKernel.usf" 2073
"../../../Engine/Plugins/Runtime/ComputeFramework/Shaders/Private/ComputeKernelCommon.ush" 2074
"../../../Engine/Plugins/FX/Niagara/Shaders/Private/Stateless/NiagaraStatelessSimulationExample1.usf" 2075
"../../../Engine/Plugins/FX/Niagara/Shaders/Private/Stateless/NiagaraStatelessSimulationTemplate.ush" 2076
"../../../Engine/Plugins/FX/Niagara/Shaders/Private/Stateless/NiagaraStatelessCommon.ush" 2077
"../../../Engine/Plugins/FX/Niagara/Shaders/Shared/NiagaraStatelessDefinitions.h" 2078
"../../../Engine/Plugins/FX/Niagara/Shaders/Shared/NiagaraStatelessBuiltDistribution.h" 2079
"../../../Engine/Plugins/FX/Niagara/Shaders/Private/Stateless/NiagaraStatelessDistribution.ush" 2080
"../../../Engine/Shaders/Private/ComputeShaderUtils.ush" 2081
"../../../Engine/Plugins/FX/Niagara/Shaders/Private/Stateless/Modules/NiagaraStatelessModule_CalculateAccurateVelocity.ush" 2082
"../../../Engine/Plugins/FX/Niagara/Shaders/Private/Stateless/Modules/NiagaraStatelessModule_CameraOffset.ush" 2083
"../../../Engine/Plugins/FX/Niagara/Shaders/Private/Stateless/Modules/NiagaraStatelessModule_DynamicMaterialParameters.ush" 2084
"../../../Engine/Plugins/FX/Niagara/Shaders/Private/Stateless/Modules/NiagaraStatelessModule_InitializeParticle.ush" 2085
"../../../Engine/Plugins/FX/Niagara/Shaders/Private/Stateless/Modules/NiagaraStatelessModule_InitialMeshOrientation.ush" 2086
"../../../Engine/Plugins/FX/Niagara/Shaders/Private/Stateless/Modules/NiagaraStatelessModule_MeshIndex.ush" 2087
"../../../Engine/Plugins/FX/Niagara/Shaders/Private/Stateless/Modules/NiagaraStatelessModule_MeshRotationRate.ush" 2088
"../../../Engine/Plugins/FX/Niagara/Shaders/Private/Stateless/Modules/NiagaraStatelessModule_RotateAroundPoint.ush" 2089
"../../../Engine/Plugins/FX/Niagara/Shaders/Private/Stateless/Modules/NiagaraStatelessModule_ShapeLocation.ush" 2090
"../../../Engine/Plugins/FX/Niagara/Shaders/Private/Stateless/Modules/NiagaraStatelessModule_ScaleColor.ush" 2091
"../../../Engine/Plugins/FX/Niagara/Shaders/Private/Stateless/Modules/NiagaraStatelessModule_ScaleSpriteSize.ush" 2092
"../../../Engine/Plugins/FX/Niagara/Shaders/Private/Stateless/Modules/NiagaraStatelessModule_ScaleSpriteSizeBySpeed.ush" 2093
"../../../Engine/Plugins/FX/Niagara/Shaders/Private/Stateless/Modules/NiagaraStatelessModule_ScaleMeshSize.ush" 2094
"../../../Engine/Plugins/FX/Niagara/Shaders/Private/Stateless/Modules/NiagaraStatelessModule_ScaleMeshSizebySpeed.ush" 2095
"../../../Engine/Plugins/FX/Niagara/Shaders/Private/Stateless/Modules/NiagaraStatelessModule_SolveVelocitiesAndForces.ush" 2096
"../../../Engine/Plugins/FX/Niagara/Shaders/Private/Stateless/Modules/NiagaraStatelessModule_SpriteFacingAndAlignment.ush" 2097
"../../../Engine/Plugins/FX/Niagara/Shaders/Private/Stateless/Modules/NiagaraStatelessModule_SpriteRotationRate.ush" 2098
"../../../Engine/Plugins/FX/Niagara/Shaders/Private/Stateless/Modules/NiagaraStatelessModule_SubUVAnimation.ush" 2099
"../../../Engine/Plugins/FX/Niagara/Shaders/Private/Stateless/NiagaraStatelessSimulationDefault.usf" 2100
"../../../Engine/Plugins/FX/Niagara/Shaders/Private/NiagaraSVTToDenseBuffer.usf" 2101
"../../../Engine/Shaders/Private/SparseVolumeTexture/SparseVolumeTextureCommon.ush" 2102
"../../../Engine/Plugins/FX/Niagara/Shaders/Private/NiagaraFillIntBuffer.usf" 2103
"../../../Engine/Plugins/FX/Niagara/Shaders/Private/NiagaraComputeFreeIDs.usf" 2104
"../../../Engine/Plugins/FX/Niagara/Shaders/Private/NiagaraInitFreeIDBuffer.usf" 2105
"../../../Engine/Plugins/FX/Niagara/Shaders/Private/NiagaraEmitterInstanceShader.usf" 2106
"../../../Engine/Plugins/FX/Niagara/Shaders/Private/NiagaraShaderVersion.ush" 2107
"../../../Engine/Shaders/Private/DistanceField/GlobalDistanceFieldShared.ush" 2108
"../../../Engine/Plugins/FX/Niagara/Shaders/Private/NiagaraPhysicsCommon.ush" 2109
"../../../Engine/Plugins/FX/Niagara/Shaders/Private/Ribbons/NiagaraRibbonGenerateIndices.usf" 2110
"../../../Engine/Plugins/FX/Niagara/Shaders/Private/Ribbons/NiagaraRibbonCommon.ush" 2111
"../../../Engine/Plugins/FX/Niagara/Shaders/Private/Ribbons/NiagaraRibbonInitializeIndices.usf" 2112
"../../../Engine/Plugins/FX/Niagara/Shaders/Private/Ribbons/NiagaraRibbonRibbonUVParamCalculation.usf" 2113
"../../../Engine/Plugins/FX/Niagara/Shaders/Private/Ribbons/NiagaraRibbonVertexReductionFinalization.usf" 2114
"../../../Engine/Plugins/FX/Niagara/Shaders/Private/Ribbons/NiagaraRibbonVertexReductionPropagation.usf" 2115
"../../../Engine/Plugins/FX/Niagara/Shaders/Private/Ribbons/NiagaraRibbonVertexReductionInitialization.usf" 2116
"../../../Engine/Plugins/FX/Niagara/Shaders/Private/Ribbons/NiagaraRibbonSortParticles.usf" 2117
"../../../Engine/Plugins/FX/Niagara/Shaders/Private/NiagaraUpdateMeshGPUSceneInstances.usf" 2118
"../../../Engine/Shaders/Private/GPUScene/GPUSceneWriter.ush" 2119
"../../../Engine/Plugins/FX/Niagara/Shaders/Private/NiagaraGenerateMips.usf" 2120
"../../../Engine/Plugins/FX/Niagara/Shaders/Private/NiagaraDebugDraw.usf" 2121
"../../../Engine/Plugins/FX/Niagara/Shaders/Private/NiagaraDebugDraw.ush" 2122
"../../../Engine/Plugins/FX/Niagara/Shaders/Private/NiagaraVisualizeTexture.usf" 2123
"../../../Engine/Plugins/FX/Niagara/Shaders/Private/NiagaraClearCounts.usf" 2124
"../../../Engine/Plugins/FX/Niagara/Shaders/Private/NiagaraBatchedElements.usf" 2125
"../../../Engine/Plugins/FX/Niagara/Shaders/Private/NiagaraRayTracingShaders.usf" 2126
"../../../Engine/Plugins/FX/Niagara/Shaders/Private/NiagaraAsyncGpuTraceCommon.ush" 2127
"../../../Engine/Shaders/Private/HashTable.ush" 2128
"../../../Engine/Shaders/Private/Hash.ush" 2129
"../../../Engine/Shaders/Private/RayTracing/VFXTraceRay.ush" 2130
"../../../Engine/Plugins/FX/Niagara/Shaders/Private/NiagaraRayMarchingShaders.usf" 2131
"../../../Engine/Plugins/FX/Niagara/Shaders/Private/NiagaraRayTraceCollisionGroupShaders.usf" 2132
"../../../Engine/Plugins/FX/Niagara/Shaders/Private/NiagaraAsyncGpuTraceUtils.usf" 2133
"../../../Engine/Plugins/FX/Niagara/Shaders/Private/NiagaraSortKeyGen.usf" 2134
"../../../Engine/Plugins/FX/Niagara/Shaders/Private/NiagaraGPURayTracingTransforms.usf" 2135
"../../../Engine/Plugins/FX/Niagara/Shaders/Private/NiagaraDrawIndirectArgsGen.usf" 2136
"../../../Engine/Plugins/FX/Niagara/Shaders/Private/NiagaraDispatchIndirectArgsGen.usf" 2137
"../../../Engine/Shaders/Private/VirtualTextureAdapter.usf" 2138
"../../../Engine/Shaders/Private/BlockCompressionCommon.ush" 2139
"../../../Engine/Shaders/Private/BCCompressionCommon.ush" 2140
"../../../Engine/Shaders/Private/TranslucentLightingShaders.usf" 2141
"../../../Engine/Shaders/Private/SHCommon.ush" 2142
"../../../Engine/Shaders/Private/ShadowProjectionCommon.ush" 2143
"../../../Engine/Shaders/Private/CubemapCommon.ush" 2144
"../../../Engine/Shaders/Private/VectorFieldCompositeShaders.usf" 2145
"../../../Engine/Shaders/Private/UpdateTextureShaders.usf" 2146
"../../../Engine/Shaders/Private/StereoLayerShader.usf" 2147
"../../../Engine/Shaders/Private/SparseVolumeTexture/UpdateSparseVolumeTexture.usf" 2148
"../../../Engine/Shaders/Private/MorphTargets.usf" 2149
"../../../Engine/Shaders/Private/SimpleElementColorChannelMaskPixelShader.usf" 2150
"../../../Engine/Shaders/Private/SimpleElementHitProxyPixelShader.usf" 2151
"../../../Engine/Shaders/Private/SimpleElementPixelShader.usf" 2152
"../../../Engine/Shaders/Private/IESLightProfilesCommon.ush" 2153
"../../../Engine/Shaders/Private/SimpleElementVertexShader.usf" 2154
"../../../Engine/Shaders/Private/ScreenPixelShaderOES.usf" 2155
"../../../Engine/Shaders/Private/ScreenVertexShader.usf" 2156
"../../../Engine/Shaders/Private/ScreenPixelShader.usf" 2157
"../../../Engine/Shaders/Private/SSProfilePreIntegratedMobile.usf" 2158
"../../../Engine/Shaders/Private/SpecularProfile.usf" 2159
"../../../Engine/Shaders/Private/Nanite/NaniteStreaming.usf" 2160
"../../../Engine/Shaders/Private/Nanite/NaniteStreaming.ush" 2161
"../../../Engine/Shaders/Private/Nanite/NaniteTranscode.usf" 2162
"../../../Engine/Shaders/Private/VolumetricLightmapStreaming.usf" 2163
"../../../Engine/Shaders/Private/PhysicsFieldReset.usf" 2164
"../../../Engine/Shaders/Private/PhysicsFieldBuilder.usf" 2165
"../../../Engine/Shaders/Private/PhysicsFieldEval.ush" 2166
"../../../Engine/Shaders/Private/ParticleSortKeyGen.usf" 2167
"../../../Engine/Shaders/Private/ParticleBoundsShader.usf" 2168
"../../../Engine/Shaders/Private/ParticleSimVisualizeShader.usf" 2169
"../../../Engine/Shaders/Private/ParticleInjectionShader.usf" 2170
"../../../Engine/Shaders/Private/ParticleSimulationShader.usf" 2171
"../../../Engine/Shaders/Private/ParticleCurveInjectionShader.usf" 2172
"../../../Engine/Shaders/Private/CopyUIntBuffer.usf" 2173
"../../../Engine/Shaders/Private/RadixSortShaders.usf" 2174
"../../../Engine/Shaders/Private/RecomputeTangentsPerVertexPass.usf" 2175
"../../../Engine/Shaders/Private/RecomputeTangentsCommon.ush" 2176
"../../../Engine/Shaders/Private/RecomputeTangentsPerTrianglePass.usf" 2177
"../../../Engine/Shaders/Private/GpuSkinCacheComputeShader.usf" 2178
"../../../Engine/Shaders/Private/HeightFieldAtlasManagement.usf" 2179
"../../../Engine/Shaders/Private/LandscapePhysicalMaterial.usf" 2180
"../../../Engine/Shaders/Private/MaterialTemplate.ush" 2181
"../../../Engine/Shaders/Private/WorldSpaceMath.ush" 2182
"../../../Engine/Shaders/Private/EyeAdaptationCommon.ush" 2183
"../../../Engine/Shaders/Private/SobolRandom.ush" 2184
"../../../Engine/Shaders/Private/DepthOfFieldCommon.ush" 2185
"../../../Engine/Shaders/Private/CircleDOFCommon.ush" 2186
"../../../Engine/Shaders/Private/PhysicsFieldSampler.ush" 2187
"../../../Engine/Shaders/Private/PhysicsFieldShared.ush" 2188
"../../../Engine/Shaders/Shared/EnvironmentComponentsFlags.h" 2189
"../../../Engine/Shaders/Private/MeshPaintTextureCommon.ush" 2190
"../../../Engine/Shaders/Private/SpeedTreeCommon.ush" 2191
"../../../Engine/Shaders/Private/VirtualTextureCommon.ush" 2192
"../../../Engine/Shaders/Private/MaterialTexture.ush" 2193
"../../../Engine/Shaders/Private/MinMaterialTexCoords.ush" 2194
"../../../Engine/Shaders/Private/SkyAtmosphereCommon.ush" 2195
"../../../Engine/Shaders/Private/SingleLayerWaterCommon.ush" 2196
"../../../Engine/Shaders/Private/TextureSampling.ush" 2197
"../../../Engine/Shaders/Private/PaniniProjection.ush" 2198
"../../../Engine/Shaders/Private/DBufferNormalReprojection.ush" 2199
"../../../Engine/Shaders/Public/SubstratePublic.ush" 2200
"../../../Engine/Shaders/Private/Substrate/SubstrateTree.ush" 2201
"../../../Engine/Shaders/Private/Substrate/SubstrateEvaluation.ush" 2202
"../../../Engine/Shaders/Private/Substrate/Glint/GlintThirdParty.ush" 2203
"../../../Engine/Shaders/Private/BlueNoise.ush" 2204
"../../../Engine/Shaders/Private/ShadingModelsSampling.ush" 2205
"../../../Engine/Shaders/Private/HairStrands/HairBsdfSample.ush" 2206
"../../../Engine/Shaders/Private/Substrate/SubstrateLegacyConversion.ush" 2207
"../../../Engine/Shaders/Private/DBufferDecalShared.ush" 2208
"../../../Engine/Shaders/Private/LandscapeGrassWeight.usf" 2209
"../../../Engine/Shaders/Private/Landscape/LandscapeEditLayersUtils.usf" 2210
"../../../Engine/Shaders/Private/Landscape/LandscapeCommon.ush" 2211
"../../../Engine/Shaders/Private/Landscape/LandscapeEditLayersWeightmaps.usf" 2212
"../../../Engine/Shaders/Private/Landscape/LandscapeEditLayersHeightmaps.usf" 2213
"../../../Engine/Shaders/Private/Landscape/LandscapeLayersWeightmapsPS.usf" 2214
"../../../Engine/Shaders/Private/Landscape/LandscapeLayersHeightmapsPS.usf" 2215
"../../../Engine/Shaders/Private/LandscapeLayersCS.usf" 2216
"../../../Engine/Shaders/Private/LandscapeLayersPS.usf" 2217
"../../../Engine/Shaders/Private/LandscapeLayersVS.usf" 2218
"../../../Engine/Shaders/Private/Landscape/LandscapeCulling.usf" 2219
"../../../Engine/Shaders/Private/Nanite/NaniteHZBCull.ush" 2220
"../../../Engine/Shaders/Private/Landscape/LandscapeMergeTexturesPS.usf" 2221
"../../../Engine/Shaders/Private/WideCustomResolveShaders.usf" 2222
"../../../Engine/Shaders/Private/WideCustomResolve_Wide.ush" 2223
"../../../Engine/Shaders/Private/WideCustomResolve_Wider.ush" 2224
"../../../Engine/Shaders/Private/WideCustomResolve_Widest.ush" 2225
"../../../Engine/Shaders/Private/WaterInfoTextureBlur.usf" 2226
"../../../Engine/Shaders/Private/WaterInfoTextureMerge.usf" 2227
"../../../Engine/Shaders/Private/PageTableUpdate.usf" 2228
"../../../Engine/Shaders/Private/VirtualTextureCompress.usf" 2229
"../../../Engine/Shaders/Private/ETCCompressionCommon.ush" 2230
"../../../Engine/Shaders/Private/VirtualTextureMaterial.usf" 2231
"../../../Engine/Shaders/Private/PixelShaderOutputCommon.ush" 2232
"../../../Engine/Shaders/Private/ShaderOutputCommon.ush" 2233
"../../../Engine/Shaders/Private/VolumetricRenderTarget.usf" 2234
"../../../Engine/Shaders/Private/HeightFogCommon.ush" 2235
"../../../Engine/Shaders/Private/LocalFogVolumes/LocalFogVolumeCommon.ush" 2236
"../../../Engine/Shaders/Private/ReflectionEnvironmentShared.ush" 2237
"../../../Engine/Shaders/Private/VolumetricFogVoxelization.usf" 2238
"../../../Engine/Shaders/Private/VolumetricCloudMaterialPixelCommon.ush" 2239
"../../../Engine/Shaders/Private/VolumetricFogLightFunction.usf" 2240
"../../../Engine/Shaders/Private/LightFunctionCommon.ush" 2241
"../../../Engine/Shaders/Private/VolumetricFog.usf" 2242
"../../../Engine/Shaders/Private/DeferredLightingCommon.ush" 2243
"../../../Engine/Shaders/Private/DynamicLightingCommon.ush" 2244
"../../../Engine/Shaders/Private/CapsuleLightIntegrate.ush" 2245
"../../../Engine/Shaders/Private/CapsuleLightSampling.ush" 2246
"../../../Engine/Shaders/Private/RectLightIntegrate.ush" 2247
"../../../Engine/Shaders/Private/ScreenSpaceShadowRayCast.ush" 2248
"../../../Engine/Shaders/Private/LightFunctionAtlas/LightFunctionAtlasCommon.usf" 2249
"../../../Engine/Shaders/Private/HeterogeneousVolumes/HeterogeneousVolumesAdaptiveVolumetricShadowMapSampling.ush" 2250
"../../../Engine/Shaders/Private/HeterogeneousVolumes/HeterogeneousVolumesAdaptiveVolumetricShadowMapUtils.ush" 2251
"../../../Engine/Shaders/Private/HeterogeneousVolumes/HeterogeneousVolumesRayMarchingUtils.ush" 2252
"../../../Engine/Shaders/Private/HeterogeneousVolumes/HeterogeneousVolumesRayMarchingTypes.ush" 2253
"../../../Engine/Shaders/Private/PathTracing/Utilities/PathTracingRandomSequence.ush" 2254
"../../../Engine/Shaders/Private/HeterogeneousVolumes/HeterogeneousVolumesTracingUtils.ush" 2255
"../../../Engine/Shaders/Private/VelocityCommon.ush" 2256
"../../../Engine/Shaders/Private/HeterogeneousVolumes/HeterogeneousVolumesTransmittanceVolumeUtils.ush" 2257
"../../../Engine/Shaders/Private/ForwardShadowingCommon.ush" 2258
"../../../Engine/Shaders/Private/ShadowFilteringCommon.ush" 2259
"../../../Engine/Shaders/Private/PixelQuadMessagePassing.ush" 2260
"../../../Engine/Shaders/Private/VolumeLightingCommon.ush" 2261
"../../../Engine/Shaders/Private/VolumeLightingCommonSampling.ush" 2262
"../../../Engine/Shaders/Private/Lumen/LumenTranslucencyVolumeShared.ush" 2263
"../../../Engine/Shaders/Private/Lumen/LumenRadianceCacheInterpolation.ush" 2264
"../../../Engine/Shaders/Private/HeterogeneousVolumes/HeterogeneousVolumesAdaptiveVolumetricShadowMapSampler.ush" 2265
"../../../Engine/Shaders/Private/LightGridCommon.ush" 2266
"../../../Engine/Shaders/Private/DistanceFieldAOShared.ush" 2267
"../../../Engine/Shaders/Private/IntersectionUtils.ush" 2268
"../../../Engine/Shaders/Private/VolumetricLightmapShared.ush" 2269
"../../../Engine/Shaders/Private/LightDataUniforms.ush" 2270
"../../../Engine/Shaders/Private/VirtualShadowMaps/VirtualShadowMapProjectionCommon.ush" 2271
"../../../Engine/Shaders/Private/VirtualShadowMaps/VirtualShadowMapPageAccessCommon.ush" 2272
"../../../Engine/Shaders/Shared/VirtualShadowMapDefinitions.h" 2273
"../../../Engine/Shaders/Shared/HLSLMathAliases.h" 2274
"../../../Engine/Shaders/Private/VirtualShadowMaps/VirtualShadowMapProjectionStructs.ush" 2275
"../../../Engine/Shaders/Private/VolumetricCloudCommon.ush" 2276
"../../../Engine/Shaders/Private/VolumetricCloud.usf" 2277
"../../../Engine/Shaders/Private/VisualizeVolumetricLightmap.usf" 2278
"../../../Engine/Shaders/Private/VirtualShadowMaps/VirtualShadowMapProjectionComposite.usf" 2279
"../../../Engine/Shaders/Private/LightShaderParameters.ush" 2280
"../../../Engine/Shaders/Private/VirtualShadowMaps/VirtualShadowMapMaskBitsCommon.ush" 2281
"../../../Engine/Shaders/Private/VirtualShadowMaps/VirtualShadowMapLightGrid.ush" 2282
"../../../Engine/Shaders/Private/VirtualShadowMaps/VirtualShadowMapProjection.usf" 2283
"../../../Engine/Shaders/Private/Visualization.ush" 2284
"../../../Engine/Shaders/Private/VirtualShadowMaps/VirtualShadowMapProjectionFilter.ush" 2285
"../../../Engine/Shaders/Private/VirtualShadowMaps/VirtualShadowMapProjectionDirectional.ush" 2286
"../../../Engine/Shaders/Private/VirtualShadowMaps/VirtualShadowMapSMRTCommon.ush" 2287
"../../../Engine/Shaders/Private/VirtualShadowMaps/VirtualShadowMapSMRTTemplate.ush" 2288
"../../../Engine/Shaders/Private/VirtualShadowMaps/VirtualShadowMapProjectionSpot.ush" 2289
"../../../Engine/Shaders/Private/VirtualShadowMaps/VirtualShadowMapTransmissionCommon.ush" 2290
"../../../Engine/Shaders/Private/VirtualShadowMaps/VirtualShadowMapScreenRayTrace.ush" 2291
"../../../Engine/Shaders/Private/VirtualShadowMaps/VirtualShadowMapStats.ush" 2292
"../../../Engine/Shaders/Private/HairStrands/HairStrandsVoxelPageCommon.ush" 2293
"../../../Engine/Shaders/Private/HairStrands/HairStrandsVoxelPageTraversal.ush" 2294
"../../../Engine/Shaders/Private/VirtualShadowMaps/VirtualShadowMapCacheLoadBalancer.usf" 2295
"../../../Engine/Shaders/Private/VirtualShadowMaps/VirtualShadowMapPageCacheCommon.ush" 2296
"../../../Engine/Shaders/Private/VirtualShadowMaps/VirtualShadowMapCacheInvalidation.ush" 2297
"../../../Engine/Shaders/Private/VirtualShadowMaps/VirtualShadowMapPageOverlap.ush" 2298
"../../../Engine/Shaders/Private/ScreenSpaceDenoise/SSDDefinitions.ush" 2299
"../../../Engine/Shaders/Private/InstanceCulling/InstanceCullingLoadBalancer.ush" 2300
"../../../Engine/Shaders/Private/VirtualShadowMaps/VirtualShadowMapCopyStats.usf" 2301
"../../../Engine/Shaders/Private/VirtualShadowMaps/VirtualShadowMapDebug.usf" 2302
"../../../Engine/Shaders/Private/VirtualShadowMaps/Desaturate.usf" 2303
"../../../Engine/Shaders/Private/VirtualShadowMaps/VirtualShadowMapPhysicalPageManagement.usf" 2304
"../../../Engine/Shaders/Private/ReductionCommon.ush" 2305
"../../../Engine/Shaders/Private/GPUMessaging.ush" 2306
"../../../Engine/Shaders/Private/VirtualShadowMaps/VirtualShadowMapPerPageDispatch.ush" 2307
"../../../Engine/Shaders/Private/VirtualShadowMaps/VirtualShadowMapBuildPerPageDrawCommands.usf" 2308
"../../../Engine/Shaders/Private/Nanite/NaniteCullingCommon.ush" 2309
"../../../Engine/Shaders/Private/Nanite/NaniteCulling.ush" 2310
"../../../Engine/Shaders/Private/Nanite/NaniteHierarchyTraversalCommon.ush" 2311
"../../../Engine/Shaders/Private/InstanceCulling/InstanceCullingCommon.ush" 2312
"../../../Engine/Shaders/Shared/InstanceCullingDefinitions.h" 2313
"../../../Engine/Shaders/Private/VirtualShadowMaps/VirtualShadowMapPrintStats.usf" 2314
"../../../Engine/Shaders/Private/VirtualShadowMaps/VirtualShadowMapPageManagement.usf" 2315
"../../../Engine/Shaders/Private/VirtualShadowMaps/VirtualShadowMapPageMarking.usf" 2316
"../../../Engine/Shaders/Shared/SingleLayerWaterDefinitions.h" 2317
"../../../Engine/Shaders/Private/HairStrands/HairStrandsTileCommon.ush" 2318
"../../../Engine/Shaders/Private/Froxel/Froxel.ush" 2319
"../../../Engine/Shaders/Shared/FroxelDefinitions.h" 2320
"../../../Engine/Shaders/Private/VariableRateShading/VRSShadingRatePreview.usf" 2321
"../../../Engine/Shaders/Private/VariableRateShading/VRSShadingRateCommon.ush" 2322
"../../../Engine/Shaders/Private/VariableRateShading/VRSShadingRateCombine.usf" 2323
"../../../Engine/Shaders/Private/VariableRateShading/VRSShadingRateFoveated.usf" 2324
"../../../Engine/Shaders/Private/VariableRateShading/VRSShadingRateReproject.usf" 2325
"../../../Engine/Shaders/Private/VariableRateShading/VRSShadingRateCalculate.usf" 2326
"../../../Engine/Shaders/Private/TranslucencyUpsampling.usf" 2327
"../../../Engine/Shaders/Private/ComposeSeparateTranslucency.usf" 2328
"../../../Engine/Shaders/Private/SeparateTranslucency.ush" 2329
"../../../Engine/Shaders/Private/TranslucentLightInjectionShaders.usf" 2330
"../../../Engine/Shaders/Private/TranslucentShadowDepthShaders.usf" 2331
"../../../Engine/Shaders/Private/ShadowDepthCommon.ush" 2332
"../../../Engine/Shaders/Private/RayTracing/RayTracingTest.usf" 2333
"../../../Engine/Shaders/Private/PostProcessSubsurfaceTile.usf" 2334
"../../../Engine/Shaders/Private/Substrate/SubstrateVisualize.usf" 2335
"../../../Engine/Shaders/Private/Substrate/SubstrateTile.ush" 2336
"../../../Engine/Shaders/Private/Substrate/SubstrateVisualizeCommon.ush" 2337
"../../../Engine/Shaders/Private/SkyLightingDiffuseShared.ush" 2338
"../../../Engine/Shaders/Private/SkyLightingShared.ush" 2339
"../../../Engine/Shaders/Private/ClearCoatCommon.ush" 2340
"../../../Engine/Shaders/Private/ReflectionEnvironmentComposite.ush" 2341
"../../../Engine/Shaders/Private/Substrate/SubstrateLightingCommon.ush" 2342
"../../../Engine/Shaders/Private/Substrate/SubstrateRoughRefraction.usf" 2343
"../../../Engine/Shaders/Private/PathTracing/Material/PathTracingFresnel.ush" 2344
"../../../Engine/Shaders/Private/PathTracing/Material/PathTracingGlossy.ush" 2345
"../../../Engine/Shaders/Private/Substrate/SubstrateTile.usf" 2346
"../../../Engine/Shaders/Private/Substrate/SubstrateMaterialClassification.usf" 2347
"../../../Engine/Shaders/Private/Substrate/SubstrateDBuffer.usf" 2348
"../../../Engine/Shaders/Private/StochasticLighting/StochasticLightingDenoising.usf" 2349
"../../../Engine/Shaders/Private/Lumen/LumenMaterial.ush" 2350
"../../../Engine/Shaders/Private/StochasticLighting/StochasticLightingCommon.ush" 2351
"../../../Engine/Shaders/Private/SplineMeshSceneTexture.usf" 2352
"../../../Engine/Shaders/Private/SparseVolumeTexture/VisualizeSparseVolumeTexture.usf" 2353
"../../../Engine/Shaders/Private/SkyAtmosphere.usf" 2354
"../../../Engine/Shaders/Private/CopyDepthTexture.usf" 2355
"../../../Engine/Shaders/Private/SingleLayerWaterComposite.usf" 2356
"../../../Engine/Shaders/Private/Froxel/FroxelBuild.ush" 2357
"../../../Engine/Shaders/Private/ScreenSpaceShadows.usf" 2358
"../../../Engine/Shaders/Private/bend_sss_gpu.ush" 2359
"../../../Engine/Shaders/Private/ShadowFactorsUpsampleCommon.ush" 2360
"../../../Engine/Shaders/Private/ShadowProjectionVertexShader.usf" 2361
"../../../Engine/Shaders/Private/ShadowProjectionPixelShader.usf" 2362
"../../../Engine/Shaders/Private/MobileLightingCommon.ush" 2363
"../../../Engine/Shaders/Private/PlanarReflectionShared.ush" 2364
"../../../Engine/Shaders/Private/MobileSSR.ush" 2365
"../../../Engine/Shaders/Private/SSRT/SSRTRayCast.ush" 2366
"../../../Engine/Shaders/Private/ShadowPercentageCloserFiltering.ush" 2367
"../../../Engine/Shaders/Private/TransmissionThickness.ush" 2368
"../../../Engine/Shaders/Private/CopyShadowMaps.usf" 2369
"../../../Engine/Shaders/Private/ShadowDepthPixelShader.usf" 2370
"../../../Engine/Shaders/Private/ShadowDepthVertexShader.usf" 2371
"../../../Engine/Shaders/Private/ShadingEnergyConservationTable.usf" 2372
"../../../Engine/Shaders/Shared/PathTracingDefinitions.h" 2373
"../../../Engine/Shaders/Private/ShadingFurnaceTest.usf" 2374
"../../../Engine/Shaders/Private/Substrate/SubstrateDeferredLighting.ush" 2375
"../../../Engine/Shaders/Private/ShaderPrintDraw.usf" 2376
"../../../Engine/Shaders/Private/ShaderPrintDrawPrimitive.usf" 2377
"../../../Engine/Shaders/Private/DefaultSSRTiles.usf" 2378
"../../../Engine/Shaders/Private/ScreenSpaceReflectionTileCommons.ush" 2379
"../../../Engine/Shaders/Private/SSRT/SSRTDiffuseIndirect.usf" 2380
"../../../Engine/Shaders/Private/SSRT/SSRTTileClassificationBuffer.ush" 2381
"../../../Engine/Shaders/Private/SSRT/SSRTReflections.usf" 2382
"../../../Engine/Shaders/Private/ScreenSpaceDenoise/SSDPublic.ush" 2383
"../../../Engine/Shaders/Private/SSRT/SSRTTileClassification.usf" 2384
"../../../Engine/Shaders/Private/SSRT/SSRTPrevFrameReduction.usf" 2385
"../../../Engine/Shaders/Private/ScreenSpaceDenoise/SSDComposeHarmonics.usf" 2386
"../../../Engine/Shaders/Private/ScreenSpaceDenoise/SSDPublicHarmonics.ush" 2387
"../../../Engine/Shaders/Private/ScreenSpaceDenoise/SSDSignalFramework.ush" 2388
"../../../Engine/Shaders/Private/ScreenSpaceDenoise/SSDCommon.ush" 2389
"../../../Engine/Shaders/Private/SphericalGaussian.ush" 2390
"../../../Engine/Shaders/Public/WaveBroadcastIntrinsics.ush" 2391
"../../../Engine/Shaders/Private/ScreenSpaceDenoise/SSDMetadata.ush" 2392
"../../../Engine/Shaders/Private/ScreenSpaceDenoise/SSDSignalCore.ush" 2393
"../../../Engine/Shaders/Private/ScreenSpaceDenoise/DenoisingCommon.ush" 2394
"../../../Engine/Shaders/Private/ScreenSpaceDenoise/SSDSignalArray.ush" 2395
"../../../Engine/Shaders/Private/ScreenSpaceDenoise/SSDSignalBufferEncoding.ush" 2396
"../../../Engine/Shaders/Private/ScreenSpaceDenoise/SSDPublicBufferEncoding.ush" 2397
"../../../Engine/Shaders/Private/Lumen/LumenBufferEncoding.ush" 2398
"../../../Engine/Shaders/Private/ScreenSpaceDenoise/SSDTemporalAccumulation.usf" 2399
"../../../Engine/Shaders/Private/ScreenSpaceDenoise/SSDSpatialKernel.ush" 2400
"../../../Engine/Shaders/Private/ScreenSpaceDenoise/SSDSignalAccumulatorArray.ush" 2401
"../../../Engine/Shaders/Private/ScreenSpaceDenoise/SSDSignalAccumulator.ush" 2402
"../../../Engine/Shaders/Private/ScreenSpaceDenoise/SSDSignalCompression.ush" 2403
"../../../Engine/Shaders/Private/ScreenSpaceDenoise/SSDSpatialAccumulation.usf" 2404
"../../../Engine/Shaders/Private/ScreenSpaceDenoise/SSDInjest.usf" 2405
"../../../Engine/Shaders/Private/ScreenSpaceDenoise/SSDCompressMetadata.usf" 2406
"../../../Engine/Shaders/Private/DownsampleDepthPixelShader.usf" 2407
"../../../Engine/Shaders/Private/ScreenPass.usf" 2408
"../../../Engine/Shaders/Private/HZB.usf" 2409
"../../../Engine/Shaders/Private/OcclusionFeedbackShaders.usf" 2410
"../../../Engine/Shaders/Private/HZBOcclusion.usf" 2411
"../../../Engine/Shaders/Private/OcclusionQueryPixelShader.usf" 2412
"../../../Engine/Shaders/Private/OcclusionQueryVertexShader.usf" 2413
"../../../Engine/Shaders/Private/HitProxyCopy.usf" 2414
"../../../Engine/Shaders/Private/HitProxyPixelShader.usf" 2415
"../../../Engine/Shaders/Private/HitProxyVertexShader.usf" 2416
"../../../Engine/Shaders/Private/SceneCulling/SceneCullingDebugRender.usf" 2417
"../../../Engine/Shaders/Private/SceneCulling/SceneCulling.ush" 2418
"../../../Engine/Shaders/Shared/SceneCullingDefinitions.h" 2419
"../../../Engine/Shaders/Private/SceneCulling/SceneCullingBuildExplicitBounds.usf" 2420
"../../../Engine/Shaders/Private/SceneCapturePixelShader.usf" 2421
"../../../Engine/Shaders/Private/RendererUtils.usf" 2422
"../../../Engine/Shaders/Private/RTWriteMaskDecode.usf" 2423
"../../../Engine/Shaders/Private/ReflectionEnvironmentShaders.usf" 2424
"../../../Engine/Shaders/Private/RectLightAtlas.usf" 2425
"../../../Engine/Shaders/Private/RayTracing/TraceRayInlineStatistics.usf" 2426
"../../../Engine/Shaders/Private/RayTracing/CompositeSkyLightPS.usf" 2427
"../../../Engine/Shaders/Private/RayTracing/GenerateSkyLightVisibilityRaysCS.usf" 2428
"../../../Engine/Shaders/Private/RayTracing/RayTracingSkyLightCommon.ush" 2429
"../../../Engine/Shaders/Private/RayTracing/SkyLightVisibilityRaysData.ush" 2430
"../../../Engine/Shaders/Private/Raytracing/RaytracingSkylightRGS.usf" 2431
"../../../Engine/Shaders/Private/HairStrands/HairStrandsRaytracing.ush" 2432
"../../../Engine/Shaders/Private/Raytracing/RayTracingSkyLightEvaluation.ush" 2433
"../../../Engine/Shaders/Private/Raytracing/RayTracingDeferredShadingCommon.ush" 2434
"../../../Engine/Shaders/Private/RayTracing/RayTracingOcclusionRGS.usf" 2435
"../../../Engine/Shaders/Private/RayTracing/RayTracingDirectionalLight.ush" 2436
"../../../Engine/Shaders/Private/RayTracing/RayTracingRectLight.ush" 2437
"../../../Engine/Shaders/Private/RayTracing/RayTracingSphereLight.ush" 2438
"../../../Engine/Shaders/Private/RayTracing/RayTracingCapsuleLight.ush" 2439
"../../../Engine/Shaders/Private/RayTracing/RayTracingPrimaryRays.usf" 2440
"../../../Engine/Shaders/Private/RayTracing/RayTracingLightingCommon.ush" 2441
"../../../Engine/Shaders/Private/RayTracing/RayTracingLightCullingCommon.ush" 2442
"../../../Engine/Shaders/Private/RayTracing/RayTracingMaterialDefaultHitShaders.usf" 2443
"../../../Engine/Shaders/Private/RayTracing/RayTracingMaterialHitShaders.usf" 2444
"../../../Engine/Shaders/Private/RayTracing/RayTracingShaderUtils.ush" 2445
"../../../Engine/Shaders/Private/RayTracing/RayTracingCalcInterpolants.ush" 2446
"../../../Engine/Shaders/Private/LightmapCommon.ush" 2447
"../../../Engine/Shaders/Private/Lumen/LumenHardwareRayTracingPayloadCommon.ush" 2448
"../../../Engine/Shaders/Shared/LumenDefinitions.h" 2449
"../../../Engine/Shaders/Private/Substrate/SubstrateExport.ush" 2450
"../../../Engine/Shaders/Private/RayTracing/RayTracingLightingMS.usf" 2451
"../../../Engine/Shaders/Private/RayTracing/RayTracingLightFunctionCommon.ush" 2452
"../../../Engine/Shaders/Private/RayTracing/RayTracingBuildLightGrid.usf" 2453
"../../../Engine/Shaders/Private/Raytracing/RayTracingInstanceBufferUtil.usf" 2454
"../../../Engine/Shaders/Private/RayTracing/RayTracingDynamicMesh.usf" 2455
"../../../Engine/Shaders/Private/RayTracing/RayTracingDefaultDecalHitShader.usf" 2456
"../../../Engine/Shaders/Private/RayTracing/RayTracingDecalMaterialShader.usf" 2457
"../../../Engine/Shaders/Private/PathTracing/PathTracingShaderUtils.ush" 2458
"../../../Engine/Shaders/Private/PathTracing/PathTracingCommon.ush" 2459
"../../../Engine/Shaders/Private/PathTracing/Material/PathTracingMaterialCommon.ush" 2460
"../../../Engine/Shaders/Private/RayTracing/RayTracingBuildDecalGrid.usf" 2461
"../../../Engine/Shaders/Private/RayTracing/RayTracingDebugHitStatsUtils.usf" 2462
"../../../Engine/Shaders/Private/RayTracing/RayTracingDebugInstanceOverlap.usf" 2463
"../../../Engine/Shaders/Private/RayTracing/RayTracingDebugPicking.usf" 2464
"../../../Engine/Shaders/Private/RayTracing/RayTracingDebugUtils.ush" 2465
"../../../Engine/Shaders/Shared/RayTracingDebugTypes.h" 2466
"../../../Engine/Shaders/Private/RayTracing/RayTracingDebugTraversal.usf" 2467
"../../../Engine/Shaders/Private/RayTracing/RayTracingDeferredMaterials.ush" 2468
"../../../Engine/Shaders/Shared/ThirdParty/AMD/ags_shader_intrinsics_dx12.h" 2469
"../../../Engine/Shaders/Shared/RayTracingDebugDefinitions.h" 2470
"../../../Engine/Shaders/Private/RayTracing/RayTracingDebugHitStatsCHS.usf" 2471
"../../../Engine/Shaders/Private/RayTracing/RayTracingDebugHitStats.usf" 2472
"../../../Engine/Shaders/Private/RayTracing/RayTracingDebugMS.usf" 2473
"../../../Engine/Shaders/Private/RayTracing/RayTracingDebugCHS.usf" 2474
"../../../Engine/Shaders/Private/RayTracing/RayTracingDebug.usf" 2475
"../../../Engine/Shaders/Private/RayTracing/RayTracingBuiltInShaders.usf" 2476
"../../../Engine/Shaders/Private/RayTracing/RayTracingBarycentrics.usf" 2477
"../../../Engine/Shaders/Private/RayTracing/RayTracingAmbientOcclusionRGS.usf" 2478
"../../../Engine/Shaders/Private/VisualizeShadingModels.usf" 2479
"../../../Engine/Shaders/Private/MotionBlur/VisualizeMotionVectors.usf" 2480
"../../../Engine/Shaders/Private/TemporalSuperResolution/TSRVisualize.usf" 2481
"../../../Engine/Shaders/Private/TemporalSuperResolution/TSRColorSpace.ush" 2482
"../../../Engine/Shaders/Private/TemporalSuperResolution/TSRCommon.ush" 2483
"../../../Engine/Shaders/Public/DualPixelVectorization.ush" 2484
"../../../Engine/Shaders/Private/TemporalSuperResolution/TSRReprojectionField.ush" 2485
"../../../Engine/Shaders/Private/TemporalSuperResolution/TSRResolveHistory.usf" 2486
"../../../Engine/Shaders/Private/TemporalSuperResolution/TSRConvolutionNetwork.ush" 2487
"../../../Engine/Shaders/Private/TemporalSuperResolution/TSRKernels.ush" 2488
"../../../Engine/Shaders/Public/LaneVectorization.ush" 2489
"../../../Engine/Shaders/Private/TemporalSuperResolution/TSRUpdateHistory.usf" 2490
"../../../Engine/Shaders/Private/TemporalSuperResolution/TSRSpatialAntiAliasing.ush" 2491
"../../../Engine/Shaders/Private/TemporalSuperResolution/TSRSpatialAntiAliasing.usf" 2492
"../../../Engine/Shaders/Private/TemporalSuperResolution/TSRRejectShading.usf" 2493
"../../../Engine/Shaders/Private/TemporalSuperResolution/TSRShadingAnalysis.ush" 2494
"../../../Engine/Shaders/Private/TemporalSuperResolution/TSRConvolutionNetworkPass.ush" 2495
"../../../Engine/Shaders/Private/TemporalSuperResolution/TSRDecimateHistory.usf" 2496
"../../../Engine/Shaders/Private/TemporalSuperResolution/TSRDepthVelocityAnalysis.ush" 2497
"../../../Engine/Shaders/Private/TemporalSuperResolution/TSRClosestOccluder.ush" 2498
"../../../Engine/Shaders/Private/TemporalSuperResolution/TSRDilateVelocity.usf" 2499
"../../../Engine/Shaders/Private/MotionBlur/MotionBlurVelocityFlatten.ush" 2500
"../../../Engine/Shaders/Private/MotionBlur/MotionBlurCommon.ush" 2501
"../../../Engine/Shaders/Private/TemporalSuperResolution/TSRClearPrevTextures.usf" 2502
"../../../Engine/Shaders/Private/TemporalSuperResolution/TSRMeasureFlickeringLuma.usf" 2503
"../../../Engine/Shaders/Private/TemporalAA.usf" 2504
"../../../Engine/Shaders/Private/FilterPixelShader.usf" 2505
"../../../Engine/Shaders/Private/FilterVertexShader.usf" 2506
"../../../Engine/Shaders/Private/PostProcessVisualizeBuffer.usf" 2507
"../../../Engine/Shaders/Private/PostProcessVisualizeLocalExposure.usf" 2508
"../../../Engine/Shaders/Private/PostProcessHistogramCommon.ush" 2509
"../../../Engine/Shaders/Private/TonemapCommon.ush" 2510
"../../../Engine/Shaders/Private/ACES.ush" 2511
"../../../Engine/Shaders/Private/PostProcessVisualizeLevelInstance.usf" 2512
"../../../Engine/Shaders/Private/PostProcessVisualizeHDR.usf" 2513
"../../../Engine/Shaders/Private/ShaderComplexityApplyPixelShader.usf" 2514
"../../../Engine/Shaders/Private/QuadOverdraw.ush" 2515
"../../../Engine/Shaders/Private/PostProcessUpscale.usf" 2516
"../../../Engine/Shaders/Private/PostProcessTonemap.usf" 2517
"../../../Engine/Shaders/Private/PostProcessing/FilmGrainPackConstants.usf" 2518
"../../../Engine/Shaders/Private/PostProcessing/FilmGrainReduce.usf" 2519
"../../../Engine/Shaders/Private/PostProcessTestImage.usf" 2520
"../../../Engine/Shaders/Private/PostProcessSubsurface.usf" 2521
"../../../Engine/Shaders/Private/SeparableSSS.ush" 2522
"../../../Engine/Shaders/Private/SubsurfaceBurleyNormalized.ush" 2523
"../../../Engine/Shaders/Private/PostProcessSelectionOutline.usf" 2524
"../../../Engine/Shaders/Private/PostProcessPixelProjectedReflectionMobile.usf" 2525
"../../../Engine/Shaders/Private/MotionBlur/MotionBlurVisualize.usf" 2526
"../../../Engine/Shaders/Private/MotionBlur/MotionBlurApply.usf" 2527
"../../../Engine/Shaders/Private/MotionBlur/MotionBlurFilterTileClassify.usf" 2528
"../../../Engine/Shaders/Private/MotionBlur/MotionBlurTileScatter.usf" 2529
"../../../Engine/Shaders/Private/MotionBlur/MotionBlurTileGather.usf" 2530
"../../../Engine/Shaders/Private/MotionBlur/MotionBlurVelocityFlatten.usf" 2531
"../../../Engine/Shaders/Private/PostProcessMobile.usf" 2532
"../../../Engine/Shaders/Private/PostProcessMitchellNetravali.usf" 2533
"../../../Engine/Shaders/Private/PostProcessMaterialShaders.usf" 2534
"../../../Engine/Shaders/Private/NeuralPostProcessCommon.usf" 2535
"../../../Engine/Shaders/Private/PostProcessLocalExposure.usf" 2536
"../../../Engine/Shaders/Private/PostProcessLensFlares.usf" 2537
"../../../Engine/Shaders/Private/PostProcessGBufferHints.usf" 2538
"../../../Engine/Shaders/Private/PostProcessHMD.usf" 2539
"../../../Engine/Shaders/Private/Histogram.usf" 2540
"../../../Engine/Shaders/Private/PostProcessHistogramReduce.usf" 2541
"../../../Engine/Shaders/Private/PostProcessHistogram.usf" 2542
"../../../Engine/Shaders/Private/Bloom/BloomFinalizeApplyConstants.usf" 2543
"../../../Engine/Shaders/Private/Bloom/BloomCommon.ush" 2544
"../../../Engine/Shaders/Private/Bloom/BloomResizeKernel.usf" 2545
"../../../Engine/Shaders/Private/Bloom/BloomDownsampleKernel.usf" 2546
"../../../Engine/Shaders/Private/Bloom/BloomClampKernel.usf" 2547
"../../../Engine/Shaders/Private/Bloom/BloomPackKernelConstants.usf" 2548
"../../../Engine/Shaders/Private/Bloom/BloomSumScatterDispersionEnergy.usf" 2549
"../../../Engine/Shaders/Private/Bloom/BloomReduceKernelSurvey.usf" 2550
"../../../Engine/Shaders/Private/Bloom/BloomSurveyKernelCenterEnergy.usf" 2551
"../../../Engine/Shaders/Private/Bloom/BloomSurveyMaxScatterDispersion.usf" 2552
"../../../Engine/Shaders/Private/Bloom/BloomFindKernelCenter.usf" 2553
"../../../Engine/Shaders/Private/PostProcessEyeAdaptation.usf" 2554
"../../../Engine/Shaders/Private/TranslucencyVolumeCommon.ush" 2555
"../../../Engine/Shaders/Private/PostProcessEyeAdaptationUtils.usf" 2556
"../../../Engine/Shaders/Private/PostProcessDownsample.usf" 2557
"../../../Engine/Shaders/Private/PostProcessDOF.usf" 2558
"../../../Engine/Shaders/Private/PostProcessDeviceEncodingOnly.usf" 2559
"../../../Engine/Shaders/Private/PostProcessCompositePrimitives.usf" 2560
"../../../Engine/Shaders/Private/PostProcessCombineLUTs.usf" 2561
"../../../Engine/Shaders/Private/PostProcessVisualizeDOF.usf" 2562
"../../../Engine/Shaders/Private/PostProcessBloom.usf" 2563
"../../../Engine/Shaders/Private/PostProcessAmbientOcclusionMobile.usf" 2564
"../../../Engine/Shaders/Private/PostProcessAmbientOcclusionCommon.ush" 2565
"../../../Engine/Shaders/Private/FXAAShader.usf" 2566
"../../../Engine/Shaders/Private/Fxaa3_11.ush" 2567
"../../../Engine/Shaders/Private/PaniniProjection.usf" 2568
"../../../Engine/Shaders/Private/DiaphragmDOF/DOFRecombine.usf" 2569
"../../../Engine/Shaders/Private/DiaphragmDOF/DOFCommon.ush" 2570
"../../../Engine/Shaders/Private/DiaphragmDOF/DOFHybridScatterPixelShader.usf" 2571
"../../../Engine/Shaders/Private/DiaphragmDOF/DOFHybridScatterCommon.ush" 2572
"../../../Engine/Shaders/Private/DiaphragmDOF/DOFHybridScatterVertexShader.usf" 2573
"../../../Engine/Shaders/Private/DiaphragmDOF/DOFPostfiltering.usf" 2574
"../../../Engine/Shaders/Private/DiaphragmDOF/DOFGatherTileSuggest.ush" 2575
"../../../Engine/Shaders/Private/DiaphragmDOF/DOFCocTileCommon.ush" 2576
"../../../Engine/Shaders/Private/DiaphragmDOF/DOFGatherPass.usf" 2577
"../../../Engine/Shaders/Private/DiaphragmDOF/DOFGatherCommon.ush" 2578
"../../../Engine/Shaders/Private/DiaphragmDOF/DOFGatherAccumulator.ush" 2579
"../../../Engine/Shaders/Private/DiaphragmDOF/DOFGatherKernel.ush" 2580
"../../../Engine/Shaders/Private/DiaphragmDOF/DOFBokehLUT.usf" 2581
"../../../Engine/Shaders/Private/DiaphragmDOF/DOFHybridScatterCompilation.usf" 2582
"../../../Engine/Shaders/Private/DiaphragmDOF/DOFReduce.usf" 2583
"../../../Engine/Shaders/Private/DiaphragmDOF/DOFDownsample.ush" 2584
"../../../Engine/Shaders/Private/DiaphragmDOF/DOFHybridScatterCompilation.ush" 2585
"../../../Engine/Shaders/Private/DiaphragmDOF/DOFDownsample.usf" 2586
"../../../Engine/Shaders/Private/DiaphragmDOF/DOFCocTileDilate.usf" 2587
"../../../Engine/Shaders/Private/DiaphragmDOF/DOFCocTileFlatten.usf" 2588
"../../../Engine/Shaders/Private/DiaphragmDOF/DOFSetup.usf" 2589
"../../../Engine/Shaders/Private/Tools/DebugAlphaChannel.usf" 2590
"../../../Engine/Shaders/Private/PlanarReflectionShaders.usf" 2591
"../../../Engine/Shaders/Private/PhysicsFieldVisualizer.usf" 2592
"../../../Engine/Shaders/Private/PathTracing/PathTracingSpatialTemporalDenoising.usf" 2593
"../../../Engine/Shaders/Private/ColorDifference.ush" 2594
"../../../Engine/Shaders/Private/PathTracing/PathTracingCompositingPixelShader.usf" 2595
"../../../Engine/Shaders/Private/PathTracing/PathTracingAdaptiveUtils.ush" 2596
"../../../Engine/Shaders/Private/PathTracing/PathTracingDefaultHitShader.usf" 2597
"../../../Engine/Shaders/Private/PathTracing/PathTracingGPULightmassMaterialHitShader.usf" 2598
"../../../Engine/Shaders/Private/PathTracing/PathTracingMaterialHitShader.usf" 2599
"../../../Engine/Shaders/Private/PathTracing/Material/PathTracingSubstrateCommon.ush" 2600
"../../../Engine/Shaders/Private/PathTracing/PathTracingLightingMissShader.usf" 2601
"../../../Engine/Shaders/Private/PathTracing/PathTracingMissShader.usf" 2602
"../../../Engine/Shaders/Private/PathTracing/PathTracingAdaptiveStart.usf" 2603
"../../../Engine/Shaders/Private/PathTracing/PathTracingBuildAdaptiveError.usf" 2604
"../../../Engine/Shaders/Private/PathTracing/PathTracingVolumetricCloudMaterialShader.usf" 2605
"../../../Engine/Shaders/Private/PathTracing/Volume/PathTracingCloudsMaterialCommon.ush" 2606
"../../../Engine/Shaders/Private/PathTracing/Volume/PathTracingVolumeCommon.ush" 2607
"../../../Engine/Shaders/Private/PathTracing/Volume/PathTracingCloudsCommon.ush" 2608
"../../../Engine/Shaders/Private/PathTracing/PathTracingBuildCloud.usf" 2609
"../../../Engine/Shaders/Private/PathTracing/Volume/PathTracingAtmosphereCommon.ush" 2610
"../../../Engine/Shaders/Private/PathTracing/PathTracingBuildCloudAccelerationMap.usf" 2611
"../../../Engine/Shaders/Private/PathTracing/PathTracingBuildAtmosphereLUT.usf" 2612
"../../../Engine/Shaders/Private/PathTracing/PathTracingSwizzleScanlines.usf" 2613
"../../../Engine/Shaders/Private/PathTracing/PathTracingInitExtinctionCoefficient.usf" 2614
"../../../Engine/Shaders/Private/PathTracing/PathTracingCopyDepth.usf" 2615
"../../../Engine/Shaders/Private/PathTracing/PathTracingDebug.usf" 2616
"../../../Engine/Shaders/Private/RayTracing/RayTracingDecalGrid.ush" 2617
"../../../Engine/Shaders/Private/PathTracing/Utilities/PathTracingRIS.ush" 2618
"../../../Engine/Shaders/Private/PathTracing/Light/PathTracingLightSampling.ush" 2619
"../../../Engine/Shaders/Private/PathTracing/Light/PathTracingLightCommon.ush" 2620
"../../../Engine/Shaders/Private/PathTracing/Light/PathTracingDirectionalLight.ush" 2621
"../../../Engine/Shaders/Private/PathTracing/Light/PathTracingPointLight.ush" 2622
"../../../Engine/Shaders/Private/PathTracing/Light/PathTracingCapsuleLight.ush" 2623
"../../../Engine/Shaders/Private/PathTracing/Light/PathTracingRectLight.ush" 2624
"../../../Engine/Shaders/Private/PathTracing/Light/PathTracingSkyLight.ush" 2625
"../../../Engine/Shaders/Private/PathTracing/Light/PathTracingLightGrid.ush" 2626
"../../../Engine/Shaders/Private/PathTracing/PathTracing.usf" 2627
"../../../Engine/Shaders/Private/PathTracing/PathTracingCore.ush" 2628
"../../../Engine/Shaders/Private/HeterogeneousVolumes/HeterogeneousVolumesVoxelGridTypes.ush" 2629
"../../../Engine/Shaders/Private/PathTracing/Material/PathTracingMaterialSampling.ush" 2630
"../../../Engine/Shaders/Private/PathTracing/Material/PathTracingLambert.ush" 2631
"../../../Engine/Shaders/Private/PathTracing/Material/PathTracingSubstrate.ush" 2632
"../../../Engine/Shaders/Private/PathTracing/Material/PathTracingSubstrateFoliage.ush" 2633
"../../../Engine/Shaders/Private/PathTracing/Material/PathTracingSubstrateSolidGlass.ush" 2634
"../../../Engine/Shaders/Private/PathTracing/Material/PathTracingSubstrateThinGlass.ush" 2635
"../../../Engine/Shaders/Private/PathTracing/Material/PathTracingSolidGlass.ush" 2636
"../../../Engine/Shaders/Private/PathTracing/Material/PathTracingEnergyConservation.ush" 2637
"../../../Engine/Shaders/Private/PathTracing/Material/PathTracingThinGlass.ush" 2638
"../../../Engine/Shaders/Private/PathTracing/Material/PathTracingDefaultLit.ush" 2639
"../../../Engine/Shaders/Private/PathTracing/Material/PathTracingClearCoat.ush" 2640
"../../../Engine/Shaders/Private/PathTracing/Material/PathTracingTwoSidedFoliage.ush" 2641
"../../../Engine/Shaders/Private/PathTracing/Material/PathTracingCloth.ush" 2642
"../../../Engine/Shaders/Private/PathTracing/Material/PathTracingSubsurfaceProfile.ush" 2643
"../../../Engine/Shaders/Private/PathTracing/Material/PathTracingEye.ush" 2644
"../../../Engine/Shaders/Private/PathTracing/Material/PathTracingHair.ush" 2645
"../../../Engine/Shaders/Private/PathTracing/Material/PathTracingMedium.ush" 2646
"../../../Engine/Shaders/Private/PathTracing/Volume/PathTracingVolume.ush" 2647
"../../../Engine/Shaders/Private/PathTracing/Volume/PathTracingAtmosphere.ush" 2648
"../../../Engine/Shaders/Private/PathTracing/Volume/PathTracingClouds.ush" 2649
"../../../Engine/Shaders/Private/PathTracing/Volume/PathTracingFog.ush" 2650
"../../../Engine/Shaders/Private/PathTracing/Volume/PathTracingHeterogeneousVolumes.ush" 2651
"../../../Engine/Shaders/Private/HeterogeneousVolumes/HeterogeneousVolumesVoxelGridTraversal.ush" 2652
"../../../Engine/Shaders/Private/HeterogeneousVolumes/HeterogeneousVolumesVoxelGridUtils.ush" 2653
"../../../Engine/Shaders/Private/HeterogeneousVolumes/HeterogeneousVolumesFrustumVoxelGridUtils.ush" 2654
"../../../Engine/Shaders/Private/PathTracing/Volume/PathTracingVolumeSampling.ush" 2655
"../../../Engine/Shaders/Private/PathTracing/PathTracingBuildLightGrid.usf" 2656
"../../../Engine/Shaders/Private/PathTracing/PathTracingSkylightMISCompensation.usf" 2657
"../../../Engine/Shaders/Private/PathTracing/PathTracingSkylightPrepare.usf" 2658
"../../../Engine/Shaders/Private/OIT/OITSorting.usf" 2659
"../../../Engine/Shaders/Private/OITCombine.usf" 2660
"../../../Engine/Shaders/Private/OITCommon.ush" 2661
"../../../Engine/Shaders/Private/Nanite/Voxel/RasterizeBricks.usf" 2662
"../../../Engine/Shaders/Private/Nanite/Voxel/Brick.ush" 2663
"../../../Engine/Shaders/Private/Nanite/Voxel/Voxel.ush" 2664
"../../../Engine/Shaders/Private/Nanite/Voxel/ScatterBricks.usf" 2665
"../../../Engine/Shaders/Private/Nanite/Voxel/TileBricks.usf" 2666
"../../../Engine/Shaders/Private/Nanite/Voxel/AutoVoxel.usf" 2667
"../../../Engine/Shaders/Private/Nanite/NaniteDebugViews.usf" 2668
"../../../Engine/Shaders/Private/Nanite/NaniteEditorCommon.ush" 2669
"../../../Engine/Shaders/Private/BinarySearch.ush" 2670
"../../../Engine/Shaders/Private/Nanite/NaniteDepthDecode.usf" 2671
"../../../Engine/Shaders/Private/HTileEncoding.ush" 2672
"../../../Engine/Shaders/Private/Nanite/NaniteVisualize.usf" 2673
"../../../Engine/Shaders/Private/Nanite/NaniteStreamOut.usf" 2674
"../../../Engine/Shaders/Private/Nanite/NaniteHierarchyTraversal.ush" 2675
"../../../Engine/Shaders/Private/Skinning/TransformProviders.usf" 2676
"../../../Engine/Shaders/Private/Nanite/NaniteShadeBinning.usf" 2677
"../../../Engine/Shaders/Private/Nanite/NaniteShadeCommon.ush" 2678
"../../../Engine/Shaders/Private/Nanite/NaniteFastClear.usf" 2679
"../../../Engine/Shaders/Private/Nanite/NaniteExportGBuffer.usf" 2680
"../../../Engine/Shaders/Private/Nanite/NaniteClusterCulling.usf" 2681
"../../../Engine/Shaders/Private/Nanite/NanitePrintStats.usf" 2682
"../../../Engine/Shaders/Private/Nanite/NaniteRasterizer.usf" 2683
"../../../Engine/Shaders/Private/Nanite/NaniteRasterizationCommon.ush" 2684
"../../../Engine/Shaders/Private/Nanite/NaniteRasterizer.ush" 2685
"../../../Engine/Shaders/Private/Nanite/NaniteWritePixel.ush" 2686
"../../../Engine/Shaders/Private/Nanite/NaniteTessellation.ush" 2687
"../../../Engine/Shaders/Private/WorkDistribution.ush" 2688
"../../../Engine/Shaders/Private/Nanite/NaniteDice.ush" 2689
"../../../Engine/Shaders/Private/ShaderBundleWorkGraphCommon.ush" 2690
"../../../Engine/Shaders/Public/RootConstants.ush" 2691
"../../../Engine/Shaders/Public/Platform/D3D/D3DRootConstants.ush" 2692
"../../../Engine/Shaders/Private/Nanite/NaniteSplit.usf" 2693
"../../../Engine/Shaders/Private/Nanite/NaniteRasterBinning.usf" 2694
"../../../Engine/Shaders/Private/Nanite/NaniteInstanceCulling.usf" 2695
"../../../Engine/Shaders/Private/Nanite/NaniteImposter.ush" 2696
"../../../Engine/Shaders/Private/Nanite/NaniteInstanceHierarchyCulling.usf" 2697
"../../../Engine/Shaders/Private/Nanite/NanitePrimitiveFilter.usf" 2698
"../../../Engine/Shaders/Private/Nanite/NaniteRasterClear.usf" 2699
"../../../Engine/Shaders/Private/Nanite/NaniteDepthExport.usf" 2700
"../../../Engine/Shaders/Private/Nanite/NaniteEmitShadow.usf" 2701
"../../../Engine/Shaders/Private/MobileDeferredUtils.usf" 2702
"../../../Engine/Shaders/Private/MobileLocalLightsBuffer.usf" 2703
"../../../Engine/Shaders/Private/MobileFog.usf" 2704
"../../../Engine/Shaders/Private/DistortApplyScreenPS.usf" 2705
"../../../Engine/Shaders/Private/MobileDeferredShading.usf" 2706
"../../../Engine/Shaders/Private/MobileBasePassPixelShader.usf" 2707
"../../../Engine/Shaders/Private/MobileBasePassCommon.ush" 2708
"../../../Engine/Shaders/Private/BasePassCommon.ush" 2709
"../../../Engine/Shaders/Private/ShadingModelsMaterial.ush" 2710
"../../../Engine/Shaders/Private/ThinTranslucentCommon.ush" 2711
"../../../Engine/Shaders/Private/SingleLayerWaterShading.ush" 2712
"../../../Engine/Shaders/Private/DistortionCommon.ush" 2713
"../../../Engine/Shaders/Private/Substrate/SubstrateMobileForwardLighting.ush" 2714
"../../../Engine/Shaders/Private/MobileBasePassVertexShader.usf" 2715
"../../../Engine/Shaders/Private/MeshEdges.usf" 2716
"../../../Engine/Shaders/Private/MegaLights/MegaLightsVSMTracing.usf" 2717
"../../../Engine/Shaders/Private/MegaLights/MegaLights.ush" 2718
"../../../Engine/Shaders/Private/Lumen/LumenPosition.ush" 2719
"../../../Engine/Shaders/Private/MegaLights/MegaLightsRayTracing.ush" 2720
"../../../Engine/Shaders/Private/MegaLights/MegaLightsRayTracing.usf" 2721
"../../../Engine/Shaders/Private/DistanceField/GlobalDistanceFieldUtils.ush" 2722
"../../../Engine/Shaders/Private/Lumen/LumenScreenTracing.ush" 2723
"../../../Engine/Shaders/Private/MegaLights/MegaLightsVolumeRayTracing.usf" 2724
"../../../Engine/Shaders/Private/MegaLights/MegaLightsVolume.ush" 2725
"../../../Engine/Shaders/Private/MegaLights/MegaLightsVolumeHardwareRayTracing.usf" 2726
"../../../Engine/Shaders/Private/Lumen/LumenHardwareRayTracingCommon.ush" 2727
"../../../Engine/Shaders/Private/RayTracing/RayTracingReflectionEnvironment.ush" 2728
"../../../Engine/Shaders/Private/Lumen/LumenHardwareRayTracingPlatformCommon.ush" 2729
"../../../Engine/Shaders/Private/Lumen/LumenReflectionsCombine.ush" 2730
"../../../Engine/Shaders/Private/Lumen/LumenTracingCommon.ush" 2731
"../../../Engine/Shaders/Private/Lumen/SurfaceCache/LumenSurfaceCacheSampling.ush" 2732
"../../../Engine/Shaders/Private/Lumen/SurfaceCache/LumenSurfaceCache.ush" 2733
"../../../Engine/Shaders/Private/Lumen/LumenCardCommon.ush" 2734
"../../../Engine/Shaders/Private/Lumen/LumenCardTileShadowDownsampleFactor.ush" 2735
"../../../Engine/Shaders/Private/MegaLights/MegaLightsHardwareRayTracing.usf" 2736
"../../../Engine/Shaders/Private/MegaLights/MegaLightsFilterVisibleLightHash.usf" 2737
"../../../Engine/Shaders/Private/MegaLights/MegaLightsDenoiserSpatial.usf" 2738
"../../../Engine/Shaders/Private/MegaLights/MegaLightsShading.ush" 2739
"../../../Engine/Shaders/Private/Lumen/LumenReflectionDenoiserCommon.ush" 2740
"../../../Engine/Shaders/Private/MegaLights/MegaLightsDenoiserTemporal.usf" 2741
"../../../Engine/Shaders/Private/MegaLights/MegaLightsShading.usf" 2742
"../../../Engine/Shaders/Private/MegaLights/MegaLightsVolumeShading.usf" 2743
"../../../Engine/Shaders/Private/MegaLights/MegaLightsVisibleLightHash.usf" 2744
"../../../Engine/Shaders/Private/MegaLights/MegaLightsSampling.usf" 2745
"../../../Engine/Shaders/Private/MegaLights/MegaLightsVolumeSampling.usf" 2746
"../../../Engine/Shaders/Private/MegaLights/MegaLights.usf" 2747
"../../../Engine/Shaders/Private/Lumen/LumenVisualizeRadianceCache.usf" 2748
"../../../Engine/Shaders/Private/Lumen/LumenRadianceCacheCommon.ush" 2749
"../../../Engine/Shaders/Private/Lumen/LumenVisualizeHardwareRayTracing.usf" 2750
"../../../Engine/Shaders/Private/Lumen/LumenVisualize.ush" 2751
"../../../Engine/Shaders/Private/Lumen/LumenHairTracing.ush" 2752
"../../../Engine/Shaders/Private/Lumen/LumenVisualize.usf" 2753
"../../../Engine/Shaders/Private/Lumen/LumenSoftwareRayTracing.ush" 2754
"../../../Engine/Shaders/Private/DistanceField/GlobalDistanceFieldObjectGrid.ush" 2755
"../../../Engine/Shaders/Private/DistanceFieldLightingShared.ush" 2756
"../../../Engine/Shaders/Private/Lumen/LumenVisualizeTraces.ush" 2757
"../../../Engine/Shaders/Private/Lumen/LumenTranslucencyVolumeLighting.usf" 2758
"../../../Engine/Shaders/Private/Lumen/LumenRadianceCacheMarkCommon.ush" 2759
"../../../Engine/Shaders/Private/Lumen/LumenTranslucencyVolumeLightingShared.ush" 2760
"../../../Engine/Shaders/Private/Lumen/LumenScreenProbeCommon.ush" 2761
"../../../Engine/Shaders/Private/RayTracing/RayGenUtils.ush" 2762
"../../../Engine/Shaders/Private/Lumen/LumenRadianceCacheTracingCommon.ush" 2763
"../../../Engine/Shaders/Private/Lumen/LumenTranslucencyVolumeHardwareRayTracing.usf" 2764
"../../../Engine/Shaders/Private/Lumen/LumenTranslucencyRadianceCacheMarkShaders.usf" 2765
"../../../Engine/Shaders/Private/Lumen/SurfaceCache/LumenSurfaceCacheFeedback.usf" 2766
"../../../Engine/Shaders/Private/Lumen/SurfaceCache/LumenSurfaceCache.usf" 2767
"../../../Engine/Shaders/Private/Lumen/LumenShortRangeAOHardwareRayTracing.usf" 2768
"../../../Engine/Shaders/Private/Lumen/LumenScreenSpaceBentNormal.usf" 2769
"../../../Engine/Shaders/Private/Lumen/LumenScreenProbeTracing.usf" 2770
"../../../Engine/Shaders/Private/Lumen/LumenScreenProbeTracingCommon.ush" 2771
"../../../Engine/Shaders/Private/Lumen/LumenFloatQuantization.ush" 2772
"../../../Engine/Shaders/Private/Lumen/LumenScreenProbeImportanceSampling.usf" 2773
"../../../Engine/Shaders/Private/Lumen/LumenScreenProbeImportanceSamplingShared.ush" 2774
"../../../Engine/Shaders/Private/Lumen/LumenScreenProbeHardwareRayTracing.usf" 2775
"../../../Engine/Shaders/Private/Lumen/LumenScreenProbeGather.usf" 2776
"../../../Engine/Shaders/Private/Lumen/LumenScreenSpaceBentNormal.ush" 2777
"../../../Engine/Shaders/Private/Lumen/LumenScreenProbeLightSampling.usf" 2778
"../../../Engine/Shaders/Private/Lumen/LumenScreenProbeFiltering.usf" 2779
"../../../Engine/Shaders/Private/Lumen/LumenSceneLighting.usf" 2780
"../../../Engine/Shaders/Private/Lumen/LumenCardTile.ush" 2781
"../../../Engine/Shaders/Private/Lumen/LumenSceneLighting.ush" 2782
"../../../Engine/Shaders/Private/Lumen/Radiosity/LumenRadiosity.ush" 2783
"../../../Engine/Shaders/Private/Lumen/LumenSceneLightingDebug.usf" 2784
"../../../Engine/Shaders/Private/Lumen/LumenScene.usf" 2785
"../../../Engine/Shaders/Private/Lumen/LumenSceneDirectLightingHardwareRayTracing.usf" 2786
"../../../Engine/Shaders/Private/Lumen/LumenReflectionCommon.ush" 2787
"../../../Engine/Shaders/Private/Lumen/LumenSceneDirectLighting.ush" 2788
"../../../Engine/Shaders/Private/Lumen/LumenSceneDebugHardwareRayTracing.usf" 2789
"../../../Engine/Shaders/Private/Lumen/LumenSceneDirectLightingStochastic.usf" 2790
"../../../Engine/Shaders/Private/Lumen/LumenSceneDirectLightingSoftwareRayTracing.usf" 2791
"../../../Engine/Shaders/Private/DistanceFieldShadowingShared.ush" 2792
"../../../Engine/Shaders/Private/Lumen/LumenSceneDirectLightingPerLightShadowCommon.ush" 2793
"../../../Engine/Shaders/Private/Lumen/LumenSceneDirectLightingShadowMask.usf" 2794
"../../../Engine/Shaders/Private/Lumen/LumenSceneDirectLighting.usf" 2795
"../../../Engine/Shaders/Private/Lumen/LumenSceneDirectLightingCulling.usf" 2796
"../../../Engine/Shaders/Private/Lumen/LumenCardComputeShader.usf" 2797
"../../../Engine/Shaders/Private/Lumen/LumenCardPixelShader.usf" 2798
"../../../Engine/Shaders/Private/Lumen/LumenCardVertexShader.usf" 2799
"../../../Engine/Shaders/Private/Lumen/LumenReSTIRGather.usf" 2800
"../../../Engine/Shaders/Private/Lumen/LumenReflectionTracing.usf" 2801
"../../../Engine/Shaders/Private/Lumen/LumenReflectionDenoiserSpatial.usf" 2802
"../../../Engine/Shaders/Private/Lumen/LumenReflectionDenoiserClear.usf" 2803
"../../../Engine/Shaders/Private/Lumen/LumenReflectionDenoiserTemporal.usf" 2804
"../../../Engine/Shaders/Private/Lumen/LumenReflectionResolve.usf" 2805
"../../../Engine/Shaders/Private/Lumen/LumenReflections.usf" 2806
"../../../Engine/Shaders/Private/Lumen/LumenReflectionHardwareRayTracing.usf" 2807
"../../../Engine/Shaders/Private/Lumen/Radiosity/LumenVisualizeRadiosityProbes.usf" 2808
"../../../Engine/Shaders/Private/Lumen/Radiosity/LumenRadiosity.usf" 2809
"../../../Engine/Shaders/Private/Lumen/Radiosity/LumenRadiosityHardwareRayTracing.usf" 2810
"../../../Engine/Shaders/Private/Lumen/Radiosity/LumenRadiosityCulling.usf" 2811
"../../../Engine/Shaders/Private/Lumen/LumenRadianceCacheHardwareRayTracing.usf" 2812
"../../../Engine/Shaders/Private/Lumen/LumenRadianceCache.usf" 2813
"../../../Engine/Shaders/Private/Lumen/LumenRadianceCacheUpdate.ush" 2814
"../../../Engine/Shaders/Private/Lumen/LumenRadianceCacheDebug.usf" 2815
"../../../Engine/Shaders/Private/Lumen/LumenRadianceCacheUpdate.usf" 2816
"../../../Engine/Shaders/Private/Lumen/LumenMeshSDFCulling.usf" 2817
"../../../Engine/Shaders/Private/HybridIndirectLighting.ush" 2818
"../../../Engine/Shaders/Private/MeshDistanceFieldCommon.ush" 2819
"../../../Engine/Shaders/Private/Lumen/LumenIrradianceFieldGather.usf" 2820
"../../../Engine/Shaders/Private/Lumen/LumenHardwareRayTracingMaterials.usf" 2821
"../../../Engine/Shaders/Private/Lumen/LumenFrontLayerTranslucency.usf" 2822
"../../../Engine/Shaders/Private/LocalFogVolumes/LocalFogVolumeSplat.usf" 2823
"../../../Engine/Shaders/Private/LocalFogVolumes/LocalFogVolumeTiledCulling.usf" 2824
"../../../Engine/Shaders/Private/LightShaftShader.usf" 2825
"../../../Engine/Shaders/Private/StationaryLightOverlapShaders.usf" 2826
"../../../Engine/Shaders/Private/DeferredLightPixelShaders.usf" 2827
"../../../Engine/Shaders/Private/HairStrands/HairStrandsVisibilityUtils.ush" 2828
"../../../Engine/Shaders/Private/DeferredLightVertexShaders.usf" 2829
"../../../Engine/Shaders/Private/LightMapDensityShader.usf" 2830
"../../../Engine/Shaders/Private/LightGridInjection.usf" 2831
"../../../Engine/Shaders/Shared/LightGridDefinitions.h" 2832
"../../../Engine/Shaders/Private/LightFunctionPixelShader.usf" 2833
"../../../Engine/Shaders/Private/LightFunctionVertexShader.usf" 2834
"../../../Engine/Shaders/Private/LightFunctionAtlas/LightFunctionAtlasRender.usf" 2835
"../../../Engine/Shaders/Private/InstanceCulling/InstanceCullingOcclusionQuery.usf" 2836
"../../../Engine/Shaders/Private/InstanceCulling/InstanceCullingSetup.ush" 2837
"../../../Engine/Shaders/Private/InstanceCulling/BuildInstanceDrawCommands.usf" 2838
"../../../Engine/Shaders/Private/InstanceCulling/InstanceCompactionCommon.ush" 2839
"../../../Engine/Shaders/Private/SceneDataMobileWriter.ush" 2840
"../../../Engine/Shaders/Private/InstanceCulling/CompactVisibleInstances.usf" 2841
"../../../Engine/Shaders/Private/ReflectionEnvironmentPixelShader.usf" 2842
"../../../Engine/Shaders/Private/AmbientCubemapComposite.usf" 2843
"../../../Engine/Shaders/Private/DiffuseIndirectComposite.usf" 2844
"../../../Engine/Shaders/Private/IESAtlas.usf" 2845
"../../../Engine/Shaders/Private/HeterogeneousVolumes/HeterogeneousVolumesVoxelGridShadows.usf" 2846
"../../../Engine/Shaders/Private/HeterogeneousVolumes/HeterogeneousVolumesStochasticFiltering.ush" 2847
"../../../Engine/Shaders/Private/HeterogeneousVolumes/HeterogeneousVolumesVoxelGridRenderingUtils.ush" 2848
"../../../Engine/Shaders/Private/HeterogeneousVolumes/HeterogeneousVolumesLightingUtils.ush" 2849
"../../../Engine/Shaders/Private/HeterogeneousVolumes/HeterogeneousVolumesVoxelGridRendering.usf" 2850
"../../../Engine/Shaders/Private/HeterogeneousVolumes/HeterogeneousVolumesVoxelGridPipeline.usf" 2851
"../../../Engine/Shaders/Private/HeterogeneousVolumes/HeterogeneousVolumesMaterialBakingPipeline.usf" 2852
"../../../Engine/Shaders/Private/HeterogeneousVolumes/HeterogeneousVolumesLiveShadingUtils.ush" 2853
"../../../Engine/Shaders/Private/HeterogeneousVolumes/HeterogeneousVolumesFrustumVoxelGrid.usf" 2854
"../../../Engine/Shaders/Private/HeterogeneousVolumes/HeterogeneousVolumesSparseVoxelPipeline.usf" 2855
"../../../Engine/Shaders/Private/HeterogeneousVolumes/HeterogeneousVolumesSparseVoxelUtils.ush" 2856
"../../../Engine/Shaders/Private/HeterogeneousVolumes/HeterogeneousVolumesSparseVoxelUniformBufferUtils.ush" 2857
"../../../Engine/Shaders/Private/HeterogeneousVolumes/HeterogeneousVolumesPreshadingPipeline.usf" 2858
"../../../Engine/Shaders/Private/HeterogeneousVolumes/HeterogeneousVolumesLiveShadingShadows.usf" 2859
"../../../Engine/Shaders/Private/HeterogeneousVolumes/HeterogeneousVolumesLiveShadingGlobalPipeline.usf" 2860
"../../../Engine/Shaders/Private/HeterogeneousVolumes/HeterogeneousVolumesLiveShadingPipeline.usf" 2861
"../../../Engine/Shaders/Private/HeterogeneousVolumes/HeterogeneousVolumesHardwareRayTracing.usf" 2862
"../../../Engine/Shaders/Private/HeterogeneousVolumes/HeterogeneousVolumesAmbientOcclusionPipeline.usf" 2863
"../../../Engine/Shaders/Private/HeterogeneousVolumes/HeterogeneousVolumesComposite.usf" 2864
"../../../Engine/Shaders/Private/HdrCustomResolveShaders.usf" 2865
"../../../Engine/Shaders/Private/HairStrands/HairStrandsVoxelRasterCompute.usf" 2866
"../../../Engine/Shaders/Private/HairStrands/HairStrandsHitProxy.usf" 2867
"../../../Engine/Shaders/Private/HairStrands/HairStrandsVisibilityRasterComputeNaive.usf" 2868
"../../../Engine/Shaders/Private/HairStrands/HairStrandsVisibilityRasterHW.usf" 2869
"../../../Engine/Shaders/Private/HairStrands/HairStrandsVisibilityRasterCompute.usf" 2870
"../../../Engine/Shaders/Private/HairStrands/HairStrandsVisibilityRasterClassification.usf" 2871
"../../../Engine/Shaders/Private/HairStrands/HairStrandsCoverage.usf" 2872
"../../../Engine/Shaders/Private/HairStrands/HairStrandsVisibilityDepthPS.usf" 2873
"../../../Engine/Shaders/Private/HairStrands/HairStrandsVisibilityTransmittanceDepthPS.usf" 2874
"../../../Engine/Shaders/Private/HairStrands/HairStrandsVisibilityFillOpaqueDepthPS.usf" 2875
"../../../Engine/Shaders/Private/HairStrands/HairStrandsVisibilityCompactionComputeRaster.usf" 2876
"../../../Engine/Shaders/Private/HairStrands/HairStrandsVisibilityCompaction.usf" 2877
"../../../Engine/Shaders/Private/HairStrands/HairStrandsVisibilityCopyIndirectArg.usf" 2878
"../../../Engine/Shaders/Private/HairStrands/HairStrandsVisibilityClearPS.usf" 2879
"../../../Engine/Shaders/Private/HairStrands/HairStrandsVisibilityPS.usf" 2880
"../../../Engine/Shaders/Private/HairStrands/HairStrandsVisibilityVS.usf" 2881
"../../../Engine/Shaders/Private/HairStrands/HairStrandsVelocity.usf" 2882
"../../../Engine/Shaders/Private/HairStrands/HairStrandsVisibilityComputeSampleCoverage.usf" 2883
"../../../Engine/Shaders/Private/HairStrands/HairStrandsMaterialPS.usf" 2884
"../../../Engine/Shaders/Private/HairStrands/HairStrandsMaterialCommon.ush" 2885
"../../../Engine/Shaders/Private/HairStrands/HairStrandsMaterialVS.usf" 2886
"../../../Engine/Shaders/Private/HairStrands/HairStrandsLightSample.usf" 2887
"../../../Engine/Shaders/Private/HairStrands/HairStrandsDeepShadowMask.usf" 2888
"../../../Engine/Shaders/Private/HairStrands/HairStrandsDeepTransmittanceMask.usf" 2889
"../../../Engine/Shaders/Private/HairStrands/HairStrandsVisibilityTile.usf" 2890
"../../../Engine/Shaders/Private/HairStrands/HairStrandsDeepShadowPS.usf" 2891
"../../../Engine/Shaders/Private/HairStrands/HairStrandsDeepShadowVS.usf" 2892
"../../../Engine/Shaders/Private/HairStrands/HairStrandsAABB.usf" 2893
"../../../Engine/Shaders/Private/HairStrands/HairStrandsLUT.usf" 2894
"../../../Engine/Shaders/Private/HairStrands/HairStrandsForwardRaster.usf" 2895
"../../../Engine/Shaders/Private/HairStrands/HairStrandsForwardCulling.usf" 2896
"../../../Engine/Shaders/Private/HairStrands/HairStrandsEnvironmentLighting.usf" 2897
"../../../Engine/Shaders/Private/HairStrands/HairStrandsEnvironmentAO.usf" 2898
"../../../Engine/Shaders/Private/HairStrands/HairStrandsDeepShadowAllocation.usf" 2899
"../../../Engine/Shaders/Private/HairStrands/HairStrandsVoxelDebug.usf" 2900
"../../../Engine/Shaders/Private/HairStrands/HairStrandsComposition.usf" 2901
"../../../Engine/Shaders/Private/HairStrands/HairStrandsGBufferCommon.ush" 2902
"../../../Engine/Shaders/Private/GPUScene/GPUSceneDataManagement.usf" 2903
"../../../Engine/Shaders/Private/GPUSceneDebugRender.usf" 2904
"../../../Engine/Shaders/Private/GPUFastFourierTransform.usf" 2905
"../../../Engine/Shaders/Private/GPUFastFourierTransform2DCore.ush" 2906
"../../../Engine/Shaders/Private/GPUFastFourierTransformCore.ush" 2907
"../../../Engine/Shaders/Private/GPUBenchmark.usf" 2908
"../../../Engine/Shaders/Private/DistanceField/GlobalDistanceFieldDebug.usf" 2909
"../../../Engine/Shaders/Private/DistanceField/GlobalDistanceFieldUpdate.ush" 2910
"../../../Engine/Shaders/Private/DistanceField/GlobalDistanceFieldMip.usf" 2911
"../../../Engine/Shaders/Private/DistanceField/GlobalDistanceField.usf" 2912
"../../../Engine/Shaders/Private/DistanceField/GlobalDistanceFieldCompositeObjects.usf" 2913
"../../../Engine/Shaders/Private/DistanceField/GlobalDistanceFieldHeightfields.usf" 2914
"../../../Engine/Shaders/Private/HeightfieldLightingShared.ush" 2915
"../../../Engine/Shaders/Private/GenerateConservativeDepth.usf" 2916
"../../../Engine/Shaders/Private/HeightFogPixelShader.usf" 2917
"../../../Engine/Shaders/Private/HeightFogVertexShader.usf" 2918
"../../../Engine/Shaders/Private/DistortFiltering.usf" 2919
"../../../Engine/Shaders/Private/DistortAccumulatePS.usf" 2920
"../../../Engine/Shaders/Private/DistortAccumulateVS.usf" 2921
"../../../Engine/Shaders/Private/DistanceFieldVisualization.usf" 2922
"../../../Engine/Shaders/Private/DistanceFieldStreaming.usf" 2923
"../../../Engine/Shaders/Private/DistanceFieldShadowing.usf" 2924
"../../../Engine/Shaders/Private/DistanceFieldScreenGridLighting.usf" 2925
"../../../Engine/Shaders/Private/DistanceFieldObjectCulling.usf" 2926
"../../../Engine/Shaders/Private/DistanceFieldLightingPost.usf" 2927
"../../../Engine/Shaders/Private/DitheredTransitionStencil.usf" 2928
"../../../Engine/Shaders/Private/CopyDepthTextureCS.usf" 2929
"../../../Engine/Shaders/Private/DeferredDecal.usf" 2930
"../../../Engine/Shaders/Private/DecalCommon.ush" 2931
"../../../Engine/Shaders/Private/DebugViewModeVertexShader.usf" 2932
"../../../Engine/Shaders/Private/DebugViewModeCommon.ush" 2933
"../../../Engine/Shaders/Private/DebugViewModePixelShader.usf" 2934
"../../../Engine/Shaders/Private/DebugProbes.usf" 2935
"../../../Engine/Shaders/Private/MeshDecals.usf" 2936
"../../../Engine/Shaders/Private/PostProcessAmbientOcclusion.usf" 2937
"../../../Engine/Shaders/Private/ClusteredDeferredShadingPixelShader.usf" 2938
"../../../Engine/Shaders/Private/ClusteredDeferredShadingVertexShader.usf" 2939
"../../../Engine/Shaders/Private/CapsuleShadowShaders.usf" 2940
"../../../Engine/Shaders/Private/BasePassPixelShader.usf" 2941
"../../../Engine/Shaders/Private/ForwardLightingCommon.ush" 2942
"../../../Engine/Shaders/Private/Substrate/SubstrateForwardLighting.ush" 2943
"../../../Engine/Shaders/Private/ComputeShaderOutputCommon.ush" 2944
"../../../Engine/Shaders/Private/BasePassVertexShader.usf" 2945
"../../../Engine/Shaders/Private/BasePassVertexCommon.ush" 2946
"../../../Engine/Shaders/Private/SimpleElementVolumeTexturePreviewPixelShader.usf" 2947
"../../../Engine/Shaders/Private/SimpleElementTexture2DPreviewPixelShader.usf" 2948
"../../../Engine/Shaders/Private/meshpaintdilatepixelshader.usf" 2949
"../../../Engine/Shaders/Private/meshpaintdilatevertexshader.usf" 2950
"../../../Engine/Shaders/Private/MeshPaintPixelShader.usf" 2951
"../../../Engine/Shaders/Private/MeshPaintVertexShader.usf" 2952
"../../../Engine/Shaders/Private/SlateElementPixelShader.usf" 2953
"../../../Engine/Shaders/Private/SlateShaderCommon.ush" 2954
"../../../Engine/Shaders/Private/SlateMaskingShader.usf" 2955
"../../../Engine/Shaders/Private/SlateVertexShader.usf" 2956
"../../../Engine/Shaders/Private/CompositeUIPixelShader.usf" 2957
"../../../Engine/Shaders/Private/ColorDeficiency.ush" 2958
"../../../Engine/Shaders/Private/SlatePostProcessColorDeficiencyPixelShader.usf" 2959
"../../../Engine/Shaders/Private/SlatePostProcessPixelShader.usf" 2960
"../../../Engine/Shaders/Private/Tools/VisualizeTexture.usf" 2961
"../../../Engine/Shaders/Private/UpdateDescriptorHandle.usf" 2962
"../../../Engine/Shaders/Private/ByteBuffer.usf" 2963
"../../../Engine/Shaders/Private/ShaderBundleWorkGraphDispatch.usf" 2964
"../../../Engine/Shaders/Private/ShaderBundleDispatch.usf" 2965
"../../../Engine/Shaders/Private/ResolveVertexShader.usf" 2966
"../../../Engine/Shaders/Private/ResolvePixelShader.usf" 2967
"../../../Engine/Shaders/Private/Tools/SetupIndirectArgs.usf" 2968
"../../../Engine/Shaders/Private/ClearReplacementShaders.usf" 2969
"../../../Engine/Shaders/Private/Tools/DrawTexture.usf" 2970
"../../../Engine/Shaders/Private/RayTracing/RayTracingValidation.usf" 2971
"../../../Engine/Shaders/Private/RenderGraphUtilities.usf" 2972
"../../../Engine/Shaders/Private/OneColorShader.usf" 2973
"../../../Engine/Shaders/Private/OculusShaders.usf" 2974
"../../../Engine/Shaders/Private/MediaShaders.usf" 2975
"../../../Engine/Shaders/Private/GPUMessaging.usf" 2976
"../../../Engine/Shaders/Private/Tools/GPUDebugCrashUtils.usf" 2977
"../../../Engine/Shaders/Private/NullPixelShader.usf" 2978
"../../../Engine/Shaders/Private/ComputeGenerateMips.usf" 2979
"../../../Engine/Shaders/Private/Tools/DumpTexture.usf" 2980
"../../../Engine/Shaders/Private/CopyTextureShaders.usf" 2981
"../../../Engine/Shaders/Private/Tools/FullscreenVertexShader.usf" 2982
"../../../Engine/Shaders/Private/RayTracing/RayTracingDispatchDesc.usf" 2983
"../../../Engine/Shaders/Private/Bink.usf" 2984
"../../../Engine/Shaders/Private/VelocityShader.usf" 2985
"../../../Engine/Shaders/Private/DepthOnlyPixelShader.usf" 2986
"../../../Engine/Shaders/Private/PositionOnlyDepthVertexShader.usf" 2987
"../../../Engine/Shaders/Private/DepthOnlyVertexShader.usf" 2988
"../../../Engine/Shaders/Private/AnisotropyPassShader.usf" 2989
"/Engine/EditorResources/S_Actor" 2990
"../../../Engine/Content/EditorResources/S_Actor.uasset" 2991
"/Engine/EditorResources/S_BoxReflectionCapture" 2992
"../../../Engine/Content/EditorResources/S_BoxReflectionCapture.uasset" 2993
"/Engine/EngineResources/DefaultTexture" 2994
"../../../Engine/Content/EngineResources/DefaultTexture.uasset" 2995
"/Engine/EngineResources/DefaultTextureCube" 2996
"../../../Engine/Content/EngineResources/DefaultTextureCube.uasset" 2997
"/Engine/EngineResources/DefaultVolumeTexture" 2998
"../../../Engine/Content/EngineResources/DefaultVolumeTexture.uasset" 2999
"../../../Engine/Content/EngineResources/DefaultVolumeTexture2D.uasset" 3000
"/Engine/EngineFonts/RobotoDistanceField" 3001
"../../../Engine/Content/EngineFonts/RobotoDistanceField.uasset" 3002
"/Engine/EngineMaterials/DefaultTextMaterialOpaque" 3003
"../../../Engine/Content/EngineMaterials/DefaultTextMaterialOpaque.uasset" 3004
"/Engine/Functions/Engine_MaterialFunctions01/Shading/PowerToRoughness" 3005
"../../../Engine/Content/Functions/Engine_MaterialFunctions01/Shading/PowerToRoughness.uasset" 3006
"/Engine/Functions/Engine_MaterialFunctions01/Shading/ConvertFromDiffSpec" 3007
"../../../Engine/Content/Functions/Engine_MaterialFunctions01/Shading/ConvertFromDiffSpec.uasset" 3008
"/Engine/EngineMaterials/WorldGridMaterial" 3009
"../../../Engine/Content/EngineMaterials/WorldGridMaterial.uasset" 3010
"../../../Engine/Content/Functions/Engine_MaterialFunctions01/Opacity/CameraDepthFade.uasset" 3011
"../../../Engine/Content/EngineMaterials/T_Default_Material_Grid_M.uasset" 3012
"../../../Engine/Content/EngineMaterials/T_Default_Material_Grid_N.uasset" 3013
"/Engine/EngineMaterials/DefaultDeferredDecalMaterial" 3014
"../../../Engine/Content/EngineMaterials/DefaultDeferredDecalMaterial.uasset" 3015
"../../../Engine/Content/EngineMaterials/DefaultDiffuse.uasset" 3016
"/Engine/EngineMaterials/DefaultLightFunctionMaterial" 3017
"../../../Engine/Content/EngineMaterials/DefaultLightFunctionMaterial.uasset" 3018
"/Engine/EngineMaterials/DefaultPostProcessMaterial" 3019
"../../../Engine/Content/EngineMaterials/DefaultPostProcessMaterial.uasset" 3020
"../../../Engine/Content/Functions/Engine_MaterialFunctions02/Utility/BreakOutFloat2Components.uasset" 3021
"/Engine/EditorResources/S_Trigger" 3022
"../../../Engine/Content/EditorResources/S_Trigger.uasset" 3023
"/Engine/EditorResources/S_TriggerBox" 3024
"../../../Engine/Content/EditorResources/S_TriggerBox.uasset" 3025
"/Engine/EditorResources/S_TriggerCapsule" 3026
"../../../Engine/Content/EditorResources/S_TriggerCapsule.uasset" 3027
"/Engine/EditorResources/S_TriggerSphere" 3028
"../../../Engine/Content/EditorResources/S_TriggerSphere.uasset" 3029
"/Engine/EngineDamageTypes/DmgTypeBP_Environmental" 3030
"../../../Engine/Content/EngineDamageTypes/DmgTypeBP_Environmental.uasset" 3031
"/Engine/EngineSky/VolumetricClouds/m_SimpleVolumetricCloud_Inst" 3032
"../../../Engine/Content/EngineSky/VolumetricClouds/m_SimpleVolumetricCloud_Inst.uasset" 3033
"../../../Engine/Content/EngineSky/VolumetricClouds/m_SimpleVolumetricCloud.uasset" 3034
"../../../Engine/Content/Functions/Engine_MaterialFunctions01/Units/Km-to-Cm.uasset" 3035
"../../../Engine/Content/Functions/Engine_MaterialFunctions02/Utility/BreakOutFloat3Components.uasset" 3036
"../../../Engine/Content/Functions/Engine_MaterialFunctions02/Utility/BreakOutFloat4Components.uasset" 3037
"../../../Engine/Content/Functions/Engine_MaterialFunctions02/Utility/MakeFloat3.uasset" 3038
"../../../Engine/Content/Functions/Engine_MaterialFunctions02/Utility/MakeFloat4.uasset" 3039
"../../../Engine/Content/EngineSky/VolumetricClouds/T_CloudMask.uasset" 3040
"../../../Engine/Content/EngineSky/VolumetricClouds/T_CloudPattern.uasset" 3041
"../../../Engine/Content/EngineSky/VolumetricClouds/T_Profile_08.uasset" 3042
"../../../Engine/Content/EngineSky/VolumetricClouds/VT_Lightning.uasset" 3043
"../../../Engine/Content/EngineSky/VolumetricClouds/VT_PerlinWorley_Balanced.uasset" 3044
"/Engine/EngineMeshes/Sphere" 3045
"../../../Engine/Content/EngineMeshes/Sphere.uasset" 3046
"/Engine/EngineResources/WhiteSquareTexture" 3047
"../../../Engine/Content/EngineResources/WhiteSquareTexture.uasset" 3048
"/Engine/EngineResources/GradientTexture0" 3049
"../../../Engine/Content/EngineResources/GradientTexture0.uasset" 3050
"/Engine/EngineResources/Black" 3051
"../../../Engine/Content/EngineResources/Black.uasset" 3052
"/Engine/EngineMaterials/Widget3DPassThrough_Translucent" 3053
"../../../Engine/Content/EngineMaterials/Widget3DPassThrough_Translucent.uasset" 3054
"../../../Engine/Content/EngineMaterials/Widget3DPassThrough.uasset" 3055
"/Engine/EngineMaterials/Widget3DPassThrough_Translucent_OneSided" 3056
"../../../Engine/Content/EngineMaterials/Widget3DPassThrough_Translucent_OneSided.uasset" 3057
"/Engine/EngineMaterials/Widget3DPassThrough_Opaque" 3058
"../../../Engine/Content/EngineMaterials/Widget3DPassThrough_Opaque.uasset" 3059
"/Engine/EngineMaterials/Widget3DPassThrough_Opaque_OneSided" 3060
"../../../Engine/Content/EngineMaterials/Widget3DPassThrough_Opaque_OneSided.uasset" 3061
"/Engine/EngineMaterials/Widget3DPassThrough_Masked" 3062
"../../../Engine/Content/EngineMaterials/Widget3DPassThrough_Masked.uasset" 3063
"/Engine/EngineMaterials/Widget3DPassThrough_Masked_OneSided" 3064
"../../../Engine/Content/EngineMaterials/Widget3DPassThrough_Masked_OneSided.uasset" 3065
"/Engine/VREditor/TransformGizmo/SM_Sequencer_Node" 3066
"../../../Engine/Content/VREditor/TransformGizmo/SM_Sequencer_Node.uasset" 3067
"../../../Engine/Content/VREditor/TransformGizmo/Main.uasset" 3068
"../../../Engine/Content/VREditor/TransformGizmo/Xray.uasset" 3069
"/Engine/EditorResources/S_Solver" 3070
"../../../Engine/Content/EditorResources/S_Solver.uasset" 3071
"/Engine/EngineDebugMaterials/VolumeToRender" 3072
"../../../Engine/Content/EngineDebugMaterials/VolumeToRender.uasset" 3073
"/Engine/EngineDebugMaterials/M_VolumeRenderSphereTracePP" 3074
"../../../Engine/Content/EngineDebugMaterials/M_VolumeRenderSphereTracePP.uasset" 3075
"../../../Engine/Content/Functions/Engine_MaterialFunctions02/Utility/CameraDirectionVector.uasset" 3076
"/Engine/VREditor/ViewportInteractionAssetContainerData" 3077
"../../../Engine/Content/VREditor/ViewportInteractionAssetContainerData.uasset" 3078
"../../../Engine/Content/VREditor/SnapGrid/SnapGridMaterial.uasset" 3079
"../../../Engine/Content/VREditor/TransformGizmo/TransformGizmoMaterial_Inst.uasset" 3080
"../../../Engine/Content/VREditor/TransformGizmo/TranslucentTransformGizmoMaterial_Inst.uasset" 3081
"../../../Engine/Content/VREditor/SnapGrid/SnapGridPlaneMesh.uasset" 3082
"../../../Engine/Content/VREditor/Sounds/UI/Drop_Item_From_ContentBrowser.uasset" 3083
"../../../Engine/Content/VREditor/Sounds/UI/Gizmo_Handle_Clicked.uasset" 3084
"../../../Engine/Content/VREditor/Sounds/UI/Object_PickUp.uasset" 3085
"../../../Engine/Content/VREditor/Sounds/UI/Object_Snaps_To_Another_Actor.uasset" 3086
"../../../Engine/Content/VREditor/Sounds/UI/Object_Snaps_To_Grid.uasset" 3087
"../../../Engine/Content/VREditor/Sounds/UI/Scaling_Down.uasset" 3088
"../../../Engine/Content/VREditor/Sounds/UI/Scaling_Up.uasset" 3089
"../../../Engine/Content/VREditor/Sounds/UI/Selection_Changes.uasset" 3090
"../../../Engine/Content/VREditor/TransformGizmo/PlaneTranslationHandle.uasset" 3091
"../../../Engine/Content/VREditor/TransformGizmo/RotationHandleFull.uasset" 3092
"../../../Engine/Content/VREditor/TransformGizmo/RotationHandleIndicator.uasset" 3093
"../../../Engine/Content/VREditor/TransformGizmo/RotationHandleQuarter.uasset" 3094
"../../../Engine/Content/VREditor/TransformGizmo/StartRotationHandleIndicator.uasset" 3095
"../../../Engine/Content/VREditor/TransformGizmo/TransformGizmoFreeRotation.uasset" 3096
"../../../Engine/Content/VREditor/TransformGizmo/TranslateArrowHandle.uasset" 3097
"../../../Engine/Content/VREditor/TransformGizmo/UniformScaleHandle.uasset" 3098
"../../../Engine/Content/Functions/Engine_MaterialFunctions02/Math/Transform3x3Matrix.uasset" 3099
"../../../Engine/Content/Functions/Engine_MaterialFunctions02/SplitComponents.uasset" 3100
"../../../Engine/Content/VREditor/TransformGizmo/TransformGizmoMaterial.uasset" 3101
"../../../Engine/Content/VREditor/TransformGizmo/TranslucentTransformGizmoMaterial.uasset" 3102
"../../../Engine/Content/VREditor/LaserPointer/VR_LaserPower_01.uasset" 3103
"/Engine/VREditor/TransformGizmo/BoundingBoxCorner" 3104
"../../../Engine/Content/VREditor/TransformGizmo/BoundingBoxCorner.uasset" 3105
"/Engine/VREditor/TransformGizmo/BoundingBoxEdge" 3106
"../../../Engine/Content/VREditor/TransformGizmo/BoundingBoxEdge.uasset" 3107
"/Engine/EditorMeshes/Camera/SM_CraneRig_Base" 3108
"../../../Engine/Content/EditorMeshes/Camera/SM_CraneRig_Base.uasset" 3109
"../../../Engine/Content/EditorMaterials/Camera/MI_CineMat_Rig.uasset" 3110
"../../../Engine/Content/EditorMaterials/Camera/CineMat.uasset" 3111
"/Engine/EditorMeshes/Camera/SM_CraneRig_Arm" 3112
"../../../Engine/Content/EditorMeshes/Camera/SM_CraneRig_Arm.uasset" 3113
"/Engine/EditorMeshes/Camera/SM_CraneRig_Mount" 3114
"../../../Engine/Content/EditorMeshes/Camera/SM_CraneRig_Mount.uasset" 3115
"/Engine/EditorMeshes/Camera/SM_CraneRig_Body" 3116
"../../../Engine/Content/EditorMeshes/Camera/SM_CraneRig_Body.uasset" 3117
"/Engine/EditorMeshes/Camera/SM_RailRig_Track" 3118
"../../../Engine/Content/EditorMeshes/Camera/SM_RailRig_Track.uasset" 3119
"/Engine/EditorMeshes/Camera/SM_RailRig_Mount" 3120
"../../../Engine/Content/EditorMeshes/Camera/SM_RailRig_Mount.uasset" 3121
"/Engine/ArtTools/RenderToTexture/Meshes/S_1_Unit_Plane" 3122
"../../../Engine/Content/ArtTools/RenderToTexture/Meshes/S_1_Unit_Plane.uasset" 3123
"/Engine/EngineDebugMaterials/M_SimpleUnlitTranslucent" 3124
"../../../Engine/Content/EngineDebugMaterials/M_SimpleUnlitTranslucent.uasset" 3125
"/Engine/EngineFonts/Roboto" 3126
"../../../Engine/Content/EngineFonts/Roboto.uasset" 3127
"../../../Engine/Content/EngineFonts/Faces/DroidSansFallback.uasset" 3128
"../../../Engine/Content/EngineFonts/Faces/RobotoBold.uasset" 3129
"../../../Engine/Content/EngineFonts/Faces/RobotoBoldItalic.uasset" 3130
"../../../Engine/Content/EngineFonts/Faces/RobotoItalic.uasset" 3131
"../../../Engine/Content/EngineFonts/Faces/RobotoLight.uasset" 3132
"../../../Engine/Content/EngineFonts/Faces/RobotoRegular.uasset" 3133
"/Engine/EditorMaterials/ParticleSystems/PSysThumbnail_NoImage" 3134
"../../../Engine/Content/EditorMaterials/ParticleSystems/PSysThumbnail_NoImage.uasset" 3135
"/Engine/EditorMaterials/ParticleSystems/PSysThumbnail_OOD" 3136
"../../../Engine/Content/EditorMaterials/ParticleSystems/PSysThumbnail_OOD.uasset" 3137
"/Engine/EditorLandscapeResources/SplineEditorMesh" 3138
"../../../Engine/Content/EditorLandscapeResources/SplineEditorMesh.uasset" 3139
"../../../Engine/Content/EditorLandscapeResources/SplineEditorMeshMat.uasset" 3140
"/Engine/EngineResources/LandscapeVisibilityLayerInfo" 3141
"../../../Engine/Content/EngineResources/LandscapeVisibilityLayerInfo.uasset" 3142
"/HairStrands/Materials/HairDebugMaterial" 3143
"../../Plugins/Runtime/HairStrands/Content/Materials/HairDebugMaterial.uasset" 3144
"../../../Engine/Content/Functions/Engine_MaterialFunctions02/Utility/MakeFloat2.uasset" 3145
"../../../Engine/Content/EngineMaterials/HairColorMap.uasset" 3146
"../../../Engine/Content/EngineMaterials/HairDebugColor.uasset" 3147
"../../Plugins/Runtime/HairStrands/Content/Materials/HairGroupColors.uasset" 3148
"/HairStrands/Materials/HairDefaultMaterial" 3149
"../../Plugins/Runtime/HairStrands/Content/Materials/HairDefaultMaterial.uasset" 3150
"/HairStrands/Materials/HairCardsDefaultMaterial" 3151
"../../Plugins/Runtime/HairStrands/Content/Materials/HairCardsDefaultMaterial.uasset" 3152
"/HairStrands/Materials/HairMeshesDefaultMaterial" 3153
"../../Plugins/Runtime/HairStrands/Content/Materials/HairMeshesDefaultMaterial.uasset" 3154
"/ACLPlugin/ACLAnimBoneCompressionSettings" 3155
"../../Plugins/Animation/ACLPlugin/Content/ACLAnimBoneCompressionSettings.uasset" 3156
"/Engine/Animation/DefaultRecorderBoneCompression" 3157
"../../../Engine/Content/Animation/DefaultRecorderBoneCompression.uasset" 3158
"/ACLPlugin/ACLAnimCurveCompressionSettings" 3159
"../../Plugins/Animation/ACLPlugin/Content/ACLAnimCurveCompressionSettings.uasset" 3160
"/Engine/Animation/DefaultVariableFrameStrippingSettings" 3161
"../../../Engine/Content/Animation/DefaultVariableFrameStrippingSettings.uasset" 3162
"/ControlRig/Controls/ControlRigXRayMaterial" 3163
"../../Plugins/Animation/ControlRig/Content/Controls/ControlRigXRayMaterial.uasset" 3164
"/ControlRig/Controls/DefaultGizmoLibraryNormalized" 3165
"../../Plugins/Animation/ControlRig/Content/Controls/DefaultGizmoLibraryNormalized.uasset" 3166
"/InterchangeAssets/gltf/MaterialBodies/MF_Default_Body" 3167
"../../Plugins/Interchange/Assets/Content/gltf/MaterialBodies/MF_Default_Body.uasset" 3168
"../../Plugins/Interchange/Assets/Content/gltf/MaterialFunctions/MF_BaseColor.uasset" 3169
"../../Plugins/Interchange/Assets/Content/gltf/MaterialFunctions/MF_Emissive.uasset" 3170
"../../Plugins/Interchange/Assets/Content/gltf/MaterialFunctions/MF_IOR.uasset" 3171
"../../Plugins/Interchange/Assets/Content/gltf/MaterialFunctions/MF_Iridescence.uasset" 3172
"../../Plugins/Interchange/Assets/Content/gltf/MaterialFunctions/MF_MetallicRoughness.uasset" 3173
"../../Plugins/Interchange/Assets/Content/gltf/MaterialFunctions/MF_Normals.uasset" 3174
"../../Plugins/Interchange/Assets/Content/gltf/MaterialFunctions/MF_Occlusion.uasset" 3175
"../../Plugins/Interchange/Assets/Content/gltf/MaterialFunctions/MF_ScaleNormal.uasset" 3176
"../../Plugins/Interchange/Assets/Content/gltf/MaterialFunctions/MF_Specular.uasset" 3177
"../../Plugins/Interchange/Assets/Content/gltf/MaterialFunctions/MF_SpecularAnisotropy.uasset" 3178
"../../Plugins/Interchange/Assets/Content/gltf/MaterialFunctions/MF_TransformUVs.uasset" 3179
"../../Plugins/Interchange/Assets/Content/gltf/Textures/T_Anisotropy_Direction_Linear.uasset" 3180
"../../Plugins/Interchange/Assets/Content/gltf/Textures/T_Generic_N.uasset" 3181
"../../Plugins/Interchange/Assets/Content/gltf/Textures/T_White_Linear.uasset" 3182
"../../Plugins/Interchange/Assets/Content/gltf/Textures/T_White_srgb.uasset" 3183
"../../Plugins/Interchange/Assets/Content/Functions/MF_Iridescence.uasset" 3184
"../../Plugins/Interchange/Assets/Content/gltf/MaterialFunctions/MF_RotateNormals_TS.uasset" 3185
"../../Plugins/Interchange/Assets/Content/gltf/MaterialFunctions/MF_RotateV2.uasset" 3186
"../../../Engine/Content/Functions/Engine_MaterialFunctions03/Math/RemapValueRange.uasset" 3187
"../../Plugins/Interchange/Assets/Content/Utilities/New_LUT.uasset" 3188
"/InterchangeAssets/gltf/MaterialBodies/MF_Unlit_Body" 3189
"../../Plugins/Interchange/Assets/Content/gltf/MaterialBodies/MF_Unlit_Body.uasset" 3190
"/InterchangeAssets/gltf/MaterialBodies/MF_ClearCoat_Body" 3191
"../../Plugins/Interchange/Assets/Content/gltf/MaterialBodies/MF_ClearCoat_Body.uasset" 3192
"../../Plugins/Interchange/Assets/Content/gltf/MaterialFunctions/MF_Clearcoat.uasset" 3193
"../../../Engine/Content/Functions/Engine_MaterialFunctions01/Texturing/FlattenNormal.uasset" 3194
"/InterchangeAssets/gltf/MaterialBodies/MF_Sheen_Body" 3195
"../../Plugins/Interchange/Assets/Content/gltf/MaterialBodies/MF_Sheen_Body.uasset" 3196
"../../Plugins/Interchange/Assets/Content/gltf/MaterialFunctions/MF_Sheen.uasset" 3197
"/InterchangeAssets/gltf/MaterialBodies/MF_Transmission_Body" 3198
"../../Plugins/Interchange/Assets/Content/gltf/MaterialBodies/MF_Transmission_Body.uasset" 3199
"../../Plugins/Interchange/Assets/Content/gltf/MaterialFunctions/MF_Fresnel_DS.uasset" 3200
"../../Plugins/Interchange/Assets/Content/gltf/MaterialFunctions/MF_Temporal_Blur.uasset" 3201
"../../Plugins/Interchange/Assets/Content/gltf/MaterialFunctions/MF_Transmission.uasset" 3202
"../../../Engine/Content/Functions/Engine_MaterialFunctions02/Texturing/ScreenAlignedPixelToPixelUVs.uasset" 3203
"../../../Engine/Content/EngineMaterials/Good64x64TilingNoiseHighFreq.uasset" 3204
"/InterchangeAssets/gltf/MaterialBodies/MF_SpecularGlossiness_Body" 3205
"../../Plugins/Interchange/Assets/Content/gltf/MaterialBodies/MF_SpecularGlossiness_Body.uasset" 3206
"../../Plugins/Interchange/Assets/Content/gltf/MaterialFunctions/MF_DiffuseSpecGloss.uasset" 3207
"../../Plugins/Interchange/Assets/Content/gltf/MaterialFunctions/MF_MaxComponentValue.uasset" 3208
"../../Plugins/Interchange/Assets/Content/gltf/MaterialFunctions/MF_SpecGlossToMetalRoughness.uasset" 3209
"../../Plugins/Interchange/Assets/Content/gltf/MaterialFunctions/MF_PerceivedBrightness.uasset" 3210
"../../../Engine/Content/Functions/Engine_MaterialFunctions02/Math/AddComponents.uasset" 3211
"/Paper2D/MaskedUnlitSpriteMaterial" 3212
"../../Plugins/2D/Paper2D/Content/MaskedUnlitSpriteMaterial.uasset" 3213
"../../Plugins/2D/Paper2D/Content/DefaultSpriteMaterial.uasset" 3214
"../../Plugins/2D/Paper2D/Content/PlaceholderTextures/DummySpriteTexture.uasset" 3215
"/Paper2D/OpaqueUnlitSpriteMaterial" 3216
"../../Plugins/2D/Paper2D/Content/OpaqueUnlitSpriteMaterial.uasset" 3217
"/Paper2D/DefaultPaperTerrainMaterial" 3218
"../../Plugins/2D/Paper2D/Content/DefaultPaperTerrainMaterial.uasset" 3219
"../../Plugins/2D/Paper2D/Content/DummySprite.uasset" 3220
"/ControlRig/M_Manip" 3221
"../../Plugins/Animation/ControlRig/Content/M_Manip.uasset" 3222
"../../../Engine/Content/Functions/Engine_MaterialFunctions02/WorldPositionOffset/CameraOffset.uasset" 3223
"/AudioWidgets/AudioMaterialSlate/MI_AudioMaterialToggleButton" 3224
"../../Plugins/Runtime/AudioWidgets/Content/AudioMaterialSlate/MI_AudioMaterialToggleButton.uasset" 3225
"../../Plugins/Runtime/AudioWidgets/Content/AudioMaterialSlate/M_AudioMaterialToggleButton.uasset" 3226
"../../Plugins/Runtime/AudioWidgets/Content/AudioMaterialSlate/Functions/MF_AngleGradient.uasset" 3227
"../../Plugins/Runtime/AudioWidgets/Content/AudioMaterialSlate/Functions/MF_SingleLine.uasset" 3228
"../../Plugins/Runtime/AudioWidgets/Content/AudioMaterialSlate/Functions/MF_SingleLine_Smooth.uasset" 3229
"../../../Engine/Content/Functions/Engine_MaterialFunctions01/Gradient/SphereGradient-2D.uasset" 3230
"../../../Engine/Content/Functions/Engine_MaterialFunctions01/Texturing/ScaleUVsByCenter.uasset" 3231
"../../../Engine/Content/Functions/Engine_MaterialFunctions02/Texturing/CustomRotator.uasset" 3232
"/AudioWidgets/Resources/ScrubHandleDown_Clamped" 3233
"../../Plugins/Runtime/AudioWidgets/Content/Resources/ScrubHandleDown_Clamped.uasset" 3234
"/AudioWidgets/AudioMaterialSlate/MI_AudioMaterialKnob" 3235
"../../Plugins/Runtime/AudioWidgets/Content/AudioMaterialSlate/MI_AudioMaterialKnob.uasset" 3236
"../../Plugins/Runtime/AudioWidgets/Content/AudioMaterialSlate/M_AudioMaterialKnob.uasset" 3237
"../../../Engine/Content/Functions/Engine_MaterialFunctions02/Lerp_3Color.uasset" 3238
"/AudioWidgets/AudioMaterialSlate/MI_AudioMaterialMeter" 3239
"../../Plugins/Runtime/AudioWidgets/Content/AudioMaterialSlate/MI_AudioMaterialMeter.uasset" 3240
"../../Plugins/Runtime/AudioWidgets/Content/AudioMaterialSlate/M_AudioMaterialMeter.uasset" 3241
"../../Plugins/Runtime/AudioWidgets/Content/AudioMaterialSlate/Functions/MF_Lines.uasset" 3242
"/AudioWidgets/AudioMaterialSlate/MI_AudioMaterialEnvelope_ADSR" 3243
"../../Plugins/Runtime/AudioWidgets/Content/AudioMaterialSlate/MI_AudioMaterialEnvelope_ADSR.uasset" 3244
"../../Plugins/Runtime/AudioWidgets/Content/AudioMaterialSlate/M_AudioMaterialEnvelope_ADSR.uasset" 3245
"../../Plugins/Runtime/AudioWidgets/Content/AudioMaterialSlate/Functions/MF_DotOutlined.uasset" 3246
"../../../Engine/Content/Functions/Engine_MaterialFunctions01/Gradient/GeneratedRoundRect.uasset" 3247
"../../../Engine/Content/Functions/Engine_MaterialFunctions02/Utility/VectorLength.uasset" 3248
"/AudioWidgets/AudioMaterialSlate/MI_AudioMaterialRoundedSlider" 3249
"../../Plugins/Runtime/AudioWidgets/Content/AudioMaterialSlate/MI_AudioMaterialRoundedSlider.uasset" 3250
"../../Plugins/Runtime/AudioWidgets/Content/AudioMaterialSlate/M_AudioMaterialRoundedSlider.uasset" 3251
"/Game/Animation/PlayerAnimation" 3252
"../../../../../../Users/j/Documents/GitHub/UnrealProject/Content/Animation/PlayerAnimation.uasset" 3253
"../../../../../../Users/j/Documents/GitHub/UnrealProject/Content/Animation/DarkMagition/BackAni.uasset" 3254
"../../../../../../Users/j/Documents/GitHub/UnrealProject/Content/Animation/DarkMagition/NormalAttack.uasset" 3255
"../../../../../../Users/j/Documents/GitHub/UnrealProject/Content/Animation/DarkMagition/skill_Monta.uasset" 3256
"../../../../../../Users/j/Documents/GitHub/UnrealProject/Content/Animation/Guidon/AttackUp.uasset" 3257
"../../../../../../Users/j/Documents/GitHub/UnrealProject/Content/Animation/Guidon/Back_Ani.uasset" 3258
"../../../../../../Users/j/Documents/GitHub/UnrealProject/Content/Animation/Guidon/NormalAttack.uasset" 3259
"../../../../../../Users/j/Documents/GitHub/UnrealProject/Content/Animation/Guidon/skill_Monta.uasset" 3260
"../../../../../../Users/j/Documents/GitHub/UnrealProject/Content/Animation/warrior/AttackUp.uasset" 3261
"../../../../../../Users/j/Documents/GitHub/UnrealProject/Content/Animation/warrior/Back_Ani.uasset" 3262
"../../../../../../Users/j/Documents/GitHub/UnrealProject/Content/Animation/warrior/NoramlAttack.uasset" 3263
"../../../../../../Users/j/Documents/GitHub/UnrealProject/Content/Animation/warrior/skill_Monta.uasset" 3264
"../../../../../../Users/j/Documents/GitHub/UnrealProject/Content/Animation/DarkMagition/IdleAndRun.uasset" 3265
"../../../../../../Users/j/Documents/GitHub/UnrealProject/Content/Animation/Guidon/IdleAndRun.uasset" 3266
"../../../../../../Users/j/Documents/GitHub/UnrealProject/Content/Animation/warrior/IdleAndRun.uasset" 3267
"../../../../../../Users/j/Documents/GitHub/UnrealProject/Content/ParagonGideon/Characters/Heroes/Gideon/Animations/Burden_Loop.uasset" 3268
"../../../../../../Users/j/Documents/GitHub/UnrealProject/Content/ParagonGideon/Characters/Heroes/Gideon/Meshes/Gideon_Skeleton.uasset" 3269
"../../../../../../Users/j/Documents/GitHub/UnrealProject/Content/ParagonGideon/Characters/Heroes/Gideon/Animations/Primary_Attack_A_Medium.uasset" 3270
"../../../../../../Users/j/Documents/GitHub/UnrealProject/Content/ParagonGideon/Characters/Heroes/Gideon/Animations/Primary_Attack_B_Medium.uasset" 3271
"../../../../../../Users/j/Documents/GitHub/UnrealProject/Content/ParagonGideon/Characters/Heroes/Gideon/Animations/Primary_Attack_C_Medium.uasset" 3272
"../../../../../../Users/j/Documents/GitHub/UnrealProject/Content/ParagonGideon/Characters/Heroes/Gideon/Animations/Cosmic_Rift.uasset" 3273
"../../../../../../Users/j/Documents/GitHub/UnrealProject/Content/ParagonGideon/Characters/Heroes/Gideon/Animations/CosmicRift.uasset" 3274
"../../../../../../Users/j/Documents/GitHub/UnrealProject/Content/ParagonGreystone/Characters/Heroes/Greystone/Animations/Attack_A_Fast.uasset" 3275
"../../../../../../Users/j/Documents/GitHub/UnrealProject/Content/ParagonGreystone/Characters/Heroes/Greystone/Animations/Attack_B_Fast.uasset" 3276
"../../../../../../Users/j/Documents/GitHub/UnrealProject/Content/ParagonGreystone/Characters/Heroes/Greystone/Animations/Attack_C_Fast.uasset" 3277
"../../../../../../Users/j/Documents/GitHub/UnrealProject/Content/ParagonGreystone/Characters/Heroes/Greystone/Animations/Attack_D_Fast.uasset" 3278
"../../../../../../Users/j/Documents/GitHub/UnrealProject/Content/ParagonGreystone/Characters/Heroes/Greystone/Meshes/Greystone_Skeleton.uasset" 3279
"../../../../../../Users/j/Documents/GitHub/UnrealProject/Content/ParagonGreystone/Characters/Heroes/Greystone/Animations/RMB_Targeting.uasset" 3280
"../../../../../../Users/j/Documents/GitHub/UnrealProject/Content/ParagonGreystone/Characters/Heroes/Greystone/Animations/Attack_A_Slow.uasset" 3281
"../../../../../../Users/j/Documents/GitHub/UnrealProject/Content/ParagonGreystone/Characters/Heroes/Greystone/Animations/Attack_B_Slow.uasset" 3282
"../../../../../../Users/j/Documents/GitHub/UnrealProject/Content/ParagonGreystone/Characters/Heroes/Greystone/Animations/Attack_C_Slow.uasset" 3283
"../../../../../../Users/j/Documents/GitHub/UnrealProject/Content/ParagonGreystone/Characters/Heroes/Greystone/Animations/Attack_D_Slow.uasset" 3284
"../../../../../../Users/j/Documents/GitHub/UnrealProject/Content/ParagonGreystone/Characters/Heroes/Greystone/Animations/Ability_E.uasset" 3285
"../../../../../../Users/j/Documents/GitHub/UnrealProject/Content/ParagonGreystone/Characters/Heroes/Greystone/Animations/Ability_Q.uasset" 3286
"../../../../../../Users/j/Documents/GitHub/UnrealProject/Content/ParagonGreystone/Characters/Heroes/Greystone/Animations/Ability_R.uasset" 3287
"../../../../../../Users/j/Documents/GitHub/UnrealProject/Content/ParagonGreystone/Characters/Heroes/Greystone/Animations/Attack_PrimaryA.uasset" 3288
"../../../../../../Users/j/Documents/GitHub/UnrealProject/Content/ParagonAurora/Characters/Heroes/Aurora/Animations/Primary_Attack_Fast_A.uasset" 3289
"../../../../../../Users/j/Documents/GitHub/UnrealProject/Content/ParagonAurora/Characters/Heroes/Aurora/Animations/Primary_Attack_Fast_B.uasset" 3290
"../../../../../../Users/j/Documents/GitHub/UnrealProject/Content/ParagonAurora/Characters/Heroes/Aurora/Animations/Primary_Attack_Fast_C.uasset" 3291
"../../../../../../Users/j/Documents/GitHub/UnrealProject/Content/ParagonAurora/Characters/Heroes/Aurora/Animations/Primary_Attack_Fast_D.uasset" 3292
"../../../../../../Users/j/Documents/GitHub/UnrealProject/Content/ParagonAurora/Characters/Heroes/Aurora/Meshes/Aurora_Skeleton.uasset" 3293
"../../../../../../Users/j/Documents/GitHub/UnrealProject/Content/ParagonAurora/Characters/Heroes/Aurora/Animations/Ability_Q_Targeting.uasset" 3294
"../../../../../../Users/j/Documents/GitHub/UnrealProject/Content/ParagonAurora/Characters/Heroes/Aurora/Animations/Primary_Attack_Slow_A.uasset" 3295
"../../../../../../Users/j/Documents/GitHub/UnrealProject/Content/ParagonAurora/Characters/Heroes/Aurora/Animations/Primary_Attack_Slow_B.uasset" 3296
"../../../../../../Users/j/Documents/GitHub/UnrealProject/Content/ParagonAurora/Characters/Heroes/Aurora/Animations/Primary_Attack_Slow_C_InMotion.uasset" 3297
"../../../../../../Users/j/Documents/GitHub/UnrealProject/Content/ParagonAurora/Characters/Heroes/Aurora/Animations/Primary_Attack_Slow_D.uasset" 3298
"../../../../../../Users/j/Documents/GitHub/UnrealProject/Content/ParagonAurora/Characters/Heroes/Aurora/Animations/Ability_E.uasset" 3299
"../../../../../../Users/j/Documents/GitHub/UnrealProject/Content/ParagonAurora/Characters/Heroes/Aurora/Animations/Ability_Q.uasset" 3300
"../../../../../../Users/j/Documents/GitHub/UnrealProject/Content/ParagonAurora/Characters/Heroes/Aurora/Animations/Ability_R.uasset" 3301
"../../../../../../Users/j/Documents/GitHub/UnrealProject/Content/ParagonGideon/Characters/Heroes/Gideon/Animations/Idle.uasset" 3302
"../../../../../../Users/j/Documents/GitHub/UnrealProject/Content/ParagonGideon/Characters/Heroes/Gideon/Animations/Jog_Fwd.uasset" 3303
"../../../../../../Users/j/Documents/GitHub/UnrealProject/Content/ParagonGreystone/Characters/Heroes/Greystone/Animations/Idle.uasset" 3304
"../../../../../../Users/j/Documents/GitHub/UnrealProject/Content/ParagonGreystone/Characters/Heroes/Greystone/Animations/Jog_Fwd.uasset" 3305
"../../../../../../Users/j/Documents/GitHub/UnrealProject/Content/ParagonAurora/Characters/Heroes/Aurora/Animations/Idle.uasset" 3306
"../../../../../../Users/j/Documents/GitHub/UnrealProject/Content/ParagonAurora/Characters/Heroes/Aurora/Animations/Jog_Fwd.uasset" 3307
"../../../../../../Users/j/Documents/GitHub/UnrealProject/Content/SlashTrailElemental/Niagara/SlashTrail/NS_SlashTrail_Dark.uasset" 3308
"../../../../../../Users/j/Documents/GitHub/UnrealProject/Content/SlashTrailElemental/Niagara/Sword/NS_Sword_Dark.uasset" 3309
"../../../../../../Users/j/Documents/GitHub/UnrealProject/Content/SlashTrailElemental/Niagara/SlashTrail/NS_SlashTrail_Electric.uasset" 3310
"../../../../../../Users/j/Documents/GitHub/UnrealProject/Content/SlashTrailElemental/Niagara/Sword/NS_Sword_Electric.uasset" 3311
"../../../../../../Users/j/Documents/GitHub/UnrealProject/Content/SlashTrailElemental/Niagara/SlashTrail/NS_SlashTrail_Mystic.uasset" 3312
"../../../../../../Users/j/Documents/GitHub/UnrealProject/Content/SlashTrailElemental/Niagara/Sword/NS_Sword_Mystic.uasset" 3313
"../../../../../../Users/j/Documents/GitHub/UnrealProject/Content/SlashTrailElemental/Niagara/SlashTrail/NS_SlashTrail_Ice.uasset" 3314
"../../../../../../Users/j/Documents/GitHub/UnrealProject/Content/SlashTrailElemental/Niagara/Sword/NS_Sword_Ice.uasset" 3315
"../../../../../../Users/j/Documents/GitHub/UnrealProject/Content/SlashTrailElemental/Material/M_SlashTrail_Dark.uasset" 3316
"../../Plugins/FX/Niagara/Content/ParameterDefinitions/CoreParameters.uasset" 3317
"../../Plugins/FX/Niagara/Content/ParameterDefinitions/RibbonRenderer.uasset" 3318
"../../Plugins/FX/Niagara/Content/Modules/Emitter/EmitterState.uasset" 3319
"../../Plugins/FX/Niagara/Content/Modules/Emitter/SpawnRate.uasset" 3320
"../../Plugins/FX/Niagara/Content/Modules/Spawn/Initialization/V2/InitializeParticle.uasset" 3321
"../../Plugins/FX/Niagara/Content/Modules/System/SystemState.uasset" 3322
"../../Plugins/FX/Niagara/Content/Modules/Update/Color/Color.uasset" 3323
"../../Plugins/FX/Niagara/Content/Modules/Update/Lifetime/ParticleState.uasset" 3324
"../../Plugins/FX/Niagara/Content/Enums/ENiagara_ColorInitializationMode.uasset" 3325
"../../Plugins/FX/Niagara/Content/Enums/ENiagara_EmitterStateOptions.uasset" 3326
"../../Plugins/FX/Niagara/Content/Enums/ENiagara_InfiniteLoopDuration.uasset" 3327
"../../Plugins/FX/Niagara/Content/Enums/ENiagara_LifetimeMode.uasset" 3328
"../../Plugins/FX/Niagara/Content/Enums/ENiagara_MassInitializationMode.uasset" 3329
"../../Plugins/FX/Niagara/Content/Enums/ENiagara_PositionInitializationMode.uasset" 3330
"../../Plugins/FX/Niagara/Content/Enums/ENiagara_SizeScaleMode.uasset" 3331
"../../Plugins/FX/Niagara/Content/Enums/ENiagara_SpriteRotationMode.uasset" 3332
"../../Plugins/FX/Niagara/Content/Enums/ENiagara_UVFlippingMode.uasset" 3333
"../../Plugins/FX/Niagara/Content/Enums/ENiagaraChannelCorrelation.uasset" 3334
"../../Plugins/FX/Niagara/Content/Enums/ENiagaraEmitterLifeCycleMode.uasset" 3335
"../../Plugins/FX/Niagara/Content/Enums/ENiagaraEmitterScalabilityMode_Limited.uasset" 3336
"../../Plugins/FX/Niagara/Content/Enums/ENiagaraInactiveMode.uasset" 3337
"../../Plugins/FX/Niagara/Content/Enums/ENiagaraRandomnessMode.uasset" 3338
"../../Plugins/FX/Niagara/Content/Enums/ENiagaraSystemInactiveMode.uasset" 3339
"../../Plugins/FX/Niagara/Content/Enums/Ribbons/ENiagara_UnsetDirectSet.uasset" 3340
"../../Plugins/FX/Niagara/Content/Enums/Ribbons/ENiagara_UnsetDirectSetRandom.uasset" 3341
"../../../../../../Users/j/Documents/GitHub/UnrealProject/Content/SlashTrailElemental/Material/M_Glow_Dark.uasset" 3342
"../../Plugins/FX/Niagara/Content/DynamicInputs/UniformRange/V2/RandomRangeFloat.uasset" 3343
"../../Plugins/FX/Niagara/Content/DynamicInputs/ValueFromCurve/FloatFromCurve.uasset" 3344
"../../Plugins/FX/Niagara/Content/Modules/Solvers/ApplyInitialForces.uasset" 3345
"../../Plugins/FX/Niagara/Content/Modules/Solvers/SolveForcesAndVelocity.uasset" 3346
"../../Plugins/FX/Niagara/Content/Modules/Spawn/Location/SystemLocation.uasset" 3347
"../../Plugins/FX/Niagara/Content/Modules/Spawn/Location/V2/ShapeLocation.uasset" 3348
"../../Plugins/FX/Niagara/Content/Modules/Update/Camera/CameraOffset.uasset" 3349
"../../Plugins/FX/Niagara/Content/Modules/Update/Forces/Drag.uasset" 3350
"../../Plugins/FX/Niagara/Content/Modules/Update/Forces/V2/CurlNoiseForce.uasset" 3351
"../../Plugins/FX/Niagara/Content/Modules/Update/Material/DynamicMaterialParameters.uasset" 3352
"../../Plugins/FX/Niagara/Content/Modules/Update/Size/ScaleSpriteSize.uasset" 3353
"../../Plugins/FX/Niagara/Content/Enums/Angles/ENiagara_AngleInput.uasset" 3354
"../../Plugins/FX/Niagara/Content/Enums/ENiagara_AttributeSamplingApplyOutput.uasset" 3355
"../../Plugins/FX/Niagara/Content/Enums/ENiagaraCurlNoiseQuality.uasset" 3356
"../../Plugins/FX/Niagara/Content/Enums/ENiagaraRandomnessEvaluation.uasset" 3357
"../../Plugins/FX/Niagara/Content/Enums/ENiagaraShapeTorusMode.uasset" 3358
"../../Plugins/FX/Niagara/Content/Enums/ENiagaraSphereDistributionMode.uasset" 3359
"../../Plugins/FX/Niagara/Content/Enums/ENiagaraTorusDistributionMode.uasset" 3360
"../../Plugins/FX/Niagara/Content/Enums/Location/ENiagara_BoxPlaneMode.uasset" 3361
"../../Plugins/FX/Niagara/Content/Enums/Location/ENiagara_ConeMode.uasset" 3362
"../../Plugins/FX/Niagara/Content/Enums/Location/ENiagara_CylinderMode.uasset" 3363
"../../Plugins/FX/Niagara/Content/Enums/Location/ENiagara_LocationShapes.uasset" 3364
"../../Plugins/FX/Niagara/Content/Enums/Location/ENiagaraRingDiscMode.uasset" 3365
"../../Plugins/FX/Niagara/Content/Enums/SpriteRenderer/ENiagara_ScaleSpriteSize.uasset" 3366
"../../Plugins/FX/Niagara/Content/Enums/Transforms/ENiagara_OffsetMode.uasset" 3367
"../../Plugins/FX/Niagara/Content/Enums/Transforms/ENiagara_RotationMode.uasset" 3368
"../../Plugins/FX/Niagara/Content/Enums/Transforms/ENiagara_ScaleMode.uasset" 3369
"../../Plugins/FX/Niagara/Content/Enums/Transforms/ENiagara_TransformOrder.uasset" 3370
"../../Plugins/FX/Niagara/Content/Enums/Transforms/ENiagara_TransformType.uasset" 3371
"../../Plugins/FX/Niagara/Content/VectorFields/Assets/TilingCurl32.uasset" 3372
"../../../../../../Users/j/Documents/GitHub/UnrealProject/Content/SlashTrailElemental/Material/M_Electric.uasset" 3373
"../../../../../../Users/j/Documents/GitHub/UnrealProject/Content/SlashTrailElemental/Material/M_SlashTrail.uasset" 3374
"../../../../../../Users/j/Documents/GitHub/UnrealProject/Content/SlashTrailElemental/Material/M_Spark.uasset" 3375
"../../Plugins/FX/Niagara/Content/ParameterDefinitions/SpriteRenderer.uasset" 3376
"../../Plugins/FX/Niagara/Content/Modules/Emitter/SpawnBurst_Instantaneous.uasset" 3377
"../../Plugins/FX/Niagara/Content/Modules/Spawn/Location/V2/SphereLocation.uasset" 3378
"../../Plugins/FX/Niagara/Content/Modules/Spawn/Velocity/AddVelocity.uasset" 3379
"../../Plugins/FX/Niagara/Content/Modules/Update/SubUV/V2/SubUVAnimation.uasset" 3380
"../../Plugins/FX/Niagara/Content/Enums/ENiagara_SubUVLookupMode.uasset" 3381
"../../Plugins/FX/Niagara/Content/Enums/Utility/ENiagara_VelocityMode.uasset" 3382
"../../../../../../Users/j/Documents/GitHub/UnrealProject/Content/SlashTrailElemental/Material/MI_ElecOrb_01.uasset" 3383
"../../Plugins/FX/Niagara/Content/ParameterDefinitions/MeshRenderer.uasset" 3384
"../../Plugins/FX/Niagara/Content/DynamicInputs/TypeConversions/VectorFromFloat.uasset" 3385
"../../Plugins/FX/Niagara/Content/Modules/Update/Size/ScaleMeshSize.uasset" 3386
"../../../../../../Users/j/Documents/GitHub/UnrealProject/Content/SlashTrailElemental/Resource/mesh/SM_GroundAttack_01.uasset" 3387
"../../../../../../Users/j/Documents/GitHub/UnrealProject/Content/SlashTrailElemental/Material/MI_SlashTrail_Mystic.uasset" 3388
"../../Plugins/FX/Niagara/Content/Modules/Update/Forces/VortexForce.uasset" 3389
"../../../../../../Users/j/Documents/GitHub/UnrealProject/Content/SlashTrailElemental/Material/M_IceMesh_Meteor.uasset" 3390
"../../../../../../Users/j/Documents/GitHub/UnrealProject/Content/SlashTrailElemental/Material/M_SlashTrail_ICE.uasset" 3391
"../../Plugins/FX/Niagara/Content/DefaultAssets/DefaultSpriteMaterial.uasset" 3392
"../../../../../../Users/j/Documents/GitHub/UnrealProject/Content/SlashTrailElemental/Material/MI_smoke_01_Inst.uasset" 3393
"../../Plugins/FX/Niagara/Content/DynamicInputs/TypeConversions/MakeVector.uasset" 3394
"../../Plugins/FX/Niagara/Content/DynamicInputs/UniformRange/V2/RandomRangeVector.uasset" 3395
"../../Plugins/FX/Niagara/Content/Modules/Collision/Collision.uasset" 3396
"../../Plugins/FX/Niagara/Content/Modules/Emitter/SpawnPerUnit.uasset" 3397
"../../Plugins/FX/Niagara/Content/Modules/Spawn/Orientation/V3/InitialMeshOrientation.uasset" 3398
"../../Plugins/FX/Niagara/Content/Modules/Update/Forces/GravityForce.uasset" 3399
"../../Plugins/FX/Niagara/Content/Modules/Update/Orientation/V2/MeshRotationForce.uasset" 3400
"../../Plugins/FX/Niagara/Content/Modules/Update/Renderers/Sprite/SpriteFacingAndAlignment.uasset" 3401
"../../../../../../Users/j/Documents/GitHub/UnrealProject/Content/SlashTrailElemental/Resource/mesh/SM_Stone_01.uasset" 3402
"../../Plugins/FX/Niagara/Content/Enums/ENiagara_CPUCollisionType.uasset" 3403
"../../Plugins/FX/Niagara/Content/Enums/ENiagara_GPUCollisionType.uasset" 3404
"../../Plugins/FX/Niagara/Content/Enums/ENiagaraCalculateRadiusOptions.uasset" 3405
"../../Plugins/FX/Niagara/Content/Enums/ENiagaraCollisionRadiusOptions.uasset" 3406
"../../Plugins/FX/Niagara/Content/Enums/ENiagaraFrictionMergeType.uasset" 3407
"../../Plugins/FX/Niagara/Content/Enums/ENiagaraMeshTransforms.uasset" 3408
"../../Plugins/FX/Niagara/Content/Enums/ENiagaraRestitutionMergeType.uasset" 3409
"../../../../../../Users/j/Documents/GitHub/UnrealProject/Content/SlashTrailElemental/Resource/ColorCurve/CC_DarkSlash.uasset" 3410
"../../../../../../Users/j/Documents/GitHub/UnrealProject/Content/SlashTrailElemental/Resource/ColorCurve/CA_C_SlashTrail.uasset" 3411
"../../../../../../Users/j/Documents/GitHub/UnrealProject/Content/SlashTrailElemental/Resource/Texture/T_slash_Ribbon.uasset" 3412
"../../../../../../Users/j/Documents/GitHub/UnrealProject/Content/SlashTrailElemental/Resource/Texture/T_slash_Ribbon_01.uasset" 3413
"../../../../../../Users/j/Documents/GitHub/UnrealProject/Content/SlashTrailElemental/Resource/Texture/T_tiled_subsD.uasset" 3414
"../../Plugins/FX/Niagara/Content/Functions/Emitter/EmitterChangeState.uasset" 3415
"../../Plugins/FX/Niagara/Content/Functions/RandomRangeFloat.uasset" 3416
"../../Plugins/FX/Niagara/Content/Functions/LinearColor/HueShiftLinearColor.uasset" 3417
"../../Plugins/FX/Niagara/Content/Functions/Localspace/SimulationPosition.uasset" 3418
"../../Plugins/FX/Niagara/Content/Functions/Localspace/TransformVector.uasset" 3419
"../../Plugins/FX/Niagara/Content/Functions/V2/CalculateRandomBool.uasset" 3420
"../../Plugins/FX/Niagara/Content/Functions/V2/CalculateRandomRange.uasset" 3421
"../../Plugins/FX/Niagara/Content/Functions/V2/CalculateRandomRangeFloat.uasset" 3422
"../../Plugins/FX/Niagara/Content/Functions/V2/CalculateRandomRangeInteger.uasset" 3423
"../../Plugins/FX/Niagara/Content/Functions/System/SystemChangeState.uasset" 3424
"../../Plugins/FX/Niagara/Content/Functions/Math/SaturateFloat.uasset" 3425
"../../Plugins/FX/Niagara/Content/Icons/Modules/T_Icon_Particle_InfiniteLife.uasset" 3426
"../../../Engine/Content/Functions/Engine_MaterialFunctions02/Utility/DitherTemporalAA.uasset" 3427
"../../../../../../Users/j/Documents/GitHub/UnrealProject/Content/SlashTrailElemental/Resource/Texture/T_Cloud_Blur_M.uasset" 3428
"../../../../../../Users/j/Documents/GitHub/UnrealProject/Content/SlashTrailElemental/Resource/Texture/T_CloudBlur_M.uasset" 3429
"../../../../../../Users/j/Documents/GitHub/UnrealProject/Content/SlashTrailElemental/Resource/Texture/T_Noise_03.uasset" 3430
"../../../../../../Users/j/Documents/GitHub/UnrealProject/Content/SlashTrailElemental/Resource/Texture/T_SmokeCircle_00_512pix.uasset" 3431
"../../Plugins/FX/Niagara/Content/Functions/DirectionAndLengthSafe.uasset" 3432
"../../Plugins/FX/Niagara/Content/Functions/Drag/DragVelocity.uasset" 3433
"../../Plugins/FX/Niagara/Content/Functions/Math/CentimeterMeterConversion.uasset" 3434
"../../Plugins/FX/Niagara/Content/Functions/Rotation/MultiplyVectorWithQuaternion.uasset" 3435
"../../Plugins/FX/Niagara/Content/Modules/Solvers/ApplyRotationVector.uasset" 3436
"../../Plugins/FX/Niagara/Content/Icons/Modules/T_Icon_Solver_LimitAccel.uasset" 3437
"../../Plugins/FX/Niagara/Content/Icons/Modules/T_Icon_Solver_LimitSpeed.uasset" 3438
"../../Plugins/FX/Niagara/Content/Icons/Modules/T_Icon_Solver_RotationalSolve.uasset" 3439
"../../Plugins/FX/Niagara/Content/Functions/Localspace/TransformPosition.uasset" 3440
"../../Plugins/FX/Niagara/Content/Functions/Math/CalculateRandomPointInConeSphereIntersection.uasset" 3441
"../../Plugins/FX/Niagara/Content/Functions/NormalizedExecutionIndex.uasset" 3442
"../../Plugins/FX/Niagara/Content/Functions/ParametricTorus.uasset" 3443
"../../Plugins/FX/Niagara/Content/Functions/ParametricTorusKnot.uasset" 3444
"../../Plugins/FX/Niagara/Content/Functions/PolarToCartesianCoordinates.uasset" 3445
"../../Plugins/FX/Niagara/Content/Functions/RandomPointInBox.uasset" 3446
"../../Plugins/FX/Niagara/Content/Functions/Rotation/AngleUnitConverter.uasset" 3447
"../../Plugins/FX/Niagara/Content/Functions/Rotation/RotateVector2D.uasset" 3448
"../../Plugins/FX/Niagara/Content/Functions/Rotation/TransformStack/TransformStack_Rotation.uasset" 3449
"../../Plugins/FX/Niagara/Content/Functions/SphericalToCartesianCoordinates.uasset" 3450
"../../Plugins/FX/Niagara/Content/Functions/V2/RemapRange.uasset" 3451
"../../Plugins/FX/Niagara/Content/Enums/ENiagaraExpansionMode.uasset" 3452
"../../Plugins/FX/Niagara/Content/Functions/Localspace/PositionToVector.uasset" 3453
"../../Plugins/FX/Niagara/Content/Functions/V2/ConeMask.uasset" 3454
"../../Plugins/FX/Niagara/Content/VectorFields/Assets/TilingCurl16.uasset" 3455
"../../Plugins/FX/Niagara/Content/VectorFields/Assets/TilingCurl64.uasset" 3456
"../../../../../../Users/j/Documents/GitHub/UnrealProject/Content/SlashTrailElemental/Resource/Texture/T_Electric_4x4_M.uasset" 3457
"../../../../../../Users/j/Documents/GitHub/UnrealProject/Content/SlashTrailElemental/Resource/Texture/T_Spark_M.uasset" 3458
"../../Plugins/FX/Niagara/Content/Functions/Rotation/FindQuatBetween.uasset" 3459
"../../Plugins/FX/Niagara/Content/Functions/V2/CalculateRandomPointInSphere.uasset" 3460
"../../Plugins/FX/Niagara/Content/Functions/Rotation/AxisAngleToQuaternion.uasset" 3461
"../../Plugins/FX/Niagara/Content/Functions/Rotation/InvertQuaternion.uasset" 3462
"../../Plugins/FX/Niagara/Content/Functions/Rotation/MakeQuaternionFrom3BasisVectors.uasset" 3463
"../../Plugins/FX/Niagara/Content/Functions/Rotation/MultiplyQuaternion.uasset" 3464
"../../Plugins/FX/Niagara/Content/Functions/Rotation/XYZRotationToQuaternion.uasset" 3465
"../../Plugins/FX/Niagara/Content/Functions/V2/CalculateRandomUnitVector.uasset" 3466
"../../Plugins/FX/Niagara/Content/Functions/V2/DistanceBasedFalloff.uasset" 3467
"../../Plugins/FX/Niagara/Content/Functions/Helpers/SetBoolByTimer.uasset" 3468
"../../Plugins/FX/Niagara/Content/Functions/RandomRangeInteger.uasset" 3469
"../../Plugins/FX/Niagara/Content/Enums/ENiagara_SubUVLookupModeV2.uasset" 3470
"../../Plugins/FX/Niagara/Content/Enums/ENiagara_WrapClamp.uasset" 3471
"../../Plugins/FX/Niagara/Content/Enums/ENiagaraMeshOrSprite.uasset" 3472
"../../Plugins/FX/Niagara/Content/Enums/SpriteRenderer/ENiagara_AutomaticManual.uasset" 3473
"../../Plugins/FX/Niagara/Content/Enums/SpriteRenderer/ENiagara_FPSPlayrate.uasset" 3474
"../../../../../../Users/j/Documents/GitHub/UnrealProject/Content/SlashTrailElemental/Material/M_ElecOrb.uasset" 3475
"../../../../../../Users/j/Documents/GitHub/UnrealProject/Content/SlashTrailElemental/Resource/Texture/T_Cloud_M.uasset" 3476
"../../../../../../Users/j/Documents/GitHub/UnrealProject/Content/SlashTrailElemental/Material/M_Character.uasset" 3477
"../../../../../../Users/j/Documents/GitHub/UnrealProject/Content/SlashTrailElemental/Resource/Texture/T_Galaxy_00.uasset" 3478
"../../Plugins/FX/Niagara/Content/Functions/NormalizeDistanceRange.uasset" 3479
"../../Plugins/FX/Niagara/Content/Functions/ProjectVectorOnPlane.uasset" 3480
"../../../../../../Users/j/Documents/GitHub/UnrealProject/Content/SlashTrailElemental/Resource/Texture/T_Ice_01.uasset" 3481
"../../../../../../Users/j/Documents/GitHub/UnrealProject/Content/SlashTrailElemental/Resource/Texture/T_Ice_01_NRM.uasset" 3482
"../../../../../../Users/j/Documents/GitHub/UnrealProject/Content/SlashTrailElemental/Material/M_smoke_01.uasset" 3483
"../../Plugins/FX/Niagara/Content/Functions/CalculateMeshRadius.uasset" 3484
"../../Plugins/FX/Niagara/Content/Functions/CalculateRadiusFromSpriteSize.uasset" 3485
"../../Plugins/FX/Niagara/Content/Functions/Helpers/DoOnce_fn.uasset" 3486
"../../Plugins/FX/Niagara/Content/Modules/Collision/CollisionQueryAndResponse.uasset" 3487
"../../Plugins/FX/Niagara/Content/Enums/Collision/SceneDepthCollisionQueryMethod.uasset" 3488
"../../Plugins/FX/Niagara/Content/Functions/Rotation/MatrixToQuaternion.uasset" 3489
"../../Plugins/FX/Niagara/Content/Functions/Rotation/RandomQuaternion.uasset" 3490
"../../Plugins/FX/Niagara/Content/Enums/Transforms/ENiagara_MeshOrientationOptions.uasset" 3491
"../../../../../../Users/j/Documents/GitHub/UnrealProject/Content/SlashTrailElemental/Resource/ColorCurve/CC_Laser_2.uasset" 3492
"../../Plugins/FX/Niagara/Content/Functions/GetRandomInfo.uasset" 3493
"../../Plugins/FX/Niagara/Content/Functions/Localspace/TransformBase.uasset" 3494
"../../Plugins/FX/Niagara/Content/Functions/IsolateLongestVectorComponent.uasset" 3495
"../../Plugins/FX/Niagara/Content/Functions/ChannelMasks/SelectV4Channel.uasset" 3496
"../../Plugins/FX/Niagara/Content/Enums/ENiagaraVector4_Channels.uasset" 3497
"../../Plugins/FX/Niagara/Content/Functions/FindAngleBetweenVectors.uasset" 3498
"../../../../../../Users/j/Documents/GitHub/UnrealProject/Content/SlashTrailElemental/Resource/Texture/T_Clouds.uasset" 3499
"../../../../../../Users/j/Documents/GitHub/UnrealProject/Content/SlashTrailElemental/Resource/Texture/T_FractalNoise_01_512pix.uasset" 3500
"../../../../../../Users/j/Documents/GitHub/UnrealProject/Content/SlashTrailElemental/Resource/Texture/T_FractalNoise_02_512pix.uasset" 3501
"../../Plugins/FX/Niagara/Content/Functions/Collision/PlaneSphereCollisionDetection.uasset" 3502
"../../Plugins/FX/Niagara/Content/Functions/Collision/RandomizeCollisionNormals.uasset" 3503
"../../Plugins/FX/Niagara/Content/Functions/ReflectVector.uasset" 3504
"../../Plugins/FX/Niagara/Content/Functions/Textures/CalculateA_VolumeTexturesDistanceFieldGradient.uasset" 3505
"../../Plugins/FX/Niagara/Content/Modules/Collision/NiagaraDistanceFieldCollisions.uasset" 3506
"../../Plugins/FX/Niagara/Content/Modules/Collision/SceneDepthTest.uasset" 3507
"../../Plugins/FX/Niagara/Content/Enums/ENiagara_Float4Channel.uasset" 3508
"../../../Engine/Plugins/FX/Niagara/Shaders/Private/NiagaraDataInterfaceCurveTemplate.ush" 3509
"../../../Engine/Plugins/FX/Niagara/Shaders/Private/NiagaraDataInterfaceMeshRendererInfoTemplate.ush" 3510
"../../../Engine/Plugins/FX/Niagara/Shaders/Private/NiagaraDataInterfaceSpriteRendererInfoTemplate.ush" 3511
"../../../Engine/Plugins/FX/Niagara/Shaders/Private/NiagaraDataInterfaceDebugDraw.ush" 3512
"../../../Engine/Plugins/FX/Niagara/Shaders/Private/NiagaraDataInterfaceDebugDrawTemplate.ush" 3513
"../../../Engine/Plugins/FX/Niagara/Shaders/Private/NiagaraDataInterfaceCollisionQuery.ush" 3514
"C:/Users/j/Documents/GitHub/UnrealProject/Intermediate/ShaderAutogen/PCD3D_SM5/AutogenShaderHeaders.ush" 3515
"../../../Engine/Plugins/FX/Niagara/Shaders/Private/NiagaraDataInterfaceCollisionQueryTemplate.ush" 3516
"../../../Engine/Plugins/FX/Niagara/Shaders/Private/NiagaraDataInterfaceVolumeTextureTemplate.ush" 3517
"../../../Engine/Plugins/FX/Niagara/Shaders/Private/NiagaraDataInterfaceAsyncGpuTrace.ush" 3518
"../../../Engine/Plugins/FX/Niagara/Shaders/Private/NiagaraDataInterfaceAsyncGpuTraceTemplate.ush" 3519
"../../../Engine/Plugins/FX/Niagara/Shaders/Private/NiagaraDataInterfaceTexture2DArrayTemplate.ush" 3520
"../../../Engine/Plugins/FX/Niagara/Shaders/Private/NiagaraDataInterfaceActorComponentTemplate.ush" 3521
"../../../Engine/Plugins/FX/Niagara/Shaders/Private/NiagaraDataInterfaceArrayTemplate.ush" 3522
"../../../Engine/Plugins/FX/Niagara/Shaders/Private/NiagaraDataInterfaceArrayRWTemplate.ush" 3523
"../../../Engine/Plugins/FX/Niagara/Shaders/Private/NiagaraDataInterfaceCamera.ush" 3524
"../../../Engine/Plugins/FX/Niagara/Shaders/Private/NiagaraDataInterfaceCubeTextureTemplate.ush" 3525
"../../../Engine/Plugins/FX/Niagara/Shaders/Private/DataChannel/NiagaraDataInterfaceDataChannelCommon.ush" 3526
"../../../Engine/Plugins/FX/Niagara/Shaders/Private/DataChannel/NiagaraDataInterfaceDataChannelTemplateCommon.ush" 3527
"../../../Engine/Plugins/FX/Niagara/Shaders/Private/DataChannel/NiagaraDataInterfaceDataChannelTemplateReadCommon.ush" 3528
"../../../Engine/Plugins/FX/Niagara/Shaders/Private/DataChannel/NiagaraDataInterfaceDataChannelTemplate_Read.ush" 3529
"../../../Engine/Plugins/FX/Niagara/Shaders/Private/DataChannel/NiagaraDataInterfaceDataChannelTemplate_Consume.ush" 3530
"../../../Engine/Plugins/FX/Niagara/Shaders/Private/DataChannel/NiagaraDataInterfaceDataChannelTemplateWriteCommon.ush" 3531
"../../../Engine/Plugins/FX/Niagara/Shaders/Private/DataChannel/NiagaraDataInterfaceDataChannelTemplate_Append.ush" 3532
"../../../Engine/Plugins/FX/Niagara/Shaders/Private/NiagaraDataInterfaceDynamicMeshTemplate.ush" 3533
"../../../Engine/Plugins/FX/Niagara/Shaders/Private/NiagaraDataInterfaceEmitterPropertiesTemplate.ush" 3534
"../../../Engine/Plugins/FX/Niagara/Shaders/Private/NiagaraDataInterfaceExportTemplate.ush" 3535
"../../../Engine/Plugins/FX/Niagara/Shaders/Private/NiagaraDataInterfaceGBufferTemplate.ush" 3536
"../../../Engine/Plugins/Runtime/HairStrands/Shaders/Private/NiagaraStrandsExternalForce.ush" 3537
"../../../Engine/Plugins/Runtime/HairStrands/Shaders/Private/NiagaraHookeSpringMaterial.ush" 3538
"../../../Engine/Plugins/Runtime/HairStrands/Shaders/Private/NiagaraAngularSpringMaterial.ush" 3539
"../../../Engine/Plugins/Runtime/HairStrands/Shaders/Private/NiagaraConstantVolumeMaterial.ush" 3540
"../../../Engine/Plugins/Runtime/HairStrands/Shaders/Private/NiagaraCosseratRodMaterial.ush" 3541
"../../../Engine/Plugins/Runtime/HairStrands/Shaders/Private/NiagaraStaticCollisionConstraint.ush" 3542
"../../../Engine/Plugins/Runtime/HairStrands/Shaders/Private/NiagaraDataInterfaceHairStrands.ush" 3543
"../../../Engine/Plugins/Runtime/HairStrands/Shaders/Private/NiagaraDataInterfaceHairStrandsTemplate.ush" 3544
"../../../Engine/Plugins/FX/Niagara/Shaders/Private/NiagaraDataInterfaceIntRenderTarget2D.ush" 3545
"../../../Engine/Plugins/FX/Niagara/Shaders/Private/NiagaraDataInterfaceLandscape.ush" 3546
"../../../Engine/Plugins/FX/Niagara/Shaders/Private/NiagaraDataInterfaceMemoryBufferTemplate.ush" 3547
"../../../Engine/Plugins/FX/Niagara/Shaders/Private/NiagaraDataInterfaceOcclusion.ush" 3548
"../../../Engine/Plugins/FX/Niagara/Shaders/Private/NiagaraDataInterfacePhysicsAsset.ush" 3549
"../../../Engine/Plugins/FX/Niagara/Shaders/Private/NiagaraDataInterfacePlatformSetTemplate.ush" 3550
"../../../Engine/Plugins/Runtime/HairStrands/Shaders/Private/NiagaraDataInterfaceVelocityGrid.ush" 3551
"../../../Engine/Plugins/Runtime/HairStrands/Shaders/Private/NiagaraDataInterfaceVelocityGridTemplate.ush" 3552
"../../../Engine/Plugins/Runtime/HairStrands/Shaders/Private/NiagaraDataInterfacePressureGrid.ush" 3553
"../../../Engine/Plugins/Runtime/HairStrands/Shaders/Private/NiagaraDataInterfacePressureGridTemplate.ush" 3554
"../../../Engine/Plugins/FX/Niagara/Shaders/Private/NiagaraDataInterfaceRenderTarget2DTemplate.ush" 3555
"../../../Engine/Plugins/FX/Niagara/Shaders/Private/NiagaraDataInterfaceRenderTarget2DArrayTemplate.ush" 3556
"../../../Engine/Plugins/FX/Niagara/Shaders/Private/NiagaraDataInterfaceRenderTargetCubeTemplate.ush" 3557
"../../../Engine/Plugins/FX/Niagara/Shaders/Private/NiagaraDataInterfaceRenderTargetVolumeTemplate.ush" 3558
"../../../Engine/Plugins/FX/Niagara/Shaders/Private/NiagaraDataInterfaceRigidMeshCollisionQuery.ush" 3559
"../../../Engine/Plugins/FX/Niagara/Shaders/Private/NiagaraDistanceFieldQueries.ush" 3560
"../../../Engine/Plugins/FX/Niagara/Shaders/Private/NiagaraDataInterfaceSceneCapture2DTemplate.ush" 3561
"../../../Engine/Plugins/FX/Niagara/Shaders/Private/NiagaraDataInterfaceSimCacheReaderTemplate.ush" 3562
"../../../Engine/Plugins/FX/Niagara/Shaders/Private/NiagaraDataInterfaceSimpleCounterTemplate.ush" 3563
"../../../Engine/Plugins/FX/Niagara/Shaders/Private/NiagaraDataInterfaceSkeletalMesh.ush" 3564
"../../../Engine/Plugins/FX/Niagara/Shaders/Private/NiagaraBaryCentricUtils.ush" 3565
"../../../Engine/Plugins/FX/Niagara/Shaders/Private/NiagaraDataInterfaceSkeletalMeshTemplate.ush" 3566
"../../../Engine/Plugins/FX/Niagara/Shaders/Private/NiagaraDataInterfaceSocketReaderTemplate.ush" 3567
"../../../Engine/Plugins/FX/Niagara/Shaders/Private/NiagaraTransformUtils.ush" 3568
"../../../Engine/Plugins/FX/Niagara/Shaders/Private/NiagaraDataInterfaceSparseVolumeTextureTemplate.ush" 3569
"../../../Engine/Plugins/FX/Niagara/Shaders/Private/NiagaraDataInterfaceSplineTemplate.ush" 3570
"../../../Engine/Plugins/FX/Niagara/Shaders/Private/NiagaraDataInterfaceStaticMeshTemplate.ush" 3571
"../../../Engine/Plugins/FX/Niagara/Shaders/Private/NiagaraDataInterfaceTextureTemplate.ush" 3572
"../../../Engine/Plugins/FX/Niagara/Shaders/Private/NiagaraDataInterfaceVirtualTexture.ush" 3573
"../../../Engine/Plugins/FX/Niagara/Shaders/Private/NiagaraDataInterfaceVirtualTextureTemplate.ush" 3574
"../../../Engine/Plugins/FX/Niagara/Shaders/Private/NiagaraDataInterfaceVolumeCache.ush" 3575
"/Game/Animation/MonsterAnimation" 3576
"../../../../../../Users/j/Documents/GitHub/UnrealProject/Content/Animation/MonsterAnimation.uasset" 3577
"../../../../../../Users/j/Documents/GitHub/UnrealProject/Content/ParagonSteel/Characters/Heroes/Steel/Animations/Steel_Ability_Block_Idle.uasset" 3578
"../../../../../../Users/j/Documents/GitHub/UnrealProject/Content/ParagonSteel/Characters/Heroes/Steel/Animations/Steel_Ability_Shield_Idle.uasset" 3579
"../../../../../../Users/j/Documents/GitHub/UnrealProject/Content/ParagonSteel/Characters/Heroes/Steel/Animations/Steel_Idle.uasset" 3580
"../../../../../../Users/j/Documents/GitHub/UnrealProject/Content/ParagonSteel/Characters/Heroes/Steel/Animations/Steel_Idle_PreJump_Loop.uasset" 3581
"../../../../../../Users/j/Documents/GitHub/UnrealProject/Content/ParagonSteel/Characters/Heroes/Steel/Animations/Steel_Jog_Fwd.uasset" 3582
"../../../../../../Users/j/Documents/GitHub/UnrealProject/Content/ParagonSteel/Characters/Heroes/Steel/Animations/Steel_Knockdown_Idle.uasset" 3583
"../../../../../../Users/j/Documents/GitHub/UnrealProject/Content/ParagonSteel/Characters/Heroes/Steel/Animations/Steel_Recall_Loop.uasset" 3584
"../../../../../../Users/j/Documents/GitHub/UnrealProject/Content/ParagonSteel/Characters/Heroes/Steel/Meshes/Steel_Skeleton.uasset" 3585
"../../../../../../Users/j/Documents/GitHub/UnrealProject/Content/ParagonSteel/Characters/Heroes/Steel/Meshes/Orion_Proto_Retarget.uasset" 3586
"/Game/input/Contorller" 3587
"../../../../../../Users/j/Documents/GitHub/UnrealProject/Content/input/Contorller.uasset" 3588
"../../../../../../Users/j/Documents/GitHub/UnrealProject/Content/input/attack.uasset" 3589
"../../../../../../Users/j/Documents/GitHub/UnrealProject/Content/input/Back.uasset" 3590
"../../../../../../Users/j/Documents/GitHub/UnrealProject/Content/input/Dash.uasset" 3591
"../../../../../../Users/j/Documents/GitHub/UnrealProject/Content/input/Inventory.uasset" 3592
"../../../../../../Users/j/Documents/GitHub/UnrealProject/Content/input/mousemove.uasset" 3593
"../../../../../../Users/j/Documents/GitHub/UnrealProject/Content/input/move.uasset" 3594
"../../../../../../Users/j/Documents/GitHub/UnrealProject/Content/input/RightbuttonDown.uasset" 3595
"../../../../../../Users/j/Documents/GitHub/UnrealProject/Content/input/Skill1.uasset" 3596
"../../../../../../Users/j/Documents/GitHub/UnrealProject/Content/input/Skill2.uasset" 3597
"../../../../../../Users/j/Documents/GitHub/UnrealProject/Content/input/Skill3.uasset" 3598
"../../../../../../Users/j/Documents/GitHub/UnrealProject/Content/input/Skill4.uasset" 3599
"/Game/widget/slotwidget" 3600
"../../../../../../Users/j/Documents/GitHub/UnrealProject/Content/widget/slotwidget.uasset" 3601
"/Game/BT/MonsterTREE" 3602
"../../../../../../Users/j/Documents/GitHub/UnrealProject/Content/BT/MonsterTREE.uasset" 3603
"../../../../../../Users/j/Documents/GitHub/UnrealProject/Content/BT/MonsterBlackBORAD.uasset" 3604
"/Game/material/magionaprticle" 3605
"../../../../../../Users/j/Documents/GitHub/UnrealProject/Content/material/magionaprticle.uasset" 3606
"../../../../../../Users/j/Documents/GitHub/UnrealProject/Content/material/circle.uasset" 3607
"../../../../../../Users/j/Documents/GitHub/UnrealProject/Content/material/magion.uasset" 3608
"../../Plugins/FX/Niagara/Content/DefaultAssets/Templates/CascadeConversion/CompletelyEmpty.uasset" 3609
"../../Plugins/FX/Niagara/Content/DynamicInputs/TypeConversions/MakeVectorFromLinearColorRGB.uasset" 3610
"../../Plugins/FX/Niagara/Content/Modules/Update/Color/ScaleColor.uasset" 3611
"../../Plugins/FX/Niagara/Content/Modules/Update/Orientation/V3/UpdateMeshOrientation.uasset" 3612
"../../../Engine/Content/BasicShapes/Plane.uasset" 3613
"../../Plugins/FX/Niagara/Content/Enums/ENiagaraScaleColorMode.uasset" 3614
"../../Plugins/FX/Niagara/Content/Enums/Utility/ENiagara_OrientVectorCount.uasset" 3615
"../../Plugins/FX/Niagara/Content/Enums/Utility/ENiagara_UpdateMeshOrientationMode.uasset" 3616
"../../../Engine/Content/Functions/Engine_MaterialFunctions01/Density/ExponentialDensity.uasset" 3617
"../../../Engine/Content/Functions/Engine_MaterialFunctions01/Gradient/LinearGradient.uasset" 3618
"../../../Engine/Content/Functions/Engine_MaterialFunctions01/Gradient/RadialGradientExponential.uasset" 3619
"../../../Engine/Content/Functions/Engine_MaterialFunctions01/ImageAdjustment/CheapContrast.uasset" 3620
"../../../../../../Users/j/Documents/GitHub/UnrealProject/Content/image/circle2.uasset" 3621
"../../Plugins/FX/Niagara/Content/Functions/DeriveThirdOrthogonalVector.uasset" 3622
"../../Plugins/FX/Niagara/Content/Functions/Helpers/FN_FirstFrame_Numeric.uasset" 3623
"../../Plugins/FX/Niagara/Content/Functions/MakeVectorsOrthogonal.uasset" 3624
"../../Plugins/FX/Niagara/Content/Functions/Math/InterpolateOverTime_V3_.uasset" 3625
"../../Plugins/FX/Niagara/Content/Functions/Math/V2/SmoothLerpOverTime.uasset" 3626
"../../Plugins/FX/Niagara/Content/Functions/Rotation/LerpQuaternion.uasset" 3627
"../../Plugins/FX/Niagara/Content/Functions/Rotation/MakeQuaternionFromXAndYVectors.uasset" 3628
"../../Plugins/FX/Niagara/Content/Functions/Rotation/MakeQuaternionFromXAndZVectors.uasset" 3629
"../../Plugins/FX/Niagara/Content/Functions/Rotation/RotateAngleOnAxis.uasset" 3630
"../../Plugins/FX/Niagara/Content/Functions/Rotation/TwoVectorsToQuaternion.uasset" 3631
"/Game/widget/IntroMainUIWidget" 3632
"../../../../../../Users/j/Documents/GitHub/UnrealProject/Content/widget/IntroMainUIWidget.uasset" 3633
"../../../../../../Users/j/Documents/GitHub/UnrealProject/Content/widget/chchoicewidget.uasset" 3634
"../../../../../../Users/j/Documents/GitHub/UnrealProject/Content/widget/intro.uasset" 3635
"../../../../../../Users/j/Documents/GitHub/UnrealProject/Content/widget/loading.uasset" 3636
"../../../../../../Users/j/Documents/GitHub/UnrealProject/Content/image/1.uasset" 3637
"../../../../../../Users/j/Documents/GitHub/UnrealProject/Content/image/2.uasset" 3638
"../../../../../../Users/j/Documents/GitHub/UnrealProject/Content/image/3.uasset" 3639
"../../../../../../Users/j/Documents/GitHub/UnrealProject/Content/image/4.uasset" 3640
"../../../../../../Users/j/Documents/GitHub/UnrealProject/Content/image/m1.uasset" 3641
"../../../../../../Users/j/Documents/GitHub/UnrealProject/Content/image/m2.uasset" 3642
"../../../../../../Users/j/Documents/GitHub/UnrealProject/Content/image/m3.uasset" 3643
"../../../../../../Users/j/Documents/GitHub/UnrealProject/Content/image/m4.uasset" 3644
"../../../../../../Users/j/Documents/GitHub/UnrealProject/Content/Virtual_Studio_Kit/Textures/Paragon/Heros_1024/Auraura.uasset" 3645
"../../../../../../Users/j/Documents/GitHub/UnrealProject/Content/Virtual_Studio_Kit/Textures/Paragon/Heros_1024/giden.uasset" 3646
"../../../../../../Users/j/Documents/GitHub/UnrealProject/Content/Virtual_Studio_Kit/Textures/Paragon/Heros_1024/greyston.uasset" 3647
"../../../../../../Users/j/Documents/GitHub/UnrealProject/Content/MusicVideo/mv7play_Video.uasset" 3648
"../../../../../../Users/j/Documents/GitHub/UnrealProject/Content/MusicVideo/mv7play.uasset" 3649
"/Game/widget/PlayMainUIWidget" 3650
"../../../../../../Users/j/Documents/GitHub/UnrealProject/Content/widget/PlayMainUIWidget.uasset" 3651
"../../../../../../Users/j/Documents/GitHub/UnrealProject/Content/material/cooltimematerial.uasset" 3652
"../../../../../../Users/j/Documents/GitHub/UnrealProject/Content/widget/Inventorywidget.uasset" 3653
"../../../../../../Users/j/Documents/GitHub/UnrealProject/Content/widget/SkillUI.uasset" 3654
"../../../../../../Users/j/Documents/GitHub/UnrealProject/Content/material/cool.uasset" 3655
"../../../../../../Users/j/Documents/GitHub/UnrealProject/Content/widget/Inslotwidget.uasset" 3656
"../../../Engine/Content/Functions/Engine_MaterialFunctions02/Utility/VectorToRadialValue.uasset" 3657
"/Game/widget/winerWidget" 3658
"../../../../../../Users/j/Documents/GitHub/UnrealProject/Content/widget/winerWidget.uasset" 3659
"../../../Engine/Intermediate/ProjectFiles/PrimaryProjectPath.txt" 3660
"/SpeedTreeImporter/SpeedTree9/SpeedTreeMaster" 3661
"../../Plugins/Editor/SpeedTreeImporter/Content/SpeedTree9/SpeedTreeMaster.uasset" 3662
"../../../Engine/Content/Functions/Engine_MaterialFunctions02/ObjectLocalBounds.uasset" 3663
"../../../Engine/Content/Functions/Engine_MaterialFunctions02/SafeNormalize.uasset" 3664
"../../../Engine/Content/Functions/Engine_MaterialFunctions02/UVs/BoundingBoxBased_0-1_UVW.uasset" 3665
"../../../Engine/Content/Functions/Engine_MaterialFunctions02/WorldPositionOffset/ObjectScale.uasset" 3666
"../../Plugins/Editor/SpeedTreeImporter/Content/SpeedTree9/SpeedTreeBranchMotion.uasset" 3667
"../../Plugins/Editor/SpeedTreeImporter/Content/SpeedTree9/SpeedTreeCameraFacing.uasset" 3668
"../../Plugins/Editor/SpeedTreeImporter/Content/SpeedTree9/SpeedTreeWind.uasset" 3669
"../../Plugins/Editor/SpeedTreeImporter/Content/SpeedTree9/SpeedTreeWindMotion.uasset" 3670
"../../Plugins/Editor/SpeedTreeImporter/Content/SpeedTree9/UnpackDirection.uasset" 3671
"../../Plugins/Editor/SpeedTreeImporter/Content/SpeedTree9/UnpackInteger3.uasset" 3672
"../../Plugins/Editor/SpeedTreeImporter/Content/SpeedTree9/Empty.uasset" 3673
"../../Plugins/Editor/SpeedTreeImporter/Content/SpeedTree9/EmptyNormal.uasset" 3674
"../../Plugins/Editor/SpeedTreeImporter/Content/SpeedTree9/game_wind_noise.uasset" 3675
"/SpeedTreeImporter/SpeedTree9/SpeedTreeBillboardMaster" 3676
"../../Plugins/Editor/SpeedTreeImporter/Content/SpeedTree9/SpeedTreeBillboardMaster.uasset" 3677
"../../Plugins/Editor/SpeedTreeImporter/Content/SpeedTree9/SpeedTreeBillboard.uasset" 3678
"/MediaPlate/SM_MediaPlateScreen" 3679
"../../Plugins/Media/MediaPlate/Content/SM_MediaPlateScreen.uasset" 3680
"/CommonUI/VideoPlayerMaterial" 3681
"../../Plugins/Runtime/CommonUI/Content/VideoPlayerMaterial.uasset" 3682
"../../Plugins/Runtime/CommonUI/Content/DefaultMediaTexture.uasset" 3683
"C:/Program Files/Epic Games/UE_5.5/Engine/Binaries/ThirdParty/USD/UsdResources/Win64/plugins/plugInfo.json" 3684
"C:/Program Files/Epic Games/UE_5.5/Engine/Binaries/ThirdParty/USD/UsdResources/Win64/plugins/glf/resources/plugInfo.json" 3685
"C:/Program Files/Epic Games/UE_5.5/Engine/Binaries/ThirdParty/USD/UsdResources/Win64/plugins/usdHydra/resources/plugInfo.json" 3686
"C:/Program Files/Epic Games/UE_5.5/Engine/Binaries/ThirdParty/USD/UsdResources/Win64/plugins/hd/resources/plugInfo.json" 3687
"C:/Program Files/Epic Games/UE_5.5/Engine/Binaries/ThirdParty/USD/UsdResources/Win64/plugins/usdRiPxrImaging/resources/plugInfo.json" 3688
"C:/Program Files/Epic Games/UE_5.5/Engine/Binaries/ThirdParty/USD/UsdResources/Win64/plugins/ndr/resources/plugInfo.json" 3689
"C:/Program Files/Epic Games/UE_5.5/Engine/Binaries/ThirdParty/USD/UsdResources/Win64/plugins/usdMedia/resources/plugInfo.json" 3690
"C:/Program Files/Epic Games/UE_5.5/Engine/Binaries/ThirdParty/USD/UsdResources/Win64/plugins/hio/resources/plugInfo.json" 3691
"C:/Program Files/Epic Games/UE_5.5/Engine/Binaries/ThirdParty/USD/UsdResources/Win64/plugins/usdProc/resources/plugInfo.json" 3692
"C:/Program Files/Epic Games/UE_5.5/Engine/Binaries/ThirdParty/USD/UsdResources/Win64/plugins/usdGeom/resources/plugInfo.json" 3693
"C:/Program Files/Epic Games/UE_5.5/Engine/Binaries/ThirdParty/USD/UsdResources/Win64/plugins/usdRender/resources/plugInfo.json" 3694
"C:/Program Files/Epic Games/UE_5.5/Engine/Binaries/ThirdParty/USD/UsdResources/Win64/plugins/hdSt/resources/plugInfo.json" 3695
"C:/Program Files/Epic Games/UE_5.5/Engine/Binaries/ThirdParty/USD/UsdResources/Win64/plugins/usdAbc/resources/plugInfo.json" 3696
"C:/Program Files/Epic Games/UE_5.5/Engine/Binaries/ThirdParty/USD/UsdResources/Win64/plugins/usdSkelImaging/resources/plugInfo.json" 3697
"C:/Program Files/Epic Games/UE_5.5/Engine/Binaries/ThirdParty/USD/UsdResources/Win64/plugins/hdx/resources/plugInfo.json" 3698
"C:/Program Files/Epic Games/UE_5.5/Engine/Binaries/ThirdParty/USD/UsdResources/Win64/plugins/usdRi/resources/plugInfo.json" 3699
"C:/Program Files/Epic Games/UE_5.5/Engine/Binaries/ThirdParty/USD/UsdResources/Win64/plugins/usdUI/resources/plugInfo.json" 3700
"C:/Program Files/Epic Games/UE_5.5/Engine/Binaries/ThirdParty/USD/UsdResources/Win64/plugins/usdPhysics/resources/plugInfo.json" 3701
"C:/Program Files/Epic Games/UE_5.5/Engine/Binaries/ThirdParty/USD/UsdResources/Win64/plugins/sdf/resources/plugInfo.json" 3702
"C:/Program Files/Epic Games/UE_5.5/Engine/Binaries/ThirdParty/USD/UsdResources/Win64/plugins/usdSkel/resources/plugInfo.json" 3703
"C:/Program Files/Epic Games/UE_5.5/Engine/Binaries/ThirdParty/USD/UsdResources/Win64/plugins/usdImaging/resources/plugInfo.json" 3704
"C:/Program Files/Epic Games/UE_5.5/Engine/Binaries/ThirdParty/USD/UsdResources/Win64/plugins/usd/resources/plugInfo.json" 3705
"C:/Program Files/Epic Games/UE_5.5/Engine/Binaries/ThirdParty/USD/UsdResources/Win64/plugins/usdMtlx/resources/plugInfo.json" 3706
"C:/Program Files/Epic Games/UE_5.5/Engine/Binaries/ThirdParty/USD/UsdResources/Win64/plugins/ar/resources/plugInfo.json" 3707
"C:/Program Files/Epic Games/UE_5.5/Engine/Binaries/ThirdParty/USD/UsdResources/Win64/plugins/usdLux/resources/plugInfo.json" 3708
"C:/Program Files/Epic Games/UE_5.5/Engine/Binaries/ThirdParty/USD/UsdResources/Win64/plugins/usdShaders/resources/plugInfo.json" 3709
"C:/Program Files/Epic Games/UE_5.5/Engine/Binaries/ThirdParty/USD/UsdResources/Win64/plugins/hdStorm/resources/plugInfo.json" 3710
"C:/Program Files/Epic Games/UE_5.5/Engine/Binaries/ThirdParty/USD/UsdResources/Win64/plugins/sdrGlslfx/resources/plugInfo.json" 3711
"C:/Program Files/Epic Games/UE_5.5/Engine/Binaries/ThirdParty/USD/UsdResources/Win64/plugins/hgiGL/resources/plugInfo.json" 3712
"C:/Program Files/Epic Games/UE_5.5/Engine/Binaries/ThirdParty/USD/UsdResources/Win64/plugins/usdProcImaging/resources/plugInfo.json" 3713
"C:/Program Files/Epic Games/UE_5.5/Engine/Binaries/ThirdParty/USD/UsdResources/Win64/plugins/usdShade/resources/plugInfo.json" 3714
"C:/Program Files/Epic Games/UE_5.5/Engine/Binaries/ThirdParty/USD/UsdResources/Win64/plugins/usdImagingGL/resources/plugInfo.json" 3715
"C:/Program Files/Epic Games/UE_5.5/Engine/Binaries/ThirdParty/USD/UsdResources/Win64/plugins/usdVol/resources/plugInfo.json" 3716
"C:/Program Files/Epic Games/UE_5.5/Engine/Binaries/ThirdParty/USD/UsdResources/Win64/plugins/usdVolImaging/resources/plugInfo.json" 3717
"C:/Program Files/Epic Games/UE_5.5/Engine/Binaries/ThirdParty/USD/UsdResources/Win64/plugins/unreal/resources/plugInfo.json" 3718
"C:/Program Files/Epic Games/UE_5.5/Engine/Binaries/ThirdParty/USD/UsdResources/Win64/plugins/hdGp/resources/plugInfo.json" 3719
"C:/Program Files/Epic Games/UE_5.5/Engine/Binaries/ThirdParty/USD/UsdResources/Win64/plugins/usd/resources/codegenTemplates/plugInfo.json" 3720
"/Engine/BasicShapes/BasicShapeMaterial" 3721
"../../../Engine/Content/BasicShapes/BasicShapeMaterial.uasset" 3722
"/Engine/EditorMaterials/Dataflow/DataflowVertexMaterial" 3723
"../../../Engine/Content/EditorMaterials/Dataflow/DataflowVertexMaterial.uasset" 3724
"/Engine/EditorMaterials/Dataflow/DataflowTwoSidedVertexMaterial" 3725
"../../../Engine/Content/EditorMaterials/Dataflow/DataflowTwoSidedVertexMaterial.uasset" 3726
"C:/Users/j/AppData/Local/UnrealEngine/Editor/UInteractiveToolsPresetCollectionAsset_DefaultCollection.json" 3727
"/Engine/EngineMaterials/NaniteHiddenSectionMaterial" 3728
"../../../Engine/Content/EngineMaterials/NaniteHiddenSectionMaterial.uasset" 3729
"/Engine/EngineMaterials/RemoveSurfaceMaterial" 3730
"../../../Engine/Content/EngineMaterials/RemoveSurfaceMaterial.uasset" 3731
"/Engine/EngineDebugMaterials/DebugMeshMaterial" 3732
"../../../Engine/Content/EngineDebugMaterials/DebugMeshMaterial.uasset" 3733
"/Engine/EngineMaterials/EmissiveMeshMaterial" 3734
"../../../Engine/Content/EngineMaterials/EmissiveMeshMaterial.uasset" 3735
"../../../Engine/Content/EngineMaterials/DefaultWhiteGrid_Low.uasset" 3736
"/Engine/EngineMaterials/M_InvalidLightmapSettings" 3737
"../../../Engine/Content/EngineMaterials/M_InvalidLightmapSettings.uasset" 3738
"../../../Engine/Content/EngineMaterials/InvalidLightmapSettings.uasset" 3739
"/Engine/EngineMaterials/GizmoMaterial" 3740
"../../../Engine/Content/EngineMaterials/GizmoMaterial.uasset" 3741
"/Engine/EngineMaterials/PhAT_JointLimitMaterial" 3742
"../../../Engine/Content/EngineMaterials/PhAT_JointLimitMaterial.uasset" 3743
"/Engine/EngineMaterials/FlattenMaterial" 3744
"../../../Engine/Content/EngineMaterials/FlattenMaterial.uasset" 3745
"../../../Engine/Content/EngineMaterials/BaseFlattenDiffuseMap.uasset" 3746
"../../../Engine/Content/EngineMaterials/BaseFlattenEmissiveMap.uasset" 3747
"../../../Engine/Content/EngineMaterials/BaseFlattenGrayscaleMap.uasset" 3748
"../../../Engine/Content/EngineMaterials/BaseFlattenLinearColor.uasset" 3749
"../../../Engine/Content/EngineMaterials/BaseFlattenNormalMap.uasset" 3750
"../../../Engine/Content/Functions/Engine_MaterialFunctions02/PivotPainter2/Black_1x1_EXR_Texture.uasset" 3751
"/Engine/EngineMaterials/FlattenMaterial_VT" 3752
"../../../Engine/Content/EngineMaterials/FlattenMaterial_VT.uasset" 3753
"../../../Engine/Content/EngineMaterials/BaseFlattenDiffuseMap_VT.uasset" 3754
"../../../Engine/Content/EngineMaterials/BaseFlattenEmissiveMap_VT.uasset" 3755
"../../../Engine/Content/EngineMaterials/BaseFlattenGrayscaleMap_VT.uasset" 3756
"../../../Engine/Content/EngineMaterials/BaseFlattenLinearColor_VT.uasset" 3757
"../../../Engine/Content/EngineMaterials/BaseFlattenNormalMap_VT.uasset" 3758
"../../../Engine/Content/EngineMaterials/Black_1x1_EXR_Texture_VT.uasset" 3759
"/Engine/EngineMaterials/FlattenMaterial_WS_Normal_VT" 3760
"../../../Engine/Content/EngineMaterials/FlattenMaterial_WS_Normal_VT.uasset" 3761
"/Engine/EngineMaterials/DefaultBokeh" 3762
"../../../Engine/Content/EngineMaterials/DefaultBokeh.uasset" 3763
"/Engine/EngineMaterials/MiniFont" 3764
"../../../Engine/Content/EngineMaterials/MiniFont.uasset" 3765
"/Engine/EngineMaterials/WeightMapPlaceholderTexture" 3766
"../../../Engine/Content/EngineMaterials/WeightMapPlaceholderTexture.uasset" 3767
"/Engine/EngineMaterials/WeightMapArrayPlaceholderTexture" 3768
"../../../Engine/Content/EngineMaterials/WeightMapArrayPlaceholderTexture.uasset" 3769
"/Engine/EngineMaterials/DefaultWhiteGrid" 3770
"../../../Engine/Content/EngineMaterials/DefaultWhiteGrid.uasset" 3771
"/Engine/EngineMaterials/PreintegratedSkinBRDF" 3772
"../../../Engine/Content/EngineMaterials/PreintegratedSkinBRDF.uasset" 3773
"/Engine/EngineMaterials/LTC/GGX_LTCAmp" 3774
"../../../Engine/Content/EngineMaterials/LTC/GGX_LTCAmp.uasset" 3775
"/Engine/EngineMaterials/LTC/GGX_LTCMat" 3776
"../../../Engine/Content/EngineMaterials/LTC/GGX_LTCMat.uasset" 3777
"/Engine/EngineMaterials/EnergyConservation/GGX_ReflectionEnergy" 3778
"../../../Engine/Content/EngineMaterials/EnergyConservation/GGX_ReflectionEnergy.uasset" 3779
"/Engine/EngineMaterials/EnergyConservation/GGX_TransmissionEnergyArray" 3780
"../../../Engine/Content/EngineMaterials/EnergyConservation/GGX_TransmissionEnergyArray.uasset" 3781
"/Engine/EngineMaterials/EnergyConservation/SheenLegacy_Energy" 3782
"../../../Engine/Content/EngineMaterials/EnergyConservation/SheenLegacy_Energy.uasset" 3783
"/Engine/EngineMaterials/DefaultPhysicalMaterial" 3784
"../../../Engine/Content/EngineMaterials/DefaultPhysicalMaterial.uasset" 3785
"/Engine/EngineMaterials/DefaultDestructiblePhysicalMaterial" 3786
"../../../Engine/Content/EngineMaterials/DefaultDestructiblePhysicalMaterial.uasset" 3787
"/MeshModelingToolset/Materials/M_DynamicMeshComponentVtxColor" 3788
"../../Plugins/Runtime/MeshModelingToolset/Content/Materials/M_DynamicMeshComponentVtxColor.uasset" 3789
"/Niagara/ParameterDefinitions/LightRenderer" 3790
"../../Plugins/FX/Niagara/Content/ParameterDefinitions/LightRenderer.uasset" 3791
"/Niagara/ParameterDefinitions/DecalRenderer" 3792
"../../Plugins/FX/Niagara/Content/ParameterDefinitions/DecalRenderer.uasset" 3793
"/DeformerGraph/Deformers/DG_LinearBlendSkin_Morph_Cloth" 3794
"../../Plugins/Animation/DeformerGraph/Content/Deformers/DG_LinearBlendSkin_Morph_Cloth.uasset" 3795
"/DeformerGraph/DeformerFunctions/DG_Function_LinearBlendSkin_Morph_Cloth" 3796
"../../Plugins/Animation/DeformerGraph/Content/DeformerFunctions/DG_Function_LinearBlendSkin_Morph_Cloth.uasset" 3797
"/DeformerGraph/Deformers/DG_LinearBlendSkin_Morph_Cloth_RecomputeNormals" 3798
"../../Plugins/Animation/DeformerGraph/Content/Deformers/DG_LinearBlendSkin_Morph_Cloth_RecomputeNormals.uasset" 3799
"/DeformerGraph/DeformerFunctions/DG_Function_LinearBlendSkin_Morph_Cloth_PositionOnly" 3800
"../../Plugins/Animation/DeformerGraph/Content/DeformerFunctions/DG_Function_LinearBlendSkin_Morph_Cloth_PositionOnly.uasset" 3801
"/DeformerGraph/DeformerFunctions/DG_Function_ComputeNormalsTangents" 3802
"../../Plugins/Animation/DeformerGraph/Content/DeformerFunctions/DG_Function_ComputeNormalsTangents.uasset" 3803
"/Engine/BasicShapes/Cube" 3804
"../../../Engine/Content/BasicShapes/Cube.uasset" 3805
"/Engine/BasicShapes/Sphere" 3806
"../../../Engine/Content/BasicShapes/Sphere.uasset" 3807
"../../../Engine/Content/EngineMaterials/DefaultMaterial.uasset" 3808
"/Engine/BasicShapes/Cylinder" 3809
"../../../Engine/Content/BasicShapes/Cylinder.uasset" 3810
"/Engine/BasicShapes/Cone" 3811
"../../../Engine/Content/BasicShapes/Cone.uasset" 3812
"../../../Engine/Documentation/Source/Shared/Types/ABrush/ABrush.KOR.udn" 3813
"../../../Engine/Content/Internationalization/icudt64l/brkitr/root.res" 3814
"../../../Engine/Content/Internationalization/icudt64l/brkitr/char.brk" 3815
"../../../Engine/Content/Internationalization/icudt64l/brkitr/word.brk" 3816
"/Engine/EditorResources/SequenceRecorder/Countdown" 3817
"../../../Engine/Content/EditorResources/SequenceRecorder/Countdown.uasset" 3818
"/Engine/EditorResources/SequenceRecorder/RecordingIndicator" 3819
"../../../Engine/Content/EditorResources/SequenceRecorder/RecordingIndicator.uasset" 3820
"/Engine/EditorMaterials/PhAT_UnselectedMaterial" 3821
"../../../Engine/Content/EditorMaterials/PhAT_UnselectedMaterial.uasset" 3822
"/Engine/EditorMaterials/PhAT_NoCollisionMaterial" 3823
"../../../Engine/Content/EditorMaterials/PhAT_NoCollisionMaterial.uasset" 3824
"/Engine/EditorLandscapeResources/DefaultAlphaTexture" 3825
"../../../Engine/Content/EditorLandscapeResources/DefaultAlphaTexture.uasset" 3826
"/Engine/EditorResources/S_Terrain" 3827
"../../../Engine/Content/EditorResources/S_Terrain.uasset" 3828
"/NiagaraFluids/NDC_Grid3D_Gas" 3829
"../../Plugins/FX/NiagaraFluids/Content/NDC_Grid3D_Gas.uasset" 3830
"../../../../../../Users/j/Documents/GitHub/UnrealProject/Intermediate/ShaderAutogen/PCD3D_SM5/AutogenShaderHeaders.ush" 3831
"../../../Engine/Plugins/Interchange/Assets/Content/Functions/MX_AnisotropicVDF.uasset" 3832
"../../../Engine/Plugins/Interchange/Assets/Content/Functions/MX_UniformEDF.uasset" 3833
"../../../Engine/Plugins/Interchange/Assets/Content/Functions/MX_ThinFilmBSDF.uasset" 3834
"../../../Engine/Plugins/Interchange/Assets/Content/Functions/MX_ConicalEDF.uasset" 3835
"../../../Engine/Plugins/Interchange/Assets/Content/Functions/MX_SubsurfaceBSDF.uasset" 3836
"../../../Engine/Plugins/Interchange/Assets/Content/Functions/MX_MeasuredEDF.uasset" 3837
"../../../Engine/Plugins/Interchange/Assets/Content/Functions/MX_AbsorptionVDF.uasset" 3838
"../../../Engine/Plugins/Interchange/Assets/Content/Functions/MX_GeneralizedSchlickBSDF.uasset" 3839
"../../../Engine/Plugins/Interchange/Assets/Content/Functions/MX_BurleyDiffuseBSDF.uasset" 3840
"../../../Engine/Plugins/Interchange/Assets/Content/Functions/MX_ConductorBSDF.uasset" 3841
"../../../Engine/Plugins/Interchange/Runtime/Content/Pipelines/DefaultGLTFAssetsPipeline.uasset" 3842
"../../../Engine/Content/EngineMaterials/EnergyConservation/Diffuse_Energy.uasset" 3843
"../../../Engine/Plugins/Interchange/Runtime/Content/Pipelines/DefaultSceneLevelPipeline.uasset" 3844
"../../../Engine/Plugins/Interchange/Runtime/Content/Pipelines/DefaultGLTFSceneAssetsPipeline.uasset" 3845
"../../../Engine/Plugins/Interchange/Assets/Content/Functions/MX_TranslucentBSDF.uasset" 3846
"../../../Engine/Content/EngineMaterials/LTC/Sheen_LTC.uasset" 3847
"../../../Engine/Plugins/Interchange/Assets/Content/Functions/MX_SurfaceUnlit.uasset" 3848
"../../../Engine/Plugins/Interchange/Assets/Content/Functions/MX_OrenNayarBSDF.uasset" 3849
"../../../Engine/Content/EngineMaterials/FastBlueNoise_scalar_128x128x64.uasset" 3850
"../../../Engine/Plugins/Interchange/Runtime/Content/Pipelines/DefaultAssetsPipeline.uasset" 3851
"../../../Engine/Plugins/Interchange/Runtime/Content/Pipelines/DefaultTexturePipeline.uasset" 3852
"../../../Engine/Plugins/Interchange/Assets/Content/Functions/MX_SheenBSDF.uasset" 3853
"../../../Engine/Content/EngineMaterials/EnergyConservation/Sheen_Energy.uasset" 3854
"../../../Engine/Plugins/Interchange/Runtime/Content/Pipelines/DefaultSceneAssetsPipeline.uasset" 3855
"../../../Engine/Plugins/Animation/ControlRig/Content/Controls/ControlRigGizmoMaterial.uasset" 3856
"../../../Engine/Plugins/Interchange/Runtime/Content/Pipelines/DefaultMaterialPipeline.uasset" 3857
"../../../Engine/Content/EngineSounds/Master.uasset" 3858
"../../../Engine/Plugins/Interchange/Runtime/Content/Pipelines/DefaultMaterialXPipeline.uasset" 3859
"../../../Engine/Plugins/Interchange/Assets/Content/Functions/MX_UsdPreviewSurface.uasset" 3860
"../../../Engine/Plugins/Interchange/Assets/Content/Functions/MX_DielectricBSDF.uasset" 3861
"../../../Engine/Content/EngineMaterials/FastBlueNoise_vec2_128x128x64.uasset" 3862
"../../../Engine/Plugins/Interchange/Runtime/Content/Pipelines/DefaultGLTFPipeline.uasset" 3863
"../../../Engine/Plugins/Animation/DeformerGraph/Shaders/Private/DataInterfaceCloth.ush" 3864
"../../../Engine/Plugins/Animation/DeformerGraph/Shaders/Private/DataInterfaceSkinnedMesh.ush" 3865
"../../../Engine/Plugins/Animation/DeformerGraph/Shaders/Private/DataInterfaceSkeleton.ush" 3866
"../../../Engine/Plugins/Animation/DeformerGraph/Shaders/Private/DataInterfaceSkeletonCommon.ush" 3867
"../../../Engine/Plugins/Animation/DeformerGraph/Shaders/Private/DataInterfaceMorphTarget.ush" 3868
"../../../Engine/Plugins/Animation/DeformerGraph/Shaders/Private/DataInterfaceRawBuffer.ush" 3869
"../../../Engine/Plugins/Runtime/ComputeFramework/Shaders/Private/BufferAlias.ush" 3870
"../../../Engine/Plugins/Animation/DeformerGraph/Shaders/Private/DataInterfaceHalfEdge.ush" 3871
"../../../Engine/Plugins/Animation/DeformerGraph/Shaders/Private/DataInterfaceSkinnedMeshWrite.ush" 3872
"../../../Engine/Plugins/Animation/DeformerGraph/Shaders/Private/DataInterfaceSkinnedMeshExec.ush" 3873
"/InterchangeAssets/Functions/MX_AnisotropicVDF" 3874
"/InterchangeAssets/Functions/MX_ConicalEDF" 3875
"/InterchangeAssets/Functions/MX_UniformEDF" 3876
"/InterchangeAssets/Functions/MX_ThinFilmBSDF" 3877
"/InterchangeAssets/Functions/MX_SubsurfaceBSDF" 3878
"../../../Engine/Content/EngineResources/FilmGrains/Marcie_Grain_v3_128_M2_000.uasset" 3879
"../../../Engine/Content/EngineDebugMaterials/DebugEditorMaterial.uasset" 3880
"../../../Engine/Content/EngineMaterials/DefaultBloomKernel.uasset" 3881
"../../../Engine/Content/EditorResources/BSPVertex.uasset" 3882
"/ControlRig/Controls/ControlRigGizmoMaterial" 3883
"/InterchangeAssets/Functions/MX_AbsorptionVDF" 3884
"/InterchangeAssets/Functions/MX_MeasuredEDF" 3885
"/InterchangeAssets/Functions/MX_SheenBSDF" 3886
"/InterchangeAssets/Functions/MX_GeneralizedSchlickBSDF" 3887
"/InterchangeAssets/Functions/MX_ConductorBSDF" 3888
"/InterchangeAssets/Functions/MX_DielectricBSDF" 3889
"/InterchangeAssets/Functions/MX_TranslucentBSDF" 3890
"/InterchangeAssets/Functions/MX_BurleyDiffuseBSDF" 3891
"/InterchangeAssets/Functions/MX_OrenNayarBSDF" 3892
"/InterchangeAssets/Functions/MX_UsdPreviewSurface" 3893
"/InterchangeAssets/Functions/MX_SurfaceUnlit" 3894
"/Interchange/Pipelines/DefaultGLTFSceneAssetsPipeline" 3895
"/Interchange/Pipelines/DefaultSceneLevelPipeline" 3896
"/Interchange/Pipelines/DefaultSceneAssetsPipeline" 3897
"/Interchange/Pipelines/DefaultTexturePipeline" 3898
"/Interchange/Pipelines/DefaultMaterialPipeline" 3899
"/Interchange/Pipelines/DefaultGLTFPipeline" 3900
"/Interchange/Pipelines/DefaultGLTFAssetsPipeline" 3901
"/Interchange/Pipelines/DefaultMaterialXPipeline" 3902
"/Interchange/Pipelines/DefaultAssetsPipeline" 3903
"/Engine/EngineSounds/Master" 3904
"/Engine/EngineMaterials/EnergyConservation/Diffuse_Energy" 3905
"/Engine/EngineMaterials/EnergyConservation/Sheen_Energy" 3906
"/Engine/EngineMaterials/LTC/Sheen_LTC" 3907
"/Engine/EngineMaterials/FastBlueNoise_vec2_128x128x64" 3908
"/Engine/EngineMaterials/FastBlueNoise_scalar_128x128x64" 3909
"/Engine/EditorResources/BSPVertex" 3910
"/Engine/EngineMaterials/DefaultBloomKernel" 3911
"/Engine/EngineResources/FilmGrains/Marcie_Grain_v3_128_M2_000" 3912
"/Engine/EngineDebugMaterials/DebugEditorMaterial" 3913
"../../../Engine/Plugins/NNE/NNEDenoiser/Content/NNE_oidn2-3-0_rt_hdr_calb_cnrm_large__dyn__fp16_opset11_ForwardAlpha.uasset" 3914
"../../../Engine/Plugins/NNE/NNEDenoiser/Content/NNE_oidn2-3-0_rt_hdr_calb_cnrm_large__dyn__fp16_opset11_DenoiseAlpha.uasset" 3915
"../../../Engine/Plugins/NNE/NNEDenoiser/Content/NNE_oidn2-3-0_rt_hdr_alb_nrm__dyn__fp16_opset11_ForwardAlpha.uasset" 3916
"../../../Engine/Plugins/NNE/NNEDenoiser/Content/NNE_oidn2-3-0_rt_hdr_alb_nrm_small__dyn__fp16_opset11_ForwardAlpha.uasset" 3917
"../../../Engine/Plugins/NNE/NNEDenoiser/Content/NNED_Oidn2-3_HighQuality_Alpha.uasset" 3918
"../../../Engine/Plugins/NNE/NNEDenoiser/Content/NNED_Oidn2-3_Fast_Alpha.uasset" 3919
"../../../Engine/Plugins/NNE/NNEDenoiser/Content/NNED_Oidn2-3_Balanced.uasset" 3920
"../../../Engine/Plugins/NNE/NNEDenoiser/Content/NNED_Oidn2-3_Balanced_Alpha.uasset" 3921
"../../../Engine/Plugins/NNE/NNEDenoiser/Content/NNEDT_Oidn2-3_Balanced.uasset" 3922
"../../../Engine/Plugins/NNE/NNEDenoiser/Content/NNEDTIM_ColorAlbedoNormal_Default.uasset" 3923
"../../../Engine/Plugins/NNE/NNEDenoiser/Content/NNEDT_Oidn2-3_Balanced_Alpha.uasset" 3924
"../../../Engine/Plugins/NNE/NNEDenoiser/Content/NNEDTOM_Output_Alpha.uasset" 3925
"../../../Engine/Plugins/NNE/NNEDenoiser/Content/NNE_oidn2-3-0_rt_hdr_alb_nrm_small__dyn__fp16_opset11_DenoiseAlpha.uasset" 3926
"../../../Engine/Plugins/NNE/NNEDenoiser/Content/NNEDIM_HighQuality_Alpha.uasset" 3927
"../../../Engine/Plugins/NNE/NNEDenoiser/Content/NNEDIM_ColorAlbedoNormal_Alpha.uasset" 3928
"C:/Users/j/Documents/GitHub/UnrealProject/Content/Data/itemtable.uasset" 3929
"../../../Engine/Plugins/NNE/NNEDenoiser/Content/NNEDOM_Output_Alpha.uasset" 3930
"../../../Engine/Content/EngineMaterials/DefaultCalibrationColor.uasset" 3931
"../../../Engine/Content/EngineMaterials/DefaultCalibrationGrayscale.uasset" 3932
"../../../Engine/Content/EngineSounds/Submixes/MasterEQEffectPreset.uasset" 3933
"C:/Users/j/Documents/GitHub/UnrealProject/Content/Data/Character.uasset" 3934
"../../../Engine/Plugins/NNE/NNEDenoiser/Content/NNEDIM_ColorAlbedoNormal_Default.uasset" 3935
"/NNEDenoiser/NNE_oidn2-3-0_rt_hdr_alb_nrm__dyn__fp16_opset11_ForwardAlpha" 3936
"../../../Engine/Plugins/NNE/NNEDenoiser/Content/NNEDOM_Output_Default.uasset" 3937
"../../../Engine/Content/MobileResources/HUD/VirtualJoystick_Background.uasset" 3938
"../../../Engine/Plugins/NNE/NNEDenoiser/Content/NNE_oidn2-3-0_rt_hdr_alb_nrm__dyn__fp16_opset11_DenoiseAlpha.uasset" 3939
"../../../Engine/Plugins/NNE/NNEDenoiser/Content/NNED_Oidn2-3_Fast.uasset" 3940
"../../../Engine/Content/MobileResources/HUD/VirtualJoystick_Thumb.uasset" 3941
"C:/Users/j/Documents/GitHub/UnrealProject/Content/Data/Monster.uasset" 3942
"../../../Engine/Plugins/NNE/NNEDenoiser/Content/NNEDIM_HighQuality_Default.uasset" 3943
"../../../Engine/Plugins/NNE/NNEDenoiser/Content/NNEDTOM_Output_Default.uasset" 3944
"../../../Engine/Plugins/NNE/NNEDenoiser/Content/NNED_Oidn2-3_HighQuality.uasset" 3945
"../../../Engine/Plugins/NNE/NNEDenoiser/Content/NNEDTIM_ColorAlbedoNormal_Alpha.uasset" 3946
"/NNEDenoiser/NNE_oidn2-3-0_rt_hdr_calb_cnrm_large__dyn__fp16_opset11_DenoiseAlpha" 3947
"/NNEDenoiser/NNE_oidn2-3-0_rt_hdr_calb_cnrm_large__dyn__fp16_opset11_ForwardAlpha" 3948
"/NNEDenoiser/NNEDT_Oidn2-3_Balanced" 3949
"/NNEDenoiser/NNED_Oidn2-3_Balanced" 3950
"/NNEDenoiser/NNED_Oidn2-3_Balanced_Alpha" 3951
"/NNEDenoiser/NNED_Oidn2-3_Fast_Alpha" 3952
"/NNEDenoiser/NNED_Oidn2-3_HighQuality_Alpha" 3953
"/NNEDenoiser/NNE_oidn2-3-0_rt_hdr_alb_nrm_small__dyn__fp16_opset11_ForwardAlpha" 3954
"../../../Engine/Content/EngineSounds/Submixes/MasterReverbEffectPreset.uasset" 3955
"../../../Engine/Content/EditorMaterials/PreviewShadowIndicator.uasset" 3956
"/Engine/MobileResources/HUD/VirtualJoystick_Thumb" 3957
"C:/Users/j/Documents/GitHub/UnrealProject/Intermediate/ORTOptimizerPass_OptimizedE64C8529495DD68F9AB576830FEDBB18.onnx" 3958
"C:/Users/j/Documents/GitHub/UnrealProject/Intermediate/ORTOptimizerPass_Optimized9BA24CAD4E9A52F3FA97438E612A8C14.onnx" 3959
"C:/Users/j/Documents/GitHub/UnrealProject/Intermediate/ORTOptimizerPass_OptimizedAB33E25E41ADD0920E04BE92E797CB6C.onnx" 3960
"C:/Users/j/Documents/GitHub/UnrealProject/Intermediate/ORTOptimizerPass_Optimized62D88B414174DC6A541A60A5F7790EBC.onnx" 3961
"C:/Users/j/Documents/GitHub/UnrealProject/Intermediate/ORTOptimizerPass_Optimized183AD58F428DCFCBBE99438870185AF7.onnx" 3962
"C:/Users/j/Documents/GitHub/UnrealProject/Intermediate/ORTOptimizerPass_Optimized0769D8A44B6E42BDEAF7D6BCB85E115A.onnx" 3963
"C:/Users/j/Documents/GitHub/UnrealProject/Intermediate/ORTOptimizerPass_Optimized9225F8944F6037D8EC94E991E31EEA4E.onnx" 3964
"C:/Users/j/Documents/GitHub/UnrealProject/Intermediate/ORTOptimizerPass_Optimized894F0AE14BF3185ADFA79FA18142E95D.onnx" 3965
"/Engine/EngineSounds/Submixes/MasterEQEffectPreset" 3966
"/Engine/MobileResources/HUD/VirtualJoystick_Background" 3967
"/Engine/EngineMaterials/DefaultCalibrationColor" 3968
"/NNEDenoiser/NNE_oidn2-3-0_rt_hdr_alb_nrm__dyn__fp16_opset11_DenoiseAlpha" 3969
"/Engine/EngineMaterials/DefaultCalibrationGrayscale" 3970
"/Game/Data/itemtable" 3971
"/Game/Data/Character" 3972
"/Game/Data/Monster" 3973
"/NNEDenoiser/NNEDIM_ColorAlbedoNormal_Alpha" 3974
"/NNEDenoiser/NNEDIM_ColorAlbedoNormal_Default" 3975
"/NNEDenoiser/NNEDIM_HighQuality_Alpha" 3976
"/NNEDenoiser/NNEDIM_HighQuality_Default" 3977
"/NNEDenoiser/NNEDOM_Output_Alpha" 3978
"/NNEDenoiser/NNEDOM_Output_Default" 3979
"/NNEDenoiser/NNEDTIM_ColorAlbedoNormal_Alpha" 3980
"/NNEDenoiser/NNEDTIM_ColorAlbedoNormal_Default" 3981
"C:/Users/j/Documents/GitHub/UnrealProject/Intermediate/ORTOptimizerPass_OptimizedC52175C648801A9EF5B53ABF269E5C7D.onnx" 3982
"C:/Users/j/Documents/GitHub/UnrealProject/Intermediate/ORTOptimizerPass_OptimizedD94FBA004480C6DF1C9A14B8B45BE9E9.onnx" 3983
"/NNEDenoiser/NNEDTOM_Output_Alpha" 3984
"/NNEDenoiser/NNEDTOM_Output_Default" 3985
"/NNEDenoiser/NNEDT_Oidn2-3_Balanced_Alpha" 3986
"/NNEDenoiser/NNED_Oidn2-3_Fast" 3987
"/NNEDenoiser/NNED_Oidn2-3_HighQuality" 3988
"/NNEDenoiser/NNE_oidn2-3-0_rt_hdr_alb_nrm_small__dyn__fp16_opset11_DenoiseAlpha" 3989
"C:/Users/j/Documents/GitHub/UnrealProject/Content/image/portal.uasset" 3990
"../../../Engine/Content/Maps/Entry_BuiltData.uasset" 3991
"C:/Users/j/Documents/GitHub/UnrealProject/Content/Virtual_Studio_Kit/Materials/Metals/M_Mirror_Ball.uasset" 3992
"C:/Users/j/Documents/GitHub/UnrealProject/Content/Virtual_Studio_Kit/IES/XArrowSoft.uasset" 3993
"C:/Users/j/Documents/GitHub/UnrealProject/Content/Virtual_Studio_Kit/Textures/HDRI_Epic_Courtyard_Daylight.uasset" 3994
"C:/Users/j/Documents/GitHub/UnrealProject/Content/Virtual_Studio_Kit/Materials/Glossy/M_Wall.uasset" 3995
"C:/Users/j/Documents/GitHub/UnrealProject/Content/MusicVideo/2.uasset" 3996
"C:/Users/j/Documents/GitHub/UnrealProject/Content/MusicVideo/6.uasset" 3997
"C:/Users/j/Documents/GitHub/UnrealProject/Content/MusicVideo/mv1play.uasset" 3998
"C:/Users/j/Documents/GitHub/UnrealProject/Content/MusicVideo/3.uasset" 3999
"C:/Users/j/Documents/GitHub/UnrealProject/Content/MusicVideo/mv11play.uasset" 4000
"C:/Users/j/Documents/GitHub/UnrealProject/Content/MusicVideo/mv10play.uasset" 4001
"C:/Users/j/Documents/GitHub/UnrealProject/Content/MusicVideo/mv9play.uasset" 4002
"C:/Users/j/Documents/GitHub/UnrealProject/Content/MusicVideo/1.uasset" 4003
"C:/Users/j/Documents/GitHub/UnrealProject/Content/MusicVideo/mv8play.uasset" 4004
"C:/Users/j/Documents/GitHub/UnrealProject/Content/MusicVideo/mv3play.uasset" 4005
"C:/Users/j/Documents/GitHub/UnrealProject/Content/MusicVideo/8.uasset" 4006
"C:/Users/j/Documents/GitHub/UnrealProject/Content/ParagonGideon/Characters/Heroes/Gideon/Meshes/Gideon_CylShadows.uasset" 4007
"/Game/Virtual_Studio_Kit/Textures/HDRI_Epic_Courtyard_Daylight" 4008
"C:/Users/j/Documents/GitHub/UnrealProject/Content/MusicVideo/7.uasset" 4009
"C:/Users/j/Documents/GitHub/UnrealProject/Content/MusicVideo/11.uasset" 4010
"C:/Users/j/Documents/GitHub/UnrealProject/Content/MusicVideo/9.uasset" 4011
"C:/Users/j/Documents/GitHub/UnrealProject/Content/MusicVideo/mv2play.uasset" 4012
"C:/Users/j/Documents/GitHub/UnrealProject/Content/Sequence/PlayIntro.uasset" 4013
"C:/Users/j/Documents/GitHub/UnrealProject/Content/MusicVideo/10.uasset" 4014
"C:/Users/j/Documents/GitHub/UnrealProject/Content/MusicVideo/mv5play.uasset" 4015
"C:/Users/j/Documents/GitHub/UnrealProject/Content/MusicVideo/5.uasset" 4016
"C:/Users/j/Documents/GitHub/UnrealProject/Content/MusicVideo/mv4play.uasset" 4017
"C:/Users/j/Documents/GitHub/UnrealProject/Content/MusicVideo/mv6play.uasset" 4018
"C:/Users/j/Documents/GitHub/UnrealProject/Content/MusicVideo/4.uasset" 4019
"C:/Users/j/Documents/GitHub/UnrealProject/Content/Sound/myfavorite.uasset" 4020
"/Game/Virtual_Studio_Kit/Materials/Metals/M_Mirror_Ball" 4021
"/Game/image/portal" 4022
"/Engine/EditorMaterials/PreviewShadowIndicator" 4023
"/Engine/Maps/Entry_BuiltData" 4024
"/Engine/EngineSounds/Submixes/MasterReverbEffectPreset" 4025
"C:/Users/j/Documents/GitHub/UnrealProject/Content/ParagonGreystone/Characters/Heroes/Greystone/Meshes/Greystone_PhysicsAsset_shadow.uasset" 4026
"C:/Users/j/Documents/GitHub/UnrealProject/Content/ParagonGideon/Characters/Heroes/Gideon/Meshes/Gideon_PhysicsAsset.uasset" 4027
"/Game/MusicVideo/1" 4028
"/Game/MusicVideo/mv8play" 4029
"/Game/MusicVideo/mv4play" 4030
"/Game/MusicVideo/mv9play" 4031
"C:/Users/j/Documents/GitHub/UnrealProject/Intermediate/ORTOptimizerPass_Optimized8B441FC5453E72C9A6E1F28F6648AD23.onnx" 4032
"C:/Users/j/Documents/GitHub/UnrealProject/Intermediate/ORTOptimizerPass_Optimized9916555442BBEE30B84A6BA6A638C13B.onnx" 4033
"/Game/MusicVideo/mv11play" 4034
"/Game/ParagonGideon/Characters/Heroes/Gideon/Meshes/Gideon_CylShadows" 4035
"/Game/Sound/myfavorite" 4036
"/Game/MusicVideo/3" 4037
"/Game/MusicVideo/9" 4038
"/Game/MusicVideo/mv10play" 4039
"/Game/MusicVideo/7" 4040
"/Game/MusicVideo/11" 4041
"/Game/MusicVideo/4" 4042
"/Game/MusicVideo/mv6play" 4043
"/Game/MusicVideo/mv1play" 4044
"/Game/MusicVideo/2" 4045
"/Game/MusicVideo/mv5play" 4046
"/Game/MusicVideo/10" 4047
"/Game/MusicVideo/mv2play" 4048
"/Game/MusicVideo/6" 4049
"/Game/Virtual_Studio_Kit/Materials/Glossy/M_Wall" 4050
"/Game/Sequence/PlayIntro" 4051
"/Game/Virtual_Studio_Kit/IES/XArrowSoft" 4052
"/Game/MusicVideo/5" 4053
"/Game/MusicVideo/8" 4054
"/Game/MusicVideo/mv3play" 4055
"C:/Users/j/Documents/GitHub/UnrealProject/Content/ParagonGreystone/Characters/Heroes/Greystone/Meshes/Greystone_PhysicsAsset.uasset" 4056
"C:/Users/j/Documents/GitHub/UnrealProject/Content/Blood_Magic/Mesh/SM_Blood_Magic_Plane1.uasset" 4057
"C:/Users/j/Documents/GitHub/UnrealProject/Content/__GroundAttackVFX/_GenericSource/SFX/GenericSoundAttenuation.uasset" 4058
"C:/Users/j/Documents/GitHub/UnrealProject/Content/__GroundAttackVFX/_GenericSource/SFX/Sfx_devilwake_1.uasset" 4059
"C:/Users/j/Documents/GitHub/UnrealProject/Content/Blood_Magic/Mesh/SM_Blood_Magic_Slash2.uasset" 4060
"C:/Users/j/Documents/GitHub/UnrealProject/Content/Animation/playani.uasset" 4061
"C:/Users/j/Documents/GitHub/UnrealProject/Content/Aura_Character/Resource/Texture/T_Cloud_Smooth_01.uasset" 4062
"C:/Users/j/Documents/GitHub/UnrealProject/Content/AdvancedPortalsSystemVFX/Textures/LC/T_LC_34.uasset" 4063
"C:/Users/j/Documents/GitHub/UnrealProject/Content/Aura_Character/Resource/Texture/T_FractalNoise_03_512pix.uasset" 4064
"C:/Users/j/Documents/GitHub/UnrealProject/Content/AdvancedPortalsSystemVFX/Textures/LC/T_LC_28.uasset" 4065
"C:/Users/j/Documents/GitHub/UnrealProject/Content/ParagonAurora/Characters/Heroes/Aurora/Meshes/Aurora_PhysicsAsset.uasset" 4066
"C:/Users/j/Documents/GitHub/UnrealProject/Content/Virtual_Studio_Kit/Textures/T_Linear_Grad.uasset" 4067
"C:/Users/j/Documents/GitHub/UnrealProject/Content/Blood_Magic/Mesh/SM_Blood_Magic_Slash1.uasset" 4068
"C:/Users/j/Documents/GitHub/UnrealProject/Content/AdvancedPortalsSystemVFX/Textures/LC/T_LC_29.uasset" 4069
"C:/Users/j/Documents/GitHub/UnrealProject/Content/Basic_VFX/Materials/M_sphere.uasset" 4070
"C:/Users/j/Documents/GitHub/UnrealProject/Content/BeamsPack/Materials/M_Blackhole_Outer.uasset" 4071
"C:/Users/j/Documents/GitHub/UnrealProject/Content/ParagonSteel/Characters/Heroes/Steel/Meshes/Steel_CylShadows.uasset" 4072
"C:/Users/j/Documents/GitHub/UnrealProject/Content/AdvancedPortalsSystemVFX/Textures/Galaxy/T_GalaxyV2_20.uasset" 4073
"C:/Users/j/Documents/GitHub/UnrealProject/Content/__GroundAttackVFX/_GenericSource/Material/M_Vfx_Basic_Wall.uasset" 4074
"../../../Engine/Content/Functions/Engine_MaterialFunctions02/WorldPositionOffset/LocalPosition.uasset" 4075
"C:/Users/j/Documents/GitHub/UnrealProject/Content/Virtual_Studio_Kit/Materials/M_Basic_Wall.uasset" 4076
"C:/Users/j/Documents/GitHub/UnrealProject/Content/Virtual_Studio_Kit/Textures/Concrete_basecolor.uasset" 4077
"C:/Users/j/Documents/GitHub/UnrealProject/Content/Virtual_Studio_Kit/Textures/Wood_Cherry_Floor_basecolor.uasset" 4078
"C:/Users/j/Documents/GitHub/UnrealProject/Content/Virtual_Studio_Kit/Textures/Concrete_roughness.uasset" 4079
"C:/Users/j/Documents/GitHub/UnrealProject/Content/Virtual_Studio_Kit/Textures/Paragon/Environments/agora-enviro.uasset" 4080
"C:/Users/j/Documents/GitHub/UnrealProject/Content/Virtual_Studio_Kit/Textures/Concrete_normal.uasset" 4081
"C:/Users/j/Documents/GitHub/UnrealProject/Content/Virtual_Studio_Kit/Textures/Wood_Cherry_Floor_height.uasset" 4082
"C:/Users/j/Documents/GitHub/UnrealProject/Content/Virtual_Studio_Kit/Textures/Wood_Cherry_Floor_normal.uasset" 4083
"C:/Users/j/Documents/GitHub/UnrealProject/Content/Virtual_Studio_Kit/Textures/Paragon/Environments/Agora-Enviro2.uasset" 4084
"C:/Users/j/Documents/GitHub/UnrealProject/Content/Virtual_Studio_Kit/Textures/Wood_Cherry_Floor_roughness.uasset" 4085
"/Game/Virtual_Studio_Kit/Textures/T_Linear_Grad" 4086
"/Game/Basic_VFX/Materials/M_sphere" 4087
"/Game/BeamsPack/Materials/M_Blackhole_Outer" 4088
"/Game/ParagonSteel/Characters/Heroes/Steel/Meshes/Steel_CylShadows" 4089
"/Game/AdvancedPortalsSystemVFX/Textures/LC/T_LC_28" 4090
"/Game/AdvancedPortalsSystemVFX/Textures/Galaxy/T_GalaxyV2_20" 4091
"/Game/AdvancedPortalsSystemVFX/Textures/LC/T_LC_29" 4092
"/Game/AdvancedPortalsSystemVFX/Textures/LC/T_LC_34" 4093
"/Game/Aura_Character/Resource/Texture/T_FractalNoise_03_512pix" 4094
"/Game/Aura_Character/Resource/Texture/T_Cloud_Smooth_01" 4095
"/Engine/Functions/Engine_MaterialFunctions02/WorldPositionOffset/LocalPosition" 4096
"/Game/Animation/playani" 4097
"/Game/__GroundAttackVFX/_GenericSource/Material/M_Vfx_Basic_Wall" 4098
"/Game/Blood_Magic/Mesh/SM_Blood_Magic_Slash2" 4099
"/Game/Blood_Magic/Mesh/SM_Blood_Magic_Plane1" 4100
"/Game/__GroundAttackVFX/_GenericSource/SFX/Sfx_devilwake_1" 4101
"/Game/__GroundAttackVFX/_GenericSource/SFX/GenericSoundAttenuation" 4102
"/Game/Blood_Magic/Mesh/SM_Blood_Magic_Slash1" 4103
"/Game/ParagonAurora/Characters/Heroes/Aurora/Meshes/Aurora_PhysicsAsset" 4104
"/Game/ParagonGreystone/Characters/Heroes/Greystone/Meshes/Greystone_PhysicsAsset" 4105
"/Game/ParagonGreystone/Characters/Heroes/Greystone/Meshes/Greystone_PhysicsAsset_shadow" 4106
"/Game/ParagonGideon/Characters/Heroes/Gideon/Meshes/Gideon_PhysicsAsset" 4107
"/Game/Virtual_Studio_Kit/Textures/Wood_Cherry_Floor_normal" 4108
"C:/Users/j/Documents/GitHub/UnrealProject/Content/Virtual_Studio_Kit/Textures/Paragon/Heros_1024/Rampage.uasset" 4109
"C:/Users/j/Documents/GitHub/UnrealProject/Content/Virtual_Studio_Kit/Textures/Paragon/Heros_1920/Steel.uasset" 4110
"/Game/Virtual_Studio_Kit/Textures/Wood_Cherry_Floor_roughness" 4111
"/Game/Virtual_Studio_Kit/Textures/Concrete_basecolor" 4112
"/Game/Virtual_Studio_Kit/Textures/Concrete_roughness" 4113
"/Game/Virtual_Studio_Kit/Textures/Concrete_normal" 4114
"/Game/Virtual_Studio_Kit/Materials/M_Basic_Wall" 4115
"/Game/Virtual_Studio_Kit/Textures/Paragon/Environments/agora-enviro" 4116
"/Game/Virtual_Studio_Kit/Textures/Paragon/Environments/Agora-Enviro2" 4117
"/Game/Virtual_Studio_Kit/Textures/Wood_Cherry_Floor_height" 4118
"/Game/Virtual_Studio_Kit/Textures/Wood_Cherry_Floor_basecolor" 4119
"C:/Users/j/Documents/GitHub/UnrealProject/Content/Virtual_Studio_Kit/Textures/Paragon/Heros_1024/LT__Belica.uasset" 4120
"C:/Users/j/Documents/GitHub/UnrealProject/Content/Sound/QWER_-__????___CGvqj7bzCVY_.uasset" 4121
"C:/Users/j/Documents/GitHub/UnrealProject/Content/Virtual_Studio_Kit/Textures/Brushed_Metal_roughness.uasset" 4122
"C:/Users/j/Documents/GitHub/UnrealProject/Content/Virtual_Studio_Kit/Textures/Brushed_Metal_ambientocclusion.uasset" 4123
"C:/Users/j/Documents/GitHub/UnrealProject/Content/Virtual_Studio_Kit/Textures/Paragon/Heros_1024/Phase.uasset" 4124
"C:/Users/j/Documents/GitHub/UnrealProject/Content/Virtual_Studio_Kit/Textures/T_Microbezel_NRM.uasset" 4125
"C:/Users/j/Documents/GitHub/UnrealProject/Content/Virtual_Studio_Kit/Textures/T_Wavy_NRM_002.uasset" 4126
"C:/Users/j/Documents/GitHub/UnrealProject/Content/Virtual_Studio_Kit/Textures/Paragon/Heros_1920/Kallari.uasset" 4127
"C:/Users/j/Documents/GitHub/UnrealProject/Content/Virtual_Studio_Kit/Textures/Paragon/Branding/Paragon-logo-Full-color.uasset" 4128
"C:/Users/j/Documents/GitHub/UnrealProject/Content/Virtual_Studio_Kit/Textures/T_Metal_Steel_D.uasset" 4129
"C:/Users/j/Documents/GitHub/UnrealProject/Content/Virtual_Studio_Kit/Textures/Paragon/Branding/Epic_Games_Logo.uasset" 4130
"C:/Users/j/Documents/GitHub/UnrealProject/Content/Virtual_Studio_Kit/Textures/Paragon/Heros_1024/Kallari.uasset" 4131
"C:/Users/j/Documents/GitHub/UnrealProject/Content/Virtual_Studio_Kit/Textures/T_Light_Ring.uasset" 4132
"C:/Users/j/Documents/GitHub/UnrealProject/Content/Virtual_Studio_Kit/Textures/Paragon/Branding/Unreal_Engine_Logo.uasset" 4133
"C:/Users/j/Documents/GitHub/UnrealProject/Content/Virtual_Studio_Kit/Textures/Glossy_Floor_roughness.uasset" 4134
"C:/Users/j/Documents/GitHub/UnrealProject/Content/Virtual_Studio_Kit/Textures/Paragon/Heros_1024/Yin.uasset" 4135
"C:/Users/j/Documents/GitHub/UnrealProject/Content/Virtual_Studio_Kit/Textures/Brushed_Metal_normal.uasset" 4136
"C:/Users/j/Documents/GitHub/UnrealProject/Content/Virtual_Studio_Kit/Textures/Paragon/Heros_1024/Crunch_Strike.uasset" 4137
"C:/Users/j/Documents/GitHub/UnrealProject/Content/Virtual_Studio_Kit/Textures/Video/WallMediaPlayer.uasset" 4138
"C:/Users/j/Documents/GitHub/UnrealProject/Content/Virtual_Studio_Kit/Textures/Paragon/Heros_1920/Wraith.uasset" 4139
"C:/Users/j/Documents/GitHub/UnrealProject/Content/Virtual_Studio_Kit/Textures/Brushed_Metal_basecolor.uasset" 4140
"C:/Users/j/Documents/GitHub/UnrealProject/Content/Virtual_Studio_Kit/Textures/Glossy_Floor_normal.uasset" 4141
"C:/Users/j/Documents/GitHub/UnrealProject/Content/Virtual_Studio_Kit/Textures/Glossy_Floor_basecolor.uasset" 4142
"C:/Users/j/Documents/GitHub/UnrealProject/Content/Virtual_Studio_Kit/Textures/Paragon/Branding/Paragon-logo-Full-BW.uasset" 4143
"C:/Users/j/Documents/GitHub/UnrealProject/Content/Virtual_Studio_Kit/Textures/Eithernet_Cables_basecolor.uasset" 4144
"C:/Users/j/Documents/GitHub/UnrealProject/Content/Virtual_Studio_Kit/Textures/Paragon/Heros_1024/Revanant.uasset" 4145
"C:/Users/j/Documents/GitHub/UnrealProject/Content/Virtual_Studio_Kit/Textures/Eithernet_Cables_ambientocclusion.uasset" 4146
"C:/Users/j/Documents/GitHub/UnrealProject/Content/Virtual_Studio_Kit/Textures/Paragon/Branding/Paragon_Horizontal_Logo_Invert.uasset" 4147
"/Game/Virtual_Studio_Kit/Textures/Video/WallMediaPlayer" 4148
"C:/Users/j/Documents/GitHub/UnrealProject/Content/Virtual_Studio_Kit/Textures/Eithernet_Cables_normal.uasset" 4149
"C:/Users/j/Documents/GitHub/UnrealProject/Content/Virtual_Studio_Kit/Textures/T_Light_Shape_Quad.uasset" 4150
"/Game/Virtual_Studio_Kit/Textures/Paragon/Branding/Unreal_Engine_Logo" 4151
"/Game/Virtual_Studio_Kit/Textures/Paragon/Heros_1024/Crunch_Strike" 4152
"/Game/Virtual_Studio_Kit/Textures/Brushed_Metal_ambientocclusion" 4153
"/Game/Virtual_Studio_Kit/Textures/Brushed_Metal_normal" 4154
"/Game/Virtual_Studio_Kit/Textures/Brushed_Metal_basecolor" 4155
"/Game/Virtual_Studio_Kit/Textures/Paragon/Heros_1024/Yin" 4156
"/Game/Virtual_Studio_Kit/Textures/Paragon/Branding/Epic_Games_Logo" 4157
"/Game/Virtual_Studio_Kit/Textures/Paragon/Branding/Paragon-logo-Full-color" 4158
"/Game/Virtual_Studio_Kit/Textures/T_Metal_Steel_D" 4159
"/Game/Virtual_Studio_Kit/Textures/T_Wavy_NRM_002" 4160
"/Game/Virtual_Studio_Kit/Textures/Glossy_Floor_basecolor" 4161
"/Game/Virtual_Studio_Kit/Textures/Glossy_Floor_roughness" 4162
"/Game/Virtual_Studio_Kit/Textures/Paragon/Heros_1920/Wraith" 4163
"/Game/Virtual_Studio_Kit/Textures/Brushed_Metal_roughness" 4164
"/Game/Virtual_Studio_Kit/Textures/T_Microbezel_NRM" 4165
"/Game/Virtual_Studio_Kit/Textures/Paragon/Heros_1024/Phase" 4166
"/Game/Virtual_Studio_Kit/Textures/Paragon/Heros_1920/Kallari" 4167
"/Game/Virtual_Studio_Kit/Textures/Paragon/Heros_1024/Kallari" 4168
"/Game/Virtual_Studio_Kit/Textures/Paragon/Heros_1024/LT__Belica" 4169
"/Game/Virtual_Studio_Kit/Textures/Glossy_Floor_normal" 4170
"/Game/Sound/QWER_-__????___CGvqj7bzCVY_" 4171
"/Game/Virtual_Studio_Kit/Textures/T_Light_Ring" 4172
"/Game/Virtual_Studio_Kit/Textures/Paragon/Heros_1024/Rampage" 4173
"/Game/Virtual_Studio_Kit/Textures/Paragon/Heros_1920/Steel" 4174
"/Game/Virtual_Studio_Kit/Textures/Eithernet_Cables_basecolor" 4175
"C:/Users/j/Documents/GitHub/UnrealProject/Content/Virtual_Studio_Kit/Textures/T_Glow_Border.uasset" 4176
"C:/Users/j/Documents/GitHub/UnrealProject/Content/Virtual_Studio_Kit/Textures/Eithernet_Cables_roughness.uasset" 4177
"/Game/Virtual_Studio_Kit/Textures/Eithernet_Cables_ambientocclusion" 4178
"/Game/Virtual_Studio_Kit/Textures/Eithernet_Cables_normal" 4179
"/Game/Virtual_Studio_Kit/Textures/T_Light_Shape_Quad" 4180
"/Game/Virtual_Studio_Kit/Textures/Paragon/Heros_1024/Revanant" 4181
"/Game/Virtual_Studio_Kit/Textures/Paragon/Branding/Paragon_Horizontal_Logo_Invert" 4182
"/Game/Virtual_Studio_Kit/Textures/Paragon/Branding/Paragon-logo-Full-BW" 4183
"C:/Users/j/Documents/GitHub/UnrealProject/Content/Virtual_Studio_Kit/Textures/T_Metal_Swirls_basecolor.uasset" 4184
"C:/Users/j/Documents/GitHub/UnrealProject/Content/Virtual_Studio_Kit/Textures/T_Noise_01.uasset" 4185
"C:/Users/j/Documents/GitHub/UnrealProject/Content/Virtual_Studio_Kit/Textures/T_Metal_Swirls_normal.uasset" 4186
"C:/Users/j/Documents/GitHub/UnrealProject/Content/Virtual_Studio_Kit/Textures/T_Wavy_Normal.uasset" 4187
"C:/Users/j/Documents/GitHub/UnrealProject/Content/Virtual_Studio_Kit/Textures/T_Brick_White_AmbientOcclusion.uasset" 4188
"C:/Users/j/Documents/GitHub/UnrealProject/Content/Virtual_Studio_Kit/Textures/T_Brick_White_normal.uasset" 4189
"C:/Users/j/Documents/GitHub/UnrealProject/Content/Virtual_Studio_Kit/Textures/T_Brick_White_roughness.uasset" 4190
"C:/Users/j/Documents/GitHub/UnrealProject/Content/Virtual_Studio_Kit/Textures/T_Marble_normal.uasset" 4191
"C:/Users/j/Documents/GitHub/UnrealProject/Content/Virtual_Studio_Kit/Textures/T_Marble_basecolor.uasset" 4192
"C:/Users/j/Documents/GitHub/UnrealProject/Content/Virtual_Studio_Kit/Textures/T_Brick_White_basecolor.uasset" 4193
"C:/Users/j/Documents/GitHub/UnrealProject/Content/Virtual_Studio_Kit/Textures/T_Metal_Swirls_roughness.uasset" 4194
"C:/Users/j/Documents/GitHub/UnrealProject/Content/material/MF_OutLineDepth.uasset" 4195
"C:/Users/j/Documents/GitHub/UnrealProject/Content/Virtual_Studio_Kit/Textures/T_EpicGames-Logo.uasset" 4196
"C:/Users/j/Documents/GitHub/UnrealProject/Content/Virtual_Studio_Kit/Textures/T_Marble_roughness.uasset" 4197
"C:/Users/j/Documents/GitHub/UnrealProject/Content/Virtual_Studio_Kit/Materials/Glossy/M_Glossy.uasset" 4198
"C:/Users/j/Documents/GitHub/UnrealProject/Content/Virtual_Studio_Kit/Textures/T_Brushed_Aluminum_roughness.uasset" 4199
"C:/Users/j/Documents/GitHub/UnrealProject/Content/Virtual_Studio_Kit/Textures/T_Brushed_Aluminum_AmbientOcclusion.uasset" 4200
"C:/Users/j/Documents/GitHub/UnrealProject/Content/Virtual_Studio_Kit/Materials/LEDWalls/DesignA/Tex/T_Monintor_A_Design_06_Full.uasset" 4201
"C:/Users/j/Documents/GitHub/UnrealProject/Content/Virtual_Studio_Kit/Materials/LEDWalls/DesignA/Tex/T_Monintor_A_Design_01.uasset" 4202
"C:/Users/j/Documents/GitHub/UnrealProject/Content/Virtual_Studio_Kit/Textures/T_Brushed_Aluminum_basecolor.uasset" 4203
"C:/Users/j/Documents/GitHub/UnrealProject/Content/Virtual_Studio_Kit/Textures/T_Glow_Horiz.uasset" 4204
"C:/Users/j/Documents/GitHub/UnrealProject/Content/Virtual_Studio_Kit/Textures/T_Red_Gloss_Scratches_Roughness.uasset" 4205
"C:/Users/j/Documents/GitHub/UnrealProject/Content/Virtual_Studio_Kit/Textures/T_Gloss_Scratches_Normal.uasset" 4206
"/Game/Virtual_Studio_Kit/Textures/T_Brick_White_AmbientOcclusion" 4207
"C:/Users/j/Documents/GitHub/UnrealProject/Content/Virtual_Studio_Kit/Textures/T_Brushed_Aluminum_normal.uasset" 4208
"C:/Users/j/Documents/GitHub/UnrealProject/Content/Virtual_Studio_Kit/Textures/T_Red_Gloss_Scratches_Base_Color.uasset" 4209
"C:/Users/j/Documents/GitHub/UnrealProject/Content/Virtual_Studio_Kit/Textures/T_Wood_Panels_normal.uasset" 4210
"C:/Users/j/Documents/GitHub/UnrealProject/Content/Virtual_Studio_Kit/Textures/T_Wood_Panels_AmbientOcclusion.uasset" 4211
"C:/Users/j/Documents/GitHub/UnrealProject/Content/Virtual_Studio_Kit/Materials/LEDWalls/Generic/T_LA_Skyline.uasset" 4212
"C:/Users/j/Documents/GitHub/UnrealProject/Content/Virtual_Studio_Kit/Textures/T_Wood_Panels_Dark.uasset" 4213
"C:/Users/j/Documents/GitHub/UnrealProject/Content/Virtual_Studio_Kit/Textures/T_Wood_Panels_roughness.uasset" 4214
"/Game/Virtual_Studio_Kit/Textures/T_Brick_White_basecolor" 4215
"/Game/Virtual_Studio_Kit/Textures/T_Noise_01" 4216
"/Game/Virtual_Studio_Kit/Textures/T_Wavy_Normal" 4217
"/Game/Virtual_Studio_Kit/Textures/T_Metal_Swirls_normal" 4218
"/Game/Virtual_Studio_Kit/Textures/T_Metal_Swirls_basecolor" 4219
"/Game/Virtual_Studio_Kit/Textures/T_Metal_Swirls_roughness" 4220
"/Game/Virtual_Studio_Kit/Textures/T_Marble_normal" 4221
"/Game/Virtual_Studio_Kit/Textures/T_Marble_basecolor" 4222
"/Game/Virtual_Studio_Kit/Textures/T_Marble_roughness" 4223
"/Game/Virtual_Studio_Kit/Materials/Glossy/M_Glossy" 4224
"/Game/material/MF_OutLineDepth" 4225
"/Game/Virtual_Studio_Kit/Textures/T_EpicGames-Logo" 4226
"/Game/Virtual_Studio_Kit/Textures/T_Brick_White_normal" 4227
"/Game/Virtual_Studio_Kit/Textures/T_Brick_White_roughness" 4228
"/Game/Virtual_Studio_Kit/Textures/T_Glow_Border" 4229
"/Game/Virtual_Studio_Kit/Textures/Eithernet_Cables_roughness" 4230
"/Game/Virtual_Studio_Kit/Textures/T_Gloss_Scratches_Normal" 4231
"C:/Users/j/Documents/GitHub/UnrealProject/Content/Virtual_Studio_Kit/Materials/LEDWalls/DesignA/Tex/T_Monintor_A_Design_02_Full.uasset" 4232
"C:/Users/j/Documents/GitHub/UnrealProject/Content/Virtual_Studio_Kit/Materials/LEDWalls/DesignA/Tex/T_Monintor_A_Design_05_Full.uasset" 4233
"/Game/Virtual_Studio_Kit/Textures/T_Red_Gloss_Scratches_Roughness" 4234
"/Game/Virtual_Studio_Kit/Textures/T_Red_Gloss_Scratches_Base_Color" 4235
"/Game/Virtual_Studio_Kit/Textures/T_Wood_Panels_roughness" 4236
"/Game/Virtual_Studio_Kit/Textures/T_Wood_Panels_AmbientOcclusion" 4237
"/Game/Virtual_Studio_Kit/Textures/T_Wood_Panels_Dark" 4238
"/Game/Virtual_Studio_Kit/Textures/T_Wood_Panels_normal" 4239
"/Game/Virtual_Studio_Kit/Materials/LEDWalls/Generic/T_LA_Skyline" 4240
"/Game/Virtual_Studio_Kit/Materials/LEDWalls/DesignA/Tex/T_Monintor_A_Design_01" 4241
"/Game/Virtual_Studio_Kit/Textures/T_Glow_Horiz" 4242
"/Game/Virtual_Studio_Kit/Textures/T_Brushed_Aluminum_normal" 4243
"/Game/Virtual_Studio_Kit/Textures/T_Brushed_Aluminum_AmbientOcclusion" 4244
"/Game/Virtual_Studio_Kit/Textures/T_Brushed_Aluminum_basecolor" 4245
"/Game/Virtual_Studio_Kit/Textures/T_Brushed_Aluminum_roughness" 4246
"/Game/Virtual_Studio_Kit/Materials/LEDWalls/DesignA/Tex/T_Monintor_A_Design_06_Full" 4247
"C:/Users/j/Documents/GitHub/UnrealProject/Content/Virtual_Studio_Kit/Textures/T_Gloss_Scratches_Base_Color.uasset" 4248
"C:/Users/j/Documents/GitHub/UnrealProject/Content/Virtual_Studio_Kit/Textures/T_Gloss_Scratches_Roughness.uasset" 4249
"C:/Users/j/Documents/GitHub/UnrealProject/Content/Virtual_Studio_Kit/Materials/LEDWalls/Generic/T_Skyline_NYC.uasset" 4250
"C:/Users/j/Documents/GitHub/UnrealProject/Content/Virtual_Studio_Kit/Textures/T_Generic_Sports_Network_Logo.uasset" 4251
"C:/Users/j/Documents/GitHub/UnrealProject/Content/Virtual_Studio_Kit/Meshes/Props/Spotlight/T_Spotlight_Low_Metal_Emissive.uasset" 4252
"C:/Users/j/Documents/GitHub/UnrealProject/Content/Virtual_Studio_Kit/Meshes/Props/Spotlight/T_Spotlight_Low_Metal_BaseColor.uasset" 4253
"C:/Users/j/Documents/GitHub/UnrealProject/Content/Virtual_Studio_Kit/Meshes/Props/Spotlight/T_Spotlight_Low_Metal_OcclusionRoughnessMetallic.uasset" 4254
"C:/Users/j/Documents/GitHub/UnrealProject/Content/Virtual_Studio_Kit/Textures/T_Concrete_Rough_roughness.uasset" 4255
"C:/Users/j/Documents/GitHub/UnrealProject/Content/Virtual_Studio_Kit/Materials/LEDWalls/Generic/T_SkyLine_02.uasset" 4256
"../../../Engine/Content/Functions/Engine_MaterialFunctions03/Blends/Lerp_ScratchGrime.uasset" 4257
"C:/Users/j/Documents/GitHub/UnrealProject/Content/Virtual_Studio_Kit/Meshes/Props/Spotlight/T_Spotlight_Low_Metal_Normal.uasset" 4258
"C:/Users/j/Documents/GitHub/UnrealProject/Content/Virtual_Studio_Kit/Materials/LEDWalls/DesignA/Tex/T_Monintor_A_Design_04_Full.uasset" 4259
"/Game/Virtual_Studio_Kit/Textures/T_Generic_Sports_Network_Logo" 4260
"C:/Users/j/Documents/GitHub/UnrealProject/Content/Virtual_Studio_Kit/Textures/T_Concrete_Rough_basecolor.uasset" 4261
"C:/Users/j/Documents/GitHub/UnrealProject/Content/ParagonGideon/Characters/Global/MaterialFunctions/ParameterCollections/OrionGlobalGameplayCollection.uasset" 4262
"../../../Engine/Content/Functions/MaterialLayerFunctions/MatLayerBlend_OverrideBaseColor.uasset" 4263
"C:/Users/j/Documents/GitHub/UnrealProject/Content/Virtual_Studio_Kit/Textures/T_White_Gloss_Scratches_Base_Color.uasset" 4264
"C:/Users/j/Documents/GitHub/UnrealProject/Content/ParagonGideon/Characters/Heroes/Gideon/Textures/T_Gideon_Upperbody_Mask_2.uasset" 4265
"../../../Engine/Content/Functions/Engine_MaterialFunctions01/Shading/MetallicShading.uasset" 4266
"C:/Users/j/Documents/GitHub/UnrealProject/Content/ParagonGideon/Characters/Heroes/Gideon/Textures/T_Gideon_Upperbody_RGB.uasset" 4267
"C:/Users/j/Documents/GitHub/UnrealProject/Content/ParagonGideon/Characters/Heroes/Gideon/Textures/T_Gideon_Upperbody_Normal.uasset" 4268
"C:/Users/j/Documents/GitHub/UnrealProject/Content/ParagonGideon/Characters/Global/MaterialLayers/Skin/T_Pore_Normals2.uasset" 4269
"../../../Engine/Content/Functions/Engine_MaterialFunctions02/Utility/BlendAngleCorrectedNormals.uasset" 4270
"C:/Users/j/Documents/GitHub/UnrealProject/Content/ParagonGideon/Characters/Heroes/Gideon/Textures/T_Gideon_Upperbody_Mask.uasset" 4271
"../../../Engine/Content/Functions/MaterialLayerFunctions/MatLayerBlend_BreakBaseColor.uasset" 4272
"C:/Users/j/Documents/GitHub/UnrealProject/Content/ParagonGideon/Characters/Global/Eyelash/T_Universal_Eyelashes_D.uasset" 4273
"../../../Engine/Content/Functions/MaterialLayerFunctions/MatLayerBlend_Standard.uasset" 4274
"C:/Users/j/Documents/GitHub/UnrealProject/Content/Virtual_Studio_Kit/Textures/T_Wood_Panels_basecolor.uasset" 4275
"../../../Engine/Content/Functions/MaterialLayerFunctions/MatLayerBlend_Emissive.uasset" 4276
"../../../Engine/Content/Functions/MaterialLayerFunctions/MatLayerBlend_Tint.uasset" 4277
"C:/Users/j/Documents/GitHub/UnrealProject/Content/ParagonGideon/Characters/Global/MaterialFunctions/MF_BrightnessAdjust.uasset" 4278
"/Game/Virtual_Studio_Kit/Textures/T_Gloss_Scratches_Roughness" 4279
"/Game/Virtual_Studio_Kit/Textures/T_Gloss_Scratches_Base_Color" 4280
"/Game/Virtual_Studio_Kit/Materials/LEDWalls/DesignA/Tex/T_Monintor_A_Design_02_Full" 4281
"/Game/Virtual_Studio_Kit/Materials/LEDWalls/DesignA/Tex/T_Monintor_A_Design_05_Full" 4282
"C:/Users/j/Documents/GitHub/UnrealProject/Content/ParagonGideon/Characters/Global/MaterialLayers/Metal/T_RoughMetal01_N.uasset" 4283
"C:/Users/j/Documents/GitHub/UnrealProject/Content/ParagonGideon/Characters/Global/Eyes/Textures/Example/T_EyeIrisBaseColor_Example_6.uasset" 4284
"/Engine/Functions/Engine_MaterialFunctions03/Blends/Lerp_ScratchGrime" 4285
"/Game/Virtual_Studio_Kit/Materials/LEDWalls/Generic/T_SkyLine_02" 4286
"/Game/Virtual_Studio_Kit/Textures/T_Wood_Panels_basecolor" 4287
"/Game/Virtual_Studio_Kit/Textures/T_Concrete_Rough_basecolor" 4288
"/Game/Virtual_Studio_Kit/Textures/T_Concrete_Rough_roughness" 4289
"/Game/Virtual_Studio_Kit/Meshes/Props/Spotlight/T_Spotlight_Low_Metal_Normal" 4290
"/Game/ParagonGideon/Characters/Global/MaterialLayers/Skin/T_Pore_Normals2" 4291
"/Game/ParagonGideon/Characters/Heroes/Gideon/Textures/T_Gideon_Upperbody_Normal" 4292
"/Game/ParagonGideon/Characters/Heroes/Gideon/Textures/T_Gideon_Upperbody_RGB" 4293
"/Game/ParagonGideon/Characters/Heroes/Gideon/Textures/T_Gideon_Upperbody_Mask_2" 4294
"/Game/ParagonGideon/Characters/Heroes/Gideon/Textures/T_Gideon_Upperbody_Mask" 4295
"/Engine/Functions/Engine_MaterialFunctions02/Utility/BlendAngleCorrectedNormals" 4296
"/Game/ParagonGideon/Characters/Global/MaterialFunctions/ParameterCollections/OrionGlobalGameplayCollection" 4297
"/Game/Virtual_Studio_Kit/Meshes/Props/Spotlight/T_Spotlight_Low_Metal_Emissive" 4298
"/Game/Virtual_Studio_Kit/Meshes/Props/Spotlight/T_Spotlight_Low_Metal_BaseColor" 4299
"/Game/Virtual_Studio_Kit/Meshes/Props/Spotlight/T_Spotlight_Low_Metal_OcclusionRoughnessMetallic" 4300
"/Game/Virtual_Studio_Kit/Materials/LEDWalls/DesignA/Tex/T_Monintor_A_Design_04_Full" 4301
"/Game/Virtual_Studio_Kit/Textures/T_White_Gloss_Scratches_Base_Color" 4302
"/Game/Virtual_Studio_Kit/Materials/LEDWalls/Generic/T_Skyline_NYC" 4303
"/Engine/Functions/MaterialLayerFunctions/MatLayerBlend_BreakBaseColor" 4304
"/Game/ParagonGideon/Characters/Global/MaterialFunctions/MF_BrightnessAdjust" 4305
"/Engine/Functions/MaterialLayerFunctions/MatLayerBlend_OverrideBaseColor" 4306
"/Engine/Functions/MaterialLayerFunctions/MatLayerBlend_Emissive" 4307
"/Game/ParagonGideon/Characters/Global/Eyelash/T_Universal_Eyelashes_D" 4308
"/Engine/Functions/MaterialLayerFunctions/MatLayerBlend_Standard" 4309
"/Engine/Functions/Engine_MaterialFunctions01/Shading/MetallicShading" 4310
"/Engine/Functions/MaterialLayerFunctions/MatLayerBlend_Tint" 4311
"C:/Users/j/Documents/GitHub/UnrealProject/Content/ParagonGideon/Characters/Global/Eyes/Textures/Example/T_Eye_Wet_Normal.uasset" 4312
"C:/Users/j/Documents/GitHub/UnrealProject/Content/ParagonGideon/Characters/Global/Eyes/Textures/Example/T_EyeScleraBaseColor_Example_2.uasset" 4313
"C:/Users/j/Documents/GitHub/UnrealProject/Content/ParagonGideon/Characters/Global/Mouth/Textures/T_TeethAndTongue_N.uasset" 4314
"C:/Users/j/Documents/GitHub/UnrealProject/Content/ParagonGideon/Characters/Global/Mouth/Textures/T_Master_Mouth_1_RGB.uasset" 4315
"../../../Engine/Content/Functions/Engine_MaterialFunctions02/HueShift.uasset" 4316
"C:/Users/j/Documents/GitHub/UnrealProject/Content/ParagonGideon/Characters/Global/MaterialLayers/Leather/T_ML_FineLeather01_N.uasset" 4317
"C:/Users/j/Documents/GitHub/UnrealProject/Content/ParagonGideon/Characters/Global/MaterialLayers/Metal/T_Rust01_N.uasset" 4318
"C:/Users/j/Documents/GitHub/UnrealProject/Content/ParagonGideon/Characters/Global/MaterialFunctions/MaterialLayerConstructors/MF_BaseColorTintAndContrast.uasset" 4319
"C:/Users/j/Documents/GitHub/UnrealProject/Content/ParagonGideon/Characters/Global/Eyes/Textures/T_Eye_Tearduct__normals2.uasset" 4320
"/Game/ParagonGideon/Characters/Global/Eyes/Textures/Example/T_EyeScleraBaseColor_Example_2" 4321
"C:/Users/j/Documents/GitHub/UnrealProject/Content/ParagonGideon/Characters/Heroes/Gideon/Textures/T_Gideon_OuterRing_Mask.uasset" 4322
"C:/Users/j/Documents/GitHub/UnrealProject/Content/ParagonGideon/Characters/Global/Eyes/Textures/Example/T_EYE_NORMALS.uasset" 4323
"C:/Users/j/Documents/GitHub/UnrealProject/Content/ParagonGideon/Characters/Global/Mouth/Textures/T_Master_Mouth_1_COLOR.uasset" 4324
"C:/Users/j/Documents/GitHub/UnrealProject/Content/ParagonGideon/Characters/Global/MaterialLayers/Metal/T_Blank_N.uasset" 4325
"C:/Users/j/Documents/GitHub/UnrealProject/Content/ParagonGideon/Characters/Heroes/Gideon/Textures/T_Gideon_OuterRing_Normals.uasset" 4326
"C:/Users/j/Documents/GitHub/UnrealProject/Content/ParagonGideon/Characters/Global/MaterialLayers/Metal/T_ML_Gold_Metal01.uasset" 4327
"C:/Users/j/Documents/GitHub/UnrealProject/Content/ParagonGideon/Characters/Global/Hair/SharedHairContent/MaleBearded_Gideon/T_BEARD_Grad_01.uasset" 4328
"C:/Users/j/Documents/GitHub/UnrealProject/Content/ParagonGideon/Characters/Global/Mouth/Textures/T_Master_Mouth_1_N.uasset" 4329
"C:/Users/j/Documents/GitHub/UnrealProject/Content/ParagonGideon/Characters/Global/MaterialFunctions/MaterialLayerConstructors/MF_RoughnessAdjustment.uasset" 4330
"C:/Users/j/Documents/GitHub/UnrealProject/Content/ParagonGideon/Characters/Heroes/Gideon/Textures/T_Gideon_Legs_Mask_2.uasset" 4331
"C:/Users/j/Documents/GitHub/UnrealProject/Content/ParagonGideon/Characters/Global/MaterialLayers/Fabric/T_FineFabric01_N.uasset" 4332
"C:/Users/j/Documents/GitHub/UnrealProject/Content/ParagonGideon/Characters/Global/MaterialLayers/Painted/T_ML_PaintedConstructionMetal_N.uasset" 4333
"C:/Users/j/Documents/GitHub/UnrealProject/Content/ParagonGideon/Characters/Global/Eyes/Textures/SSP_TearDuctSubsurfaceProfile.uasset" 4334
"C:/Users/j/Documents/GitHub/UnrealProject/Content/ParagonGideon/Characters/Global/Mouth/Textures/T_TeethAndTongue_D.uasset" 4335
"C:/Users/j/Documents/GitHub/UnrealProject/Content/ParagonGideon/Characters/Heroes/Gideon/Textures/T_Inky_Smoke_Tile.uasset" 4336
"C:/Users/j/Documents/GitHub/UnrealProject/Content/ParagonGideon/Characters/Heroes/Gideon/Textures/T_Gideon_OuterRing_RGB.uasset" 4337
"C:/Users/j/Documents/GitHub/UnrealProject/Content/ParagonGideon/Characters/Global/Hair/SharedHairContent/MaleBearded_Gideon/T_BEARD_ID_01.uasset" 4338
"C:/Users/j/Documents/GitHub/UnrealProject/Content/ParagonGideon/Characters/Global/Hair/SharedHairContent/MaleBearded_Gideon/T_BEARD_Alpha_01.uasset" 4339
"/Game/ParagonGideon/Characters/Global/Eyes/Textures/Example/T_Eye_Wet_Normal" 4340
"C:/Users/j/Documents/GitHub/UnrealProject/Content/ParagonGideon/Characters/Heroes/Gideon/Textures/T_Gideon_Legs_RGB_2.uasset" 4341
"C:/Users/j/Documents/GitHub/UnrealProject/Content/ParagonGideon/Characters/Heroes/Gideon/Textures/T_Gideon_Legs_Mask.uasset" 4342
"C:/Users/j/Documents/GitHub/UnrealProject/Content/ParagonGideon/Characters/Global/MaterialLayers/Synthetics/T_Gideon_Eye_D.uasset" 4343
"/Game/ParagonGideon/Characters/Global/Eyes/Textures/Example/T_EyeIrisBaseColor_Example_6" 4344
"/Game/ParagonGideon/Characters/Global/MaterialLayers/Metal/T_RoughMetal01_N" 4345
"C:/Users/j/Documents/GitHub/UnrealProject/Content/ParagonGideon/Characters/Heroes/Gideon/Textures/T_Gideon_Legs_normals.uasset" 4346
"C:/Users/j/Documents/GitHub/UnrealProject/Content/ParagonGideon/Characters/Heroes/Gideon/Textures/T_Portal_SpaceMask_M.uasset" 4347
"/Game/ParagonGideon/Characters/Global/Hair/SharedHairContent/MaleBearded_Gideon/T_BEARD_Alpha_01" 4348
"/Game/ParagonGideon/Characters/Global/Hair/SharedHairContent/MaleBearded_Gideon/T_BEARD_Grad_01" 4349
"/Game/ParagonGideon/Characters/Global/Hair/SharedHairContent/MaleBearded_Gideon/T_BEARD_ID_01" 4350
"/Game/ParagonGideon/Characters/Heroes/Gideon/Textures/T_Gideon_OuterRing_RGB" 4351
"/Game/ParagonGideon/Characters/Heroes/Gideon/Textures/T_Gideon_OuterRing_Normals" 4352
"/Game/ParagonGideon/Characters/Heroes/Gideon/Textures/T_Inky_Smoke_Tile" 4353
"/Game/ParagonGideon/Characters/Heroes/Gideon/Textures/T_Gideon_OuterRing_Mask" 4354
"/Game/ParagonGideon/Characters/Global/MaterialLayers/Painted/T_ML_PaintedConstructionMetal_N" 4355
"/Game/ParagonGideon/Characters/Global/MaterialLayers/Fabric/T_FineFabric01_N" 4356
"/Game/ParagonGideon/Characters/Global/MaterialLayers/Metal/T_ML_Gold_Metal01" 4357
"/Game/ParagonGideon/Characters/Global/MaterialLayers/Synthetics/T_Gideon_Eye_D" 4358
"/Game/ParagonGideon/Characters/Global/MaterialLayers/Metal/T_Rust01_N" 4359
"/Game/ParagonGideon/Characters/Global/MaterialLayers/Metal/T_Blank_N" 4360
"/Game/ParagonGideon/Characters/Global/MaterialLayers/Leather/T_ML_FineLeather01_N" 4361
"/Engine/Functions/Engine_MaterialFunctions02/HueShift" 4362
"/Game/ParagonGideon/Characters/Global/MaterialFunctions/MaterialLayerConstructors/MF_BaseColorTintAndContrast" 4363
"/Game/ParagonGideon/Characters/Global/MaterialFunctions/MaterialLayerConstructors/MF_RoughnessAdjustment" 4364
"/Game/ParagonGideon/Characters/Heroes/Gideon/Textures/T_Gideon_Legs_Mask_2" 4365
"/Game/ParagonGideon/Characters/Heroes/Gideon/Textures/T_Gideon_Legs_Mask" 4366
"/Game/ParagonGideon/Characters/Heroes/Gideon/Textures/T_Gideon_Legs_RGB_2" 4367
"/Game/ParagonGideon/Characters/Global/Eyes/Textures/T_Eye_Tearduct__normals2" 4368
"/Game/ParagonGideon/Characters/Global/Eyes/Textures/SSP_TearDuctSubsurfaceProfile" 4369
"/Game/ParagonGideon/Characters/Global/Mouth/Textures/T_Master_Mouth_1_N" 4370
"/Game/ParagonGideon/Characters/Global/Mouth/Textures/T_Master_Mouth_1_RGB" 4371
"/Game/ParagonGideon/Characters/Global/Mouth/Textures/T_Master_Mouth_1_COLOR" 4372
"/Game/ParagonGideon/Characters/Global/Mouth/Textures/T_TeethAndTongue_N" 4373
"/Game/ParagonGideon/Characters/Global/Mouth/Textures/T_TeethAndTongue_D" 4374
"/Game/ParagonGideon/Characters/Global/Eyes/Textures/Example/T_EYE_NORMALS" 4375
"/Game/ParagonGideon/Characters/Heroes/Gideon/Textures/T_Gideon_Legs_normals" 4376
"../../../Engine/Content/Functions/Engine_MaterialFunctions01/ImageAdjustment/BlurSampleOffsets.uasset" 4377
"C:/Users/j/Documents/GitHub/UnrealProject/Content/ParagonGideon/Characters/Global/Eyes/Textures/T_EyeOcclusion2.uasset" 4378
"C:/Users/j/Documents/GitHub/UnrealProject/Content/ParagonGideon/Characters/Heroes/Gideon/Materials/SSP_Gideon_Skin.uasset" 4379
"C:/Users/j/Documents/GitHub/UnrealProject/Content/ParagonGreystone/Characters/Global/Hair/SharedHairContent/AnimalHairSet01/T_AnimalHairSet01_ID.uasset" 4380
"C:/Users/j/Documents/GitHub/UnrealProject/Content/ParagonGideon/Characters/Heroes/Gideon/Textures/T_Gideon_Head_M.uasset" 4381
"C:/Users/j/Documents/GitHub/UnrealProject/Content/ParagonGreystone/Characters/Global/Hair/SharedHairContent/AnimalHairSet01/T_AnimalHairSet01_Opacity.uasset" 4382
"C:/Users/j/Documents/GitHub/UnrealProject/Content/ParagonGreystone/Characters/Global/MaterialLayers/ML_FlatBlack.uasset" 4383
"C:/Users/j/Documents/GitHub/UnrealProject/Content/ParagonGreystone/Characters/Heroes/Greystone/Textures/T_Rock_StoneMask.uasset" 4384
"C:/Users/j/Documents/GitHub/UnrealProject/Content/ParagonGreystone/Characters/Heroes/Greystone/Textures/SSP_Greystone_Skin.uasset" 4385
"../../../Engine/Content/Functions/Engine_MaterialFunctions02/Utility/CameraVectorWithWPOOptions.uasset" 4386
"C:/Users/j/Documents/GitHub/UnrealProject/Content/ParagonGreystone/Characters/Global/Mouth/Textures/T_TeethAndTongue_D2.uasset" 4387
"C:/Users/j/Documents/GitHub/UnrealProject/Content/ParagonGreystone/Characters/Global/MaterialFunctions/MaterialLayerConstructors/MF_RoughnessAdjustment.uasset" 4388
"C:/Users/j/Documents/GitHub/UnrealProject/Content/ParagonGreystone/Characters/Heroes/Greystone/Textures/T_Greystone_Legs_Cloth_normals.uasset" 4389
"C:/Users/j/Documents/GitHub/UnrealProject/Content/ParagonGreystone/Characters/Heroes/Greystone/Textures/T_Greystone_ShoulderArms_RGB.uasset" 4390
"C:/Users/j/Documents/GitHub/UnrealProject/Content/ParagonGreystone/Characters/Heroes/Greystone/Textures/T_Greystone_Legs_Mask02.uasset" 4391
"C:/Users/j/Documents/GitHub/UnrealProject/Content/ParagonGreystone/Characters/Heroes/Greystone/Textures/T_Greystone_ShoulderArms_Mask01.uasset" 4392
"C:/Users/j/Documents/GitHub/UnrealProject/Content/ParagonGreystone/Characters/Global/MaterialFunctions/ParameterCollections/OrionGlobalGameplayCollection.uasset" 4393
"C:/Users/j/Documents/GitHub/UnrealProject/Content/ParagonGreystone/Characters/Heroes/Greystone/Textures/T_Greystone_Legs_Mask01.uasset" 4394
"C:/Users/j/Documents/GitHub/UnrealProject/Content/ParagonGideon/Characters/Heroes/Gideon/Textures/T_LP_Rift_Head_N.uasset" 4395
"C:/Users/j/Documents/GitHub/UnrealProject/Content/ParagonGreystone/Characters/Global/MaterialFunctions/MF_BrightnessAdjust.uasset" 4396
"C:/Users/j/Documents/GitHub/UnrealProject/Content/ParagonGreystone/Characters/Heroes/Greystone/Textures/T_Greystone_ShoulderArms_normals.uasset" 4397
"C:/Users/j/Documents/GitHub/UnrealProject/Content/ParagonGreystone/Characters/Heroes/Greystone/Textures/T_Greystone_arms_EMask.uasset" 4398
"C:/Users/j/Documents/GitHub/UnrealProject/Content/ParagonGreystone/Characters/Global/Mouth/Textures/T_TeethAndTongue_N.uasset" 4399
"C:/Users/j/Documents/GitHub/UnrealProject/Content/ParagonGreystone/Characters/Global/MaterialFunctions/MaterialLayerConstructors/MF_BaseColorTintAndContrast.uasset" 4400
"C:/Users/j/Documents/GitHub/UnrealProject/Content/ParagonGreystone/Characters/Global/Hair/SharedHairContent/AnimalHairSet01/T_AnimalHairSet01_Root.uasset" 4401
"C:/Users/j/Documents/GitHub/UnrealProject/Content/ParagonGreystone/Characters/Global/Eyes/Textures/Example/T_EyeScleraBaseColor_Example_3.uasset" 4402
"C:/Users/j/Documents/GitHub/UnrealProject/Content/ParagonGreystone/Characters/Heroes/Greystone/Textures/T_Greystone_ShoulderArms_Mask02.uasset" 4403
"C:/Users/j/Documents/GitHub/UnrealProject/Content/ParagonGreystone/Characters/Global/Hair/SharedHairContent/AnimalHairSet01/T_AnimalHairSet01_Depth.uasset" 4404
"C:/Users/j/Documents/GitHub/UnrealProject/Content/ParagonGreystone/Characters/Global/Eyes/Textures/Example/T_EyeIrisBaseColor_Example_5.uasset" 4405
"C:/Users/j/Documents/GitHub/UnrealProject/Content/ParagonGreystone/Characters/Heroes/Greystone/Textures/T_Greystone_HairEffects_MASK.uasset" 4406
"C:/Users/j/Documents/GitHub/UnrealProject/Content/ParagonGreystone/Characters/Global/Hair/SharedHairContent/AnimalHairSet01/T_Greystone_Rabbit_HairColor.uasset" 4407
"/Game/ParagonGreystone/Characters/Global/Hair/SharedHairContent/AnimalHairSet01/T_AnimalHairSet01_ID" 4408
"/Game/ParagonGideon/Characters/Heroes/Gideon/Materials/SSP_Gideon_Skin" 4409
"/Game/ParagonGideon/Characters/Global/Eyes/Textures/T_EyeOcclusion2" 4410
"/Game/ParagonGideon/Characters/Heroes/Gideon/Textures/T_Portal_SpaceMask_M" 4411
"/Engine/Functions/Engine_MaterialFunctions01/ImageAdjustment/BlurSampleOffsets" 4412
"C:/Users/j/Documents/GitHub/UnrealProject/Content/ParagonGreystone/Characters/Heroes/Greystone/Textures/T_Greystone_Legs_Cloth_RGB.uasset" 4413
"/Game/ParagonGreystone/Characters/Heroes/Greystone/Textures/T_Greystone_Legs_Mask01" 4414
"/Game/ParagonGreystone/Characters/Global/Mouth/Textures/T_TeethAndTongue_N" 4415
"/Game/ParagonGreystone/Characters/Global/Mouth/Textures/T_TeethAndTongue_D2" 4416
"/Game/ParagonGreystone/Characters/Heroes/Greystone/Textures/T_Greystone_ShoulderArms_Mask02" 4417
"/Game/ParagonGreystone/Characters/Heroes/Greystone/Textures/T_Greystone_ShoulderArms_normals" 4418
"/Game/ParagonGreystone/Characters/Global/MaterialFunctions/MaterialLayerConstructors/MF_BaseColorTintAndContrast" 4419
"/Game/ParagonGreystone/Characters/Global/MaterialFunctions/MaterialLayerConstructors/MF_RoughnessAdjustment" 4420
"/Game/ParagonGreystone/Characters/Heroes/Greystone/Textures/SSP_Greystone_Skin" 4421
"/Game/ParagonGreystone/Characters/Global/MaterialFunctions/MF_BrightnessAdjust" 4422
"/Game/ParagonGreystone/Characters/Heroes/Greystone/Textures/T_Greystone_ShoulderArms_Mask01" 4423
"/Game/ParagonGreystone/Characters/Global/MaterialFunctions/ParameterCollections/OrionGlobalGameplayCollection" 4424
"/Game/ParagonGreystone/Characters/Heroes/Greystone/Textures/T_Greystone_arms_EMask" 4425
"/Game/ParagonGreystone/Characters/Heroes/Greystone/Textures/T_Greystone_ShoulderArms_RGB" 4426
"/Game/ParagonGreystone/Characters/Heroes/Greystone/Textures/T_Greystone_HairEffects_MASK" 4427
"/Game/ParagonGreystone/Characters/Heroes/Greystone/Textures/T_Rock_StoneMask" 4428
"/Game/ParagonGreystone/Characters/Global/MaterialLayers/ML_FlatBlack" 4429
"/Game/ParagonGreystone/Characters/Global/Hair/SharedHairContent/AnimalHairSet01/T_AnimalHairSet01_Opacity" 4430
"/Game/ParagonGreystone/Characters/Global/Hair/SharedHairContent/AnimalHairSet01/T_Greystone_Rabbit_HairColor" 4431
"/Game/ParagonGreystone/Characters/Global/Hair/SharedHairContent/AnimalHairSet01/T_AnimalHairSet01_Root" 4432
"/Game/ParagonGreystone/Characters/Global/Hair/SharedHairContent/AnimalHairSet01/T_AnimalHairSet01_Depth" 4433
"/Game/ParagonGreystone/Characters/Global/Eyes/Textures/Example/T_EyeScleraBaseColor_Example_3" 4434
"/Game/ParagonGreystone/Characters/Global/Eyes/Textures/Example/T_EyeIrisBaseColor_Example_5" 4435
"/Game/ParagonGideon/Characters/Heroes/Gideon/Textures/T_LP_Rift_Head_N" 4436
"/Game/ParagonGideon/Characters/Heroes/Gideon/Textures/T_Gideon_Head_M" 4437
"/Engine/Functions/Engine_MaterialFunctions02/Utility/CameraVectorWithWPOOptions" 4438
"/Game/ParagonGreystone/Characters/Heroes/Greystone/Textures/T_Greystone_Legs_Mask02" 4439
"/Game/ParagonGreystone/Characters/Heroes/Greystone/Textures/T_Greystone_Legs_Cloth_normals" 4440
"C:/Users/j/Documents/GitHub/UnrealProject/Content/ParagonGreystone/Characters/Heroes/Greystone/Textures/T_Greystone_SwordShieldFurHair_RGB.uasset" 4441
"C:/Users/j/Documents/GitHub/UnrealProject/Content/ParagonGreystone/Characters/Global/MaterialFunctions/Textures/Noise/T_AtmosphericCloudNoise03.uasset" 4442
"C:/Users/j/Documents/GitHub/UnrealProject/Content/ParagonGreystone/Characters/Heroes/Greystone/Textures/T_Greystone_M_shield_EMask.uasset" 4443
"C:/Users/j/Documents/GitHub/UnrealProject/Content/ParagonGreystone/Characters/Heroes/Greystone/Textures/T_Greystone_M_Flesh_head_EMask.uasset" 4444
"C:/Users/j/Documents/GitHub/UnrealProject/Content/ParagonGreystone/Characters/Heroes/Greystone/Textures/T_Greystone_Head_Torso_normals.uasset" 4445
"C:/Users/j/Documents/GitHub/UnrealProject/Content/ParagonGreystone/Characters/Heroes/Greystone/Textures/T_Greystone_M_Torso_EMask.uasset" 4446
"C:/Users/j/Documents/GitHub/UnrealProject/Content/ParagonGreystone/Characters/Global/Hair/SharedHairContent/FemaleHairSet02/T_FemaleHairSet02_Roots.uasset" 4447
"C:/Users/j/Documents/GitHub/UnrealProject/Content/ParagonGreystone/Characters/Heroes/Greystone/Textures/T_Greystone_Head_Torso_Color.uasset" 4448
"C:/Users/j/Documents/GitHub/UnrealProject/Content/ParagonGreystone/Characters/Global/Eyes/Textures/T_EyeOcclusion2.uasset" 4449
"C:/Users/j/Documents/GitHub/UnrealProject/Content/ParagonAurora/Characters/Heroes/Aurora/Textures/T_Aurora_metal_arm_normals_DEMO.uasset" 4450
"C:/Users/j/Documents/GitHub/UnrealProject/Content/ParagonAurora/Characters/Heroes/Aurora/Textures/T_Aurora_Armor_MASK01.uasset" 4451
"C:/Users/j/Documents/GitHub/UnrealProject/Content/ParagonGreystone/Characters/Heroes/Greystone/Textures/T_Greystone_Head_Torso_RGB.uasset" 4452
"/Game/ParagonGreystone/Characters/Global/MaterialFunctions/Textures/Noise/T_AtmosphericCloudNoise03" 4453
"C:/Users/j/Documents/GitHub/UnrealProject/Content/ParagonAurora/Characters/Global/MaterialFunctions/MaterialLayerConstructors/MLC_SolidValues.uasset" 4454
"C:/Users/j/Documents/GitHub/UnrealProject/Content/ParagonGreystone/Characters/Global/Hair/SharedHairContent/FemaleHairSet02/T_FemaleHairSet02_Depth.uasset" 4455
"C:/Users/j/Documents/GitHub/UnrealProject/Content/ParagonAurora/Characters/Global/MaterialFunctions/MaterialLayerConstructors/MF_BaseColorTintAndContrast.uasset" 4456
"C:/Users/j/Documents/GitHub/UnrealProject/Content/ParagonGreystone/Characters/Heroes/Greystone/Textures/T_Greystone_Shield_Mask01.uasset" 4457
"C:/Users/j/Documents/GitHub/UnrealProject/Content/ParagonGreystone/Characters/Heroes/Greystone/Textures/T_Greystone_M_legs_EMask.uasset" 4458
"C:/Users/j/Documents/GitHub/UnrealProject/Content/ParagonGreystone/Characters/Heroes/Greystone/Textures/T_Greystone_Head_Torso_Mask01.uasset" 4459
"C:/Users/j/Documents/GitHub/UnrealProject/Content/ParagonGreystone/Characters/Global/Hair/T_GreystoneHair_Flow.uasset" 4460
"C:/Users/j/Documents/GitHub/UnrealProject/Content/ParagonGreystone/Characters/Global/Hair/SharedHairContent/FemaleHairSet02/T_FemaleHairSet02_ID.uasset" 4461
"C:/Users/j/Documents/GitHub/UnrealProject/Content/ParagonGreystone/Characters/Heroes/Greystone/Textures/T_Greystone_Head_Torso_Mask02.uasset" 4462
"C:/Users/j/Documents/GitHub/UnrealProject/Content/ParagonAurora/Characters/Global/MaterialLayers/Special/MF_GemLike_Color.uasset" 4463
"C:/Users/j/Documents/GitHub/UnrealProject/Content/ParagonAurora/Characters/Heroes/Aurora/Textures/T_Aurora_Armor_MASK02.uasset" 4464
"C:/Users/j/Documents/GitHub/UnrealProject/Content/ParagonGreystone/Characters/Global/Hair/SharedHairContent/FemaleHairSet02/T_FemaleHairSet02_Opacity.uasset" 4465
"C:/Users/j/Documents/GitHub/UnrealProject/Content/ParagonGreystone/Characters/Heroes/Greystone/Textures/T_Greystone_M_Flesh_Arms_EMask.uasset" 4466
"C:/Users/j/Documents/GitHub/UnrealProject/Content/ParagonAurora/Characters/Heroes/Aurora/Textures/T_Aurora_Armor_RGB.uasset" 4467
"C:/Users/j/Documents/GitHub/UnrealProject/Content/ParagonAurora/Characters/Global/MaterialFunctions/MaterialLayerConstructors/MF_RoughnessAdjustment.uasset" 4468
"C:/Users/j/Documents/GitHub/UnrealProject/Content/ParagonAurora/Characters/Global/MaterialFunctions/MF_BrightnessAdjust.uasset" 4469
"C:/Users/j/Documents/GitHub/UnrealProject/Content/ParagonAurora/Characters/Global/ParameterCollections/OrionGlobalGameplayCollection.uasset" 4470
"C:/Users/j/Documents/GitHub/UnrealProject/Content/ParagonGreystone/Characters/Heroes/Greystone/Textures/T_Greystone_Head_Torso_Spec.uasset" 4471
"C:/Users/j/Documents/GitHub/UnrealProject/Content/ParagonGreystone/Characters/Heroes/Greystone/Textures/T_Greystone_SwordShieldFurHair_normals.uasset" 4472
"/Game/ParagonGreystone/Characters/Heroes/Greystone/Textures/T_Greystone_Legs_Cloth_RGB" 4473
"C:/Users/j/Documents/GitHub/UnrealProject/Content/ParagonAurora/Characters/Global/MaterialFunctions/MF_cheapBlendAngleNormal.uasset" 4474
"/Game/ParagonAurora/Characters/Heroes/Aurora/Textures/T_Aurora_Armor_RGB" 4475
"/Game/ParagonAurora/Characters/Global/MaterialFunctions/MaterialLayerConstructors/MF_RoughnessAdjustment" 4476
"/Game/ParagonAurora/Characters/Heroes/Aurora/Textures/T_Aurora_Armor_MASK02" 4477
"/Game/ParagonAurora/Characters/Heroes/Aurora/Textures/T_Aurora_Armor_MASK01" 4478
"/Game/ParagonAurora/Characters/Global/MaterialLayers/Special/MF_GemLike_Color" 4479
"/Game/ParagonAurora/Characters/Heroes/Aurora/Textures/T_Aurora_metal_arm_normals_DEMO" 4480
"/Game/ParagonGreystone/Characters/Global/Eyes/Textures/T_EyeOcclusion2" 4481
"/Game/ParagonGreystone/Characters/Heroes/Greystone/Textures/T_Greystone_M_Flesh_Arms_EMask" 4482
"/Game/ParagonGreystone/Characters/Global/Hair/SharedHairContent/FemaleHairSet02/T_FemaleHairSet02_ID" 4483
"/Game/ParagonGreystone/Characters/Global/Hair/SharedHairContent/FemaleHairSet02/T_FemaleHairSet02_Depth" 4484
"/Game/ParagonGreystone/Characters/Global/Hair/SharedHairContent/FemaleHairSet02/T_FemaleHairSet02_Roots" 4485
"/Game/ParagonGreystone/Characters/Global/Hair/T_GreystoneHair_Flow" 4486
"/Game/ParagonGreystone/Characters/Global/Hair/SharedHairContent/FemaleHairSet02/T_FemaleHairSet02_Opacity" 4487
"/Game/ParagonGreystone/Characters/Heroes/Greystone/Textures/T_Greystone_Head_Torso_Mask02" 4488
"/Game/ParagonGreystone/Characters/Heroes/Greystone/Textures/T_Greystone_Head_Torso_Mask01" 4489
"/Game/ParagonGreystone/Characters/Heroes/Greystone/Textures/T_Greystone_M_Torso_EMask" 4490
"/Game/ParagonGreystone/Characters/Heroes/Greystone/Textures/T_Greystone_Head_Torso_normals" 4491
"/Game/ParagonGreystone/Characters/Heroes/Greystone/Textures/T_Greystone_Head_Torso_RGB" 4492
"/Game/ParagonGreystone/Characters/Heroes/Greystone/Textures/T_Greystone_M_Flesh_head_EMask" 4493
"/Game/ParagonGreystone/Characters/Heroes/Greystone/Textures/T_Greystone_Head_Torso_Spec" 4494
"/Game/ParagonAurora/Characters/Global/ParameterCollections/OrionGlobalGameplayCollection" 4495
"/Game/ParagonGreystone/Characters/Heroes/Greystone/Textures/T_Greystone_Head_Torso_Color" 4496
"/Game/ParagonGreystone/Characters/Heroes/Greystone/Textures/T_Greystone_M_shield_EMask" 4497
"/Game/ParagonAurora/Characters/Global/MaterialFunctions/MaterialLayerConstructors/MF_BaseColorTintAndContrast" 4498
"/Game/ParagonGreystone/Characters/Heroes/Greystone/Textures/T_Greystone_SwordShieldFurHair_normals" 4499
"/Game/ParagonGreystone/Characters/Heroes/Greystone/Textures/T_Greystone_Shield_Mask01" 4500
"/Game/ParagonAurora/Characters/Global/MaterialFunctions/MF_BrightnessAdjust" 4501
"/Game/ParagonGreystone/Characters/Heroes/Greystone/Textures/T_Greystone_SwordShieldFurHair_RGB" 4502
"/Game/ParagonGreystone/Characters/Heroes/Greystone/Textures/T_Greystone_M_legs_EMask" 4503
"/Game/ParagonAurora/Characters/Global/MaterialFunctions/MaterialLayerConstructors/MLC_SolidValues" 4504
"C:/Users/j/Documents/GitHub/UnrealProject/Content/ParagonAurora/Characters/Heroes/Aurora/Textures/T_Aurora_Body_RGB.uasset" 4505
"C:/Users/j/Documents/GitHub/UnrealProject/Content/ParagonAurora/Characters/Heroes/Aurora/Textures/T_Aurora_Legs_Snow.uasset" 4506
"C:/Users/j/Documents/GitHub/UnrealProject/Content/ParagonAurora/Characters/Heroes/Aurora/Textures/T_Aurora_Body_MASK01.uasset" 4507
"C:/Users/j/Documents/GitHub/UnrealProject/Content/ParagonAurora/Characters/Heroes/Aurora/Textures/T_Aurora_Skin_Color_BODY.uasset" 4508
"C:/Users/j/Documents/GitHub/UnrealProject/Content/ParagonAurora/Characters/Heroes/Aurora/Textures/T_Aurora_Beta_Dress_RGBA.uasset" 4509
"C:/Users/j/Documents/GitHub/UnrealProject/Content/ParagonAurora/Characters/Heroes/Aurora/Textures/T_Aurora_Dress_New_N.uasset" 4510
"../../../Engine/Content/Functions/Engine_MaterialFunctions02/Utility/DebugTimeSine.uasset" 4511
"C:/Users/j/Documents/GitHub/UnrealProject/Content/ParagonAurora/Characters/Heroes/Aurora/Materials/SSP_Aurora.uasset" 4512
"C:/Users/j/Documents/GitHub/UnrealProject/Content/ParagonAurora/Characters/Global/Hair/SharedHairContent/FemaleHair_Straight_Aurora/T_Roots.uasset" 4513
"C:/Users/j/Documents/GitHub/UnrealProject/Content/ParagonAurora/Characters/Global/Eyes/Textures/Example/T_EyeScleraBaseColor_Example_5.uasset" 4514
"C:/Users/j/Documents/GitHub/UnrealProject/Content/ParagonAurora/Characters/Heroes/Aurora/Textures/T_Aurora_HairAO.uasset" 4515
"C:/Users/j/Documents/GitHub/UnrealProject/Content/ParagonAurora/Characters/Global/Hair/SharedHairContent/FemaleHair_Straight_Aurora/T_ID.uasset" 4516
"C:/Users/j/Documents/GitHub/UnrealProject/Content/ParagonAurora/Characters/Global/Mouth/Textures/T_TeethAndTongue_N.uasset" 4517
"/Game/ParagonAurora/Characters/Heroes/Aurora/Textures/T_Aurora_Legs_Snow" 4518
"C:/Users/j/Documents/GitHub/UnrealProject/Content/ParagonAurora/Characters/Heroes/Aurora/Textures/T_Aurora_Dress_MASK01.uasset" 4519
"C:/Users/j/Documents/GitHub/UnrealProject/Content/ParagonAurora/Characters/Global/MaterialFunctions/MF_CharacterSkinAO.uasset" 4520
"C:/Users/j/Documents/GitHub/UnrealProject/Content/ParagonAurora/Characters/Global/Eyes/Textures/T_Eye_Tearduct__normals2.uasset" 4521
"C:/Users/j/Documents/GitHub/UnrealProject/Content/ParagonAurora/Characters/Global/Eyes/Textures/SSP_TearDuct.uasset" 4522
"C:/Users/j/Documents/GitHub/UnrealProject/Content/ParagonAurora/Characters/Heroes/Aurora/Materials/SSP_AuroraSkin.uasset" 4523
"C:/Users/j/Documents/GitHub/UnrealProject/Content/ParagonAurora/Characters/Global/Hair/SharedHairContent/FemaleHair_Straight_Aurora/T_Alfa.uasset" 4524
"C:/Users/j/Documents/GitHub/UnrealProject/Content/ParagonAurora/Characters/Heroes/Aurora/Textures/T_Aurora_Body_MASK02.uasset" 4525
"C:/Users/j/Documents/GitHub/UnrealProject/Content/ParagonAurora/Characters/Global/Hair/SharedHairContent/FemaleHair_Straight_Aurora/T_Depth.uasset" 4526
"C:/Users/j/Documents/GitHub/UnrealProject/Content/ParagonAurora/Characters/Global/MaterialLayers/ML_FlatBlack.uasset" 4527
"C:/Users/j/Documents/GitHub/UnrealProject/Content/ParagonAurora/Characters/Heroes/Aurora/Textures/T_Aurora_Dress_TransparencyGrad.uasset" 4528
"C:/Users/j/Documents/GitHub/UnrealProject/Content/ParagonAurora/Characters/Global/FX/Textures/Masks/T_GradientLaserSoft_M.uasset" 4529
"C:/Users/j/Documents/GitHub/UnrealProject/Content/ParagonAurora/Characters/Heroes/Aurora/Textures/T_Aurora_Dress_MASK02.uasset" 4530
"C:/Users/j/Documents/GitHub/UnrealProject/Content/ParagonAurora/Characters/Heroes/Aurora/Textures/T_Aurora_body_Aurora_DEMO.uasset" 4531
"C:/Users/j/Documents/GitHub/UnrealProject/Content/ParagonAurora/Characters/Global/Eyes/Textures/Special/T_Aurora_Iris.uasset" 4532
"C:/Users/j/Documents/GitHub/UnrealProject/Content/ParagonAurora/Characters/Global/Mouth/Textures/T_TeethAndTongue_D2.uasset" 4533
"C:/Users/j/Documents/GitHub/UnrealProject/Content/ParagonAurora/Characters/Global/Hair/SharedHairContent/Dye_MaskGradients/T_AuroraHair_DyeMask.uasset" 4534
"C:/Users/j/Documents/GitHub/UnrealProject/Content/ParagonAurora/Characters/Heroes/Aurora/Textures/T_Aurora_SwordGradient.uasset" 4535
"C:/Users/j/Documents/GitHub/UnrealProject/Content/ParagonAurora/Characters/Heroes/Aurora/Textures/T_DressPattern01.uasset" 4536
"/Game/ParagonAurora/Characters/Heroes/Aurora/Textures/T_Aurora_Body_RGB" 4537
"/Game/ParagonAurora/Characters/Global/MaterialFunctions/MF_cheapBlendAngleNormal" 4538
"C:/Users/j/Documents/GitHub/UnrealProject/Content/ParagonAurora/Characters/Global/MaterialLayers/Rock/Textures/T_HadriansScree_PDO01_H.uasset" 4539
"/Game/ParagonAurora/Characters/Global/Eyes/Textures/T_Eye_Tearduct__normals2" 4540
"/Game/ParagonAurora/Characters/Heroes/Aurora/Textures/T_DressPattern01" 4541
"/Game/ParagonAurora/Characters/Heroes/Aurora/Textures/T_Aurora_Dress_MASK01" 4542
"/Game/ParagonAurora/Characters/Heroes/Aurora/Textures/T_Aurora_Dress_MASK02" 4543
"/Game/ParagonAurora/Characters/Heroes/Aurora/Textures/T_Aurora_Dress_TransparencyGrad" 4544
"/Game/ParagonAurora/Characters/Global/Hair/SharedHairContent/FemaleHair_Straight_Aurora/T_ID" 4545
"/Game/ParagonAurora/Characters/Global/Hair/SharedHairContent/FemaleHair_Straight_Aurora/T_Depth" 4546
"/Game/ParagonAurora/Characters/Heroes/Aurora/Textures/T_Aurora_HairAO" 4547
"/Game/ParagonAurora/Characters/Global/Hair/SharedHairContent/Dye_MaskGradients/T_AuroraHair_DyeMask" 4548
"/Game/ParagonAurora/Characters/Global/Hair/SharedHairContent/FemaleHair_Straight_Aurora/T_Roots" 4549
"/Game/ParagonAurora/Characters/Global/Hair/SharedHairContent/FemaleHair_Straight_Aurora/T_Alfa" 4550
"/Game/ParagonAurora/Characters/Global/Eyes/Textures/Example/T_EyeScleraBaseColor_Example_5" 4551
"/Game/ParagonAurora/Characters/Global/Eyes/Textures/Special/T_Aurora_Iris" 4552
"/Game/ParagonAurora/Characters/Global/MaterialLayers/ML_FlatBlack" 4553
"/Game/ParagonAurora/Characters/Heroes/Aurora/Textures/T_Aurora_SwordGradient" 4554
"/Game/ParagonAurora/Characters/Global/FX/Textures/Masks/T_GradientLaserSoft_M" 4555
"/Engine/Functions/Engine_MaterialFunctions02/Utility/DebugTimeSine" 4556
"/Game/ParagonAurora/Characters/Heroes/Aurora/Textures/T_Aurora_Dress_New_N" 4557
"/Game/ParagonAurora/Characters/Heroes/Aurora/Textures/T_Aurora_Beta_Dress_RGBA" 4558
"/Game/ParagonAurora/Characters/Global/Mouth/Textures/T_TeethAndTongue_D2" 4559
"/Game/ParagonAurora/Characters/Global/Mouth/Textures/T_TeethAndTongue_N" 4560
"/Game/ParagonAurora/Characters/Heroes/Aurora/Materials/SSP_AuroraSkin" 4561
"/Game/ParagonAurora/Characters/Heroes/Aurora/Textures/T_Aurora_Skin_Color_BODY" 4562
"/Game/ParagonAurora/Characters/Heroes/Aurora/Textures/T_Aurora_Body_MASK01" 4563
"/Game/ParagonAurora/Characters/Heroes/Aurora/Textures/T_Aurora_Body_MASK02" 4564
"/Game/ParagonAurora/Characters/Global/MaterialFunctions/MF_CharacterSkinAO" 4565
"/Game/ParagonAurora/Characters/Heroes/Aurora/Materials/SSP_Aurora" 4566
"/Game/ParagonAurora/Characters/Global/Eyes/Textures/SSP_TearDuct" 4567
"/Game/ParagonAurora/Characters/Heroes/Aurora/Textures/T_Aurora_body_Aurora_DEMO" 4568
"C:/Users/j/Documents/GitHub/UnrealProject/Content/ParagonAurora/Characters/Global/Eyes/Textures/T_EyeOcclusion2.uasset" 4569
"C:/Users/j/Documents/GitHub/UnrealProject/Content/ParagonAurora/Characters/Global/MaterialLayers/Rock/Textures/T_HadriansScree_PDO01_N.uasset" 4570
"C:/Users/j/Documents/GitHub/UnrealProject/Content/Blood_Magic/Textures/T_Blood_Magic_Noise2.uasset" 4571
"C:/Users/j/Documents/GitHub/UnrealProject/Content/ParagonAurora/Characters/Heroes/Aurora/Textures/T_Aurora_Head_RGB.uasset" 4572
"C:/Users/j/Documents/GitHub/UnrealProject/Content/ParagonAurora/Characters/Heroes/Aurora/Textures/T_Aurora_Tattoos_m00_body_head_skin00.uasset" 4573
"C:/Users/j/Documents/GitHub/UnrealProject/Content/__GroundAttackVFX/_GenericSource/SFX/Sfx_Ice_born.uasset" 4574
"C:/Users/j/Documents/GitHub/UnrealProject/Content/__GroundAttackVFX/_GenericSource/Texture/T_Vfx_UVS_Ice.uasset" 4575
"C:/Users/j/Documents/GitHub/UnrealProject/Content/ParagonAurora/Characters/Global/MaterialFunctions/Textures/Noise/T_TilingNoise06.uasset" 4576
"C:/Users/j/Documents/GitHub/UnrealProject/Content/__GroundAttackVFX/_GenericSource/Texture/T_Vfx_BasicDot.uasset" 4577
"C:/Users/j/Documents/GitHub/UnrealProject/Content/__GroundAttackVFX/_GenericSource/Texture/T_Vfx_Stamp_lighting22.uasset" 4578
"C:/Users/j/Documents/GitHub/UnrealProject/Content/__GroundAttackVFX/_GenericSource/Texture/T_Vfx_Stamp_Smoke02_88.uasset" 4579
"C:/Users/j/Documents/GitHub/UnrealProject/Content/__GroundAttackVFX/_GenericSource/Texture/T_Vfx_CircleDot.uasset" 4580
"/Game/ParagonAurora/Characters/Global/Eyes/Textures/T_EyeOcclusion2" 4581
"C:/Users/j/Documents/GitHub/UnrealProject/Content/Blood_Magic/Textures/T_Blood_Magic_Splash3.uasset" 4582
"C:/Users/j/Documents/GitHub/UnrealProject/Content/__GroundAttackVFX/_GenericSource/Texture/T_Vfx_Noise_3Distort.uasset" 4583
"C:/Users/j/Documents/GitHub/UnrealProject/Content/__GroundAttackVFX/_GenericSource/Texture/T_Vfx_stuff_Crack.uasset" 4584
"C:/Users/j/Documents/GitHub/UnrealProject/Content/__GroundAttackVFX/_GenericSource/SFX/sfx_Hit_hammer.uasset" 4585
"C:/Users/j/Documents/GitHub/UnrealProject/Content/__GroundAttackVFX/_GenericSource/Texture/T_Vfx_Noise_fire04.uasset" 4586
"C:/Users/j/Documents/GitHub/UnrealProject/Content/__GroundAttackVFX/_GenericSource/Texture/T_Vfx_Noise_01.uasset" 4587
"../../../Engine/Content/Functions/Engine_MaterialFunctions02/Utility/Swizzle.uasset" 4588
"C:/Users/j/Documents/GitHub/UnrealProject/Content/Blood_Magic/Textures/T_Blood_Magic_Smoke1.uasset" 4589
"C:/Users/j/Documents/GitHub/UnrealProject/Content/__GroundAttackVFX/_GenericSource/Texture/T_Vfx_center_03.uasset" 4590
"C:/Users/j/Documents/GitHub/UnrealProject/Content/__GroundAttackVFX/_GenericSource/Texture/T_Vfx_Ground_Cave.uasset" 4591
"C:/Users/j/Documents/GitHub/UnrealProject/Content/ParagonAurora/Characters/Heroes/Aurora/Textures/T_Aurora_Skin_Normal_2_HEAD.uasset" 4592
"C:/Users/j/Documents/GitHub/UnrealProject/Content/__GroundAttackVFX/_GenericSource/Texture/T_Vfx_Noise_Dissolve.uasset" 4593
"C:/Users/j/Documents/GitHub/UnrealProject/Content/__GroundAttackVFX/_GenericSource/Texture/T_Vfx_Stuff_rift.uasset" 4594
"C:/Users/j/Documents/GitHub/UnrealProject/Content/__GroundAttackVFX/_GenericSource/Texture/T_Vfx_stamp_fog3_88.uasset" 4595
"C:/Users/j/Documents/GitHub/UnrealProject/Content/ParagonAurora/Characters/Heroes/Aurora/Textures/T_Aurora_HEAD_AO.uasset" 4596
"C:/Users/j/Documents/GitHub/UnrealProject/Content/__GroundAttackVFX/_GenericSource/SFX/Sfx_Flame_splash_high.uasset" 4597
"C:/Users/j/Documents/GitHub/UnrealProject/Content/Blood_Magic/Textures/T_Blood_Magic_Noise1.uasset" 4598
"../../../Engine/Content/Functions/MaterialLayerFunctions/MatLayerBlend_OverrideMetalness.uasset" 4599
"/Game/ParagonAurora/Characters/Global/MaterialLayers/Rock/Textures/T_HadriansScree_PDO01_H" 4600
"C:/Users/j/Documents/GitHub/UnrealProject/Content/ParagonAurora/Characters/Heroes/Aurora/Textures/T_HighFreqNoise.uasset" 4601
"C:/Users/j/Documents/GitHub/UnrealProject/Content/__GroundAttackVFX/_GenericSource/Texture/T_Vfx_Dots_dense.uasset" 4602
"/Game/__GroundAttackVFX/_GenericSource/Texture/T_Vfx_stamp_fog3_88" 4603
"/Game/__GroundAttackVFX/_GenericSource/Texture/T_Vfx_Noise_3Distort" 4604
"/Game/__GroundAttackVFX/_GenericSource/Texture/T_Vfx_CircleDot" 4605
"/Game/__GroundAttackVFX/_GenericSource/Texture/T_Vfx_Stamp_lighting22" 4606
"/Engine/Functions/Engine_MaterialFunctions02/Utility/Swizzle" 4607
"/Game/__GroundAttackVFX/_GenericSource/Texture/T_Vfx_BasicDot" 4608
"/Game/__GroundAttackVFX/_GenericSource/Texture/T_Vfx_center_03" 4609
"/Game/__GroundAttackVFX/_GenericSource/Texture/T_Vfx_Stamp_Smoke02_88" 4610
"/Game/__GroundAttackVFX/_GenericSource/Texture/T_Vfx_Noise_01" 4611
"/Game/__GroundAttackVFX/_GenericSource/SFX/Sfx_Flame_splash_high" 4612
"/Game/__GroundAttackVFX/_GenericSource/Texture/T_Vfx_UVS_Ice" 4613
"/Game/__GroundAttackVFX/_GenericSource/Texture/T_Vfx_Noise_Dissolve" 4614
"/Game/__GroundAttackVFX/_GenericSource/Texture/T_Vfx_stuff_Crack" 4615
"/Game/__GroundAttackVFX/_GenericSource/SFX/sfx_Hit_hammer" 4616
"/Game/__GroundAttackVFX/_GenericSource/Texture/T_Vfx_Ground_Cave" 4617
"/Game/__GroundAttackVFX/_GenericSource/SFX/Sfx_Ice_born" 4618
"../../../../../../Users/j/Documents/GitHub/UnrealProject/Content/__GroundAttackVFX/_GenericSource/SFX/Sfx_Ice_born.uasset" 4619
"/Game/Blood_Magic/Textures/T_Blood_Magic_Splash3" 4620
"/Game/Blood_Magic/Textures/T_Blood_Magic_Noise2" 4621
"/Game/Blood_Magic/Textures/T_Blood_Magic_Noise1" 4622
"/Game/Blood_Magic/Textures/T_Blood_Magic_Smoke1" 4623
"/Game/ParagonAurora/Characters/Heroes/Aurora/Textures/T_Aurora_Head_RGB" 4624
"/Game/ParagonAurora/Characters/Global/MaterialFunctions/Textures/Noise/T_TilingNoise06" 4625
"/Engine/Functions/MaterialLayerFunctions/MatLayerBlend_OverrideMetalness" 4626
"/Game/ParagonAurora/Characters/Heroes/Aurora/Textures/T_HighFreqNoise" 4627
"/Game/ParagonAurora/Characters/Heroes/Aurora/Textures/T_Aurora_Tattoos_m00_body_head_skin00" 4628
"/Game/ParagonAurora/Characters/Heroes/Aurora/Textures/T_Aurora_HEAD_AO" 4629
"/Game/__GroundAttackVFX/_GenericSource/Texture/T_Vfx_Noise_fire04" 4630
"/Game/ParagonAurora/Characters/Heroes/Aurora/Textures/T_Aurora_Skin_Normal_2_HEAD" 4631
"/Game/ParagonAurora/Characters/Global/MaterialLayers/Rock/Textures/T_HadriansScree_PDO01_N" 4632
"/Game/__GroundAttackVFX/_GenericSource/Texture/T_Vfx_Stuff_rift" 4633
"C:/Users/j/Documents/GitHub/UnrealProject/Content/Blood_Magic/Textures/T_Blood_Magic_Splash2.uasset" 4634
"C:/Users/j/Documents/GitHub/UnrealProject/Content/__GroundAttackVFX/_GenericSource/Texture/T_Vfx_Noise_cloudy.uasset" 4635
"C:/Users/j/Documents/GitHub/UnrealProject/Content/IceMagicSkill_v01/Resource/Texture/T_ice_02.uasset" 4636
"C:/Users/j/Documents/GitHub/UnrealProject/Content/IceMagicSkill_v01/Resource/Texture/T_Cloud_01.uasset" 4637
"C:/Users/j/Documents/GitHub/UnrealProject/Content/Blood_Magic/Textures/T_Blood_Magic_Circle.uasset" 4638
"C:/Users/j/Documents/GitHub/UnrealProject/Content/IceMagicSkill_v01/Resource/Texture/T_Ice_09.uasset" 4639
"C:/Users/j/Documents/GitHub/UnrealProject/Content/IceMagicSkill_v01/Resource/Texture/T_Ice_09_NRM.uasset" 4640
"C:/Users/j/Documents/GitHub/UnrealProject/Content/Blood_Magic/Textures/Spike/T_Blood_Magic_Spike_BaseColor.uasset" 4641
"C:/Users/j/Documents/GitHub/UnrealProject/Content/Blood_Magic/Textures/Spike/T_Blood_Magic_Spike_Roughness.uasset" 4642
"C:/Users/j/Documents/GitHub/UnrealProject/Content/Blood_Magic/Textures/Spike/T_Blood_Magic_Spike_Emissive.uasset" 4643
"C:/Users/j/Documents/GitHub/UnrealProject/Content/Blood_Magic/Textures/Crystal1/T_Blood_Magic_Crystal1_BaseColor.uasset" 4644
"C:/Users/j/Documents/GitHub/UnrealProject/Content/Blood_Magic/Textures/Spike/T_Blood_Magic_Spike_Normal.uasset" 4645
"/Game/__GroundAttackVFX/_GenericSource/Texture/T_Vfx_Dots_dense" 4646
"C:/Users/j/Documents/GitHub/UnrealProject/Content/Blood_Magic/Textures/Crystal1/T_Blood_Magic_Crystal1_Roughness.uasset" 4647
"C:/Users/j/Documents/GitHub/UnrealProject/Content/Blood_Magic/Textures/T_Blood_Magic_Crack.uasset" 4648
"C:/Users/j/Documents/GitHub/UnrealProject/Content/Blood_Magic/Textures/Crystal1/T_Blood_Magic_Crystal1_Emissive.uasset" 4649
"C:/Users/j/Documents/GitHub/UnrealProject/Content/Aura_Character/Resource/ColorCurve/CC_Aura_02.uasset" 4650
"C:/Users/j/Documents/GitHub/UnrealProject/Content/Aura_Character/Resource/Texture/T_Cloud_M.uasset" 4651
"C:/Users/j/Documents/GitHub/UnrealProject/Content/IceMagicSkill_v01/Resource/Texture/T_Smoke_8x8_01.uasset" 4652
"C:/Users/j/Documents/GitHub/UnrealProject/Content/IceMagicSkill_v01/Resource/Texture/T_ice_01.uasset" 4653
"C:/Users/j/Documents/GitHub/UnrealProject/Content/IceMagicSkill_v01/Resource/Texture/T_Ice_01_NRM.uasset" 4654
"C:/Users/j/Documents/GitHub/UnrealProject/Content/Aura_Character/Resource/Texture/T_Electric_4x4.uasset" 4655
"C:/Users/j/Documents/GitHub/UnrealProject/Content/Aura_Character/Resource/Texture/T_Noise_02.uasset" 4656
"C:/Users/j/Documents/GitHub/UnrealProject/Content/Aura_Character/Resource/Texture/T_fn_2.uasset" 4657
"C:/Users/j/Documents/GitHub/UnrealProject/Content/Aura_Character/Resource/Texture/T_oilFire_01_4k.uasset" 4658
"C:/Users/j/Documents/GitHub/UnrealProject/Content/AdvancedPortalsSystemVFX/Textures/ColorVar/T_ColorVariations_01.uasset" 4659
"C:/Users/j/Documents/GitHub/UnrealProject/Content/Blood_Magic/Textures/Crystal1/T_Blood_Magic_Crystal1_Normal.uasset" 4660
"../../../Engine/Content/Functions/Engine_MaterialFunctions03/ComplexMotion/Motion_4WayChaos.uasset" 4661
"C:/Users/j/Documents/GitHub/UnrealProject/Content/AdvancedPortalsSystemVFX/Textures/LC/T_LC_20.uasset" 4662
"C:/Users/j/Documents/GitHub/UnrealProject/Content/__GroundAttackVFX/_GenericSource/SFX/Sfx_Ice_ball.uasset" 4663
"C:/Users/j/Documents/GitHub/UnrealProject/Content/Aura_Character/Resource/Texture/T_Cloud_Blur_M.uasset" 4664
"C:/Users/j/Documents/GitHub/UnrealProject/Content/AdvancedPortalsSystemVFX/Textures/Galaxy/T_GalaxyV2_28.uasset" 4665
"C:/Users/j/Documents/GitHub/UnrealProject/Content/AdvancedPortalsSystemVFX/Textures/Normal/T_Water_N.uasset" 4666
"/Game/AdvancedPortalsSystemVFX/Textures/Galaxy/T_GalaxyV2_28" 4667
"/Game/AdvancedPortalsSystemVFX/Textures/LC/T_LC_20" 4668
"/Game/AdvancedPortalsSystemVFX/Textures/ColorVar/T_ColorVariations_01" 4669
"/Game/Aura_Character/Resource/Texture/T_Noise_02" 4670
"/Game/Aura_Character/Resource/Texture/T_Electric_4x4" 4671
"/Game/Aura_Character/Resource/Texture/T_fn_2" 4672
"/Game/Aura_Character/Resource/Texture/T_oilFire_01_4k" 4673
"/Game/Aura_Character/Resource/Texture/T_Cloud_Blur_M" 4674
"/Game/Aura_Character/Resource/Texture/T_Cloud_M" 4675
"/Game/Aura_Character/Resource/ColorCurve/CC_Aura_02" 4676
"/Game/Blood_Magic/Textures/T_Blood_Magic_Crack" 4677
"/Game/Blood_Magic/Textures/Crystal1/T_Blood_Magic_Crystal1_Normal" 4678
"/Game/Blood_Magic/Textures/Crystal1/T_Blood_Magic_Crystal1_Roughness" 4679
"/Game/Blood_Magic/Textures/Crystal1/T_Blood_Magic_Crystal1_BaseColor" 4680
"/Game/Blood_Magic/Textures/Crystal1/T_Blood_Magic_Crystal1_Emissive" 4681
"/Game/__GroundAttackVFX/_GenericSource/SFX/Sfx_Ice_ball" 4682
"../../../../../../Users/j/Documents/GitHub/UnrealProject/Content/__GroundAttackVFX/_GenericSource/SFX/Sfx_Ice_ball.uasset" 4683
"/Game/Blood_Magic/Textures/Spike/T_Blood_Magic_Spike_BaseColor" 4684
"/Game/Blood_Magic/Textures/Spike/T_Blood_Magic_Spike_Emissive" 4685
"/Game/Blood_Magic/Textures/Spike/T_Blood_Magic_Spike_Normal" 4686
"/Game/Blood_Magic/Textures/Spike/T_Blood_Magic_Spike_Roughness" 4687
"/Game/IceMagicSkill_v01/Resource/Texture/T_Ice_09" 4688
"/Game/IceMagicSkill_v01/Resource/Texture/T_Ice_09_NRM" 4689
"/Game/IceMagicSkill_v01/Resource/Texture/T_ice_01" 4690
"/Game/IceMagicSkill_v01/Resource/Texture/T_Ice_01_NRM" 4691
"/Game/IceMagicSkill_v01/Resource/Texture/T_Smoke_8x8_01" 4692
"/Game/IceMagicSkill_v01/Resource/Texture/T_Cloud_01" 4693
"/Game/IceMagicSkill_v01/Resource/Texture/T_ice_02" 4694
"/Game/Blood_Magic/Textures/T_Blood_Magic_Circle" 4695
"/Engine/Functions/Engine_MaterialFunctions03/ComplexMotion/Motion_4WayChaos" 4696
"/Game/Blood_Magic/Textures/T_Blood_Magic_Splash2" 4697
"/Game/__GroundAttackVFX/_GenericSource/Texture/T_Vfx_Noise_cloudy" 4698
"C:/Users/j/Documents/GitHub/UnrealProject/Content/AdvancedPortalsSystemVFX/Demo/M_Glow.uasset" 4699
"C:/Users/j/Documents/GitHub/UnrealProject/Content/ParagonSteel/Characters/Heroes/Steel/Materials/MF_Color_Neutral.uasset" 4700
"C:/Users/j/Documents/GitHub/UnrealProject/Content/ParagonSteel/Characters/Global/MaterialFunctions/MF_BrightnessAdjust.uasset" 4701
"C:/Users/j/Documents/GitHub/UnrealProject/Content/ParagonSteel/Characters/Heroes/Steel/Textures/T_Steel_UV3_RGB.uasset" 4702
"C:/Users/j/Documents/GitHub/UnrealProject/Content/ParagonSteel/Characters/Heroes/Steel/Textures/T_Steel_UV3_MatMask.uasset" 4703
"C:/Users/j/Documents/GitHub/UnrealProject/Content/ParagonSteel/Characters/Global/MaterialLayers/Rubber/T_Rubber_2_N.uasset" 4704
"C:/Users/j/Documents/GitHub/UnrealProject/Content/ParagonSteel/Characters/Global/MaterialFunctions/MaterialLayerConstructors/MF_RoughnessAdjustment.uasset" 4705
"C:/Users/j/Documents/GitHub/UnrealProject/Content/ParagonSteel/Characters/Global/MaterialFunctions/MaterialLayerConstructors/MF_BaseColorTintAndContrast.uasset" 4706
"/Game/AdvancedPortalsSystemVFX/Demo/M_Glow" 4707
"C:/Users/j/Documents/GitHub/UnrealProject/Content/ParagonSteel/Characters/Global/MaterialLayers/ML_FlatBlack.uasset" 4708
"C:/Users/j/Documents/GitHub/UnrealProject/Content/ParagonSteel/Characters/Global/MaterialLayers/Synthetics/T_ML_PlasticPattern01_N.uasset" 4709
"C:/Users/j/Documents/GitHub/UnrealProject/Content/AdvancedPortalsSystemVFX/Materials/MFs/M_Motion_4WayChaos.uasset" 4710
"C:/Users/j/Documents/GitHub/UnrealProject/Content/ParagonSteel/Characters/Global/Eyes/Textures/Special/T_EyeIrisBaseColor_Steel.uasset" 4711
"C:/Users/j/Documents/GitHub/UnrealProject/Content/ParagonSteel/Characters/Global/MaterialLayers/Metal/T_RoughMetal01_N.uasset" 4712
"C:/Users/j/Documents/GitHub/UnrealProject/Content/ParagonSteel/Characters/Global/Eyes/Textures/Example/T_Eye_Wet_Normal.uasset" 4713
"C:/Users/j/Documents/GitHub/UnrealProject/Content/ParagonSteel/Characters/Global/Eyes/Textures/Example/T_EYE_NORMALS.uasset" 4714
"C:/Users/j/Documents/GitHub/UnrealProject/Content/ParagonSteel/Characters/Global/Eyes/Textures/Example/T_EyeScleraBaseColor_Example_2.uasset" 4715
"C:/Users/j/Documents/GitHub/UnrealProject/Content/ParagonSteel/Characters/Global/Eyes/Textures/T_Eye_Tearduct__normals2.uasset" 4716
"C:/Users/j/Documents/GitHub/UnrealProject/Content/ParagonSteel/Characters/Global/MaterialLayers/Skin/T_Pore_Normals2.uasset" 4717
"C:/Users/j/Documents/GitHub/UnrealProject/Content/ParagonSteel/Characters/Heroes/Steel/Textures/T_Steel_Skin_D.uasset" 4718
"C:/Users/j/Documents/GitHub/UnrealProject/Content/ParagonSteel/Characters/Global/Eyes/Textures/SSP_TearDuctSubsurfaceProfile.uasset" 4719
"C:/Users/j/Documents/GitHub/UnrealProject/Content/ParagonSteel/Characters/Heroes/Steel/Textures/T_Steel_UV3_N.uasset" 4720
"C:/Users/j/Documents/GitHub/UnrealProject/Content/ParagonSteel/Characters/Global/MaterialLayers/Skin/T_Tiling_Circuit.uasset" 4721
"C:/Users/j/Documents/GitHub/UnrealProject/Content/ParagonSteel/Characters/Global/MaterialLayers/Skin/T_Pore_Specular.uasset" 4722
"C:/Users/j/Documents/GitHub/UnrealProject/Content/ParagonSteel/Characters/Global/Mouth/Materials/SSP_TeethSubsurfaceProfile.uasset" 4723
"C:/Users/j/Documents/GitHub/UnrealProject/Content/ParagonSteel/Characters/Heroes/Steel/Textures/T_Steel_UV1_N.uasset" 4724
"C:/Users/j/Documents/GitHub/UnrealProject/Content/AdvancedPortalsSystemVFX/Textures/LC/T_LC_08.uasset" 4725
"C:/Users/j/Documents/GitHub/UnrealProject/Content/ParagonSteel/Characters/Global/MaterialFunctions/MF_Character_MaterialLayerQuality.uasset" 4726
"C:/Users/j/Documents/GitHub/UnrealProject/Content/ParagonSteel/Characters/Heroes/Steel/Textures/T_Steel_Shield_N.uasset" 4727
"C:/Users/j/Documents/GitHub/UnrealProject/Content/ParagonSteel/Characters/Heroes/Steel/Textures/T_Steel_Skin_T.uasset" 4728
"C:/Users/j/Documents/GitHub/UnrealProject/Content/ParagonSteel/Characters/Global/ParameterCollections/OrionGlobalGameplayCollection.uasset" 4729
"C:/Users/j/Documents/GitHub/UnrealProject/Content/ParagonSteel/Characters/Global/MaterialLayers/Leather/T_ML_FineLeather01_N.uasset" 4730
"/Game/AdvancedPortalsSystemVFX/Textures/Normal/T_Water_N" 4731
"C:/Users/j/Documents/GitHub/UnrealProject/Content/ParagonSteel/Characters/Heroes/Steel/Textures/T_Steel_Shield_N_OCC.uasset" 4732
"/Game/ParagonSteel/Characters/Heroes/Steel/Textures/T_Steel_Shield_N" 4733
"/Game/ParagonSteel/Characters/Global/Mouth/Materials/SSP_TeethSubsurfaceProfile" 4734
"/Game/ParagonSteel/Characters/Global/MaterialLayers/Skin/T_Tiling_Circuit" 4735
"/Game/ParagonSteel/Characters/Heroes/Steel/Textures/T_Steel_Skin_T" 4736
"/Game/ParagonSteel/Characters/Heroes/Steel/Textures/T_Steel_UV1_N" 4737
"/Game/ParagonSteel/Characters/Global/MaterialLayers/Skin/T_Pore_Specular" 4738
"/Game/ParagonSteel/Characters/Heroes/Steel/Textures/T_Steel_Skin_D" 4739
"/Game/ParagonSteel/Characters/Global/MaterialLayers/Skin/T_Pore_Normals2" 4740
"/Game/ParagonSteel/Characters/Global/Eyes/Textures/T_Eye_Tearduct__normals2" 4741
"/Game/ParagonSteel/Characters/Global/Eyes/Textures/SSP_TearDuctSubsurfaceProfile" 4742
"/Game/ParagonSteel/Characters/Global/Eyes/Textures/Example/T_EyeScleraBaseColor_Example_2" 4743
"/Game/ParagonSteel/Characters/Global/Eyes/Textures/Example/T_EYE_NORMALS" 4744
"/Game/ParagonSteel/Characters/Global/Eyes/Textures/Example/T_Eye_Wet_Normal" 4745
"/Game/ParagonSteel/Characters/Global/Eyes/Textures/Special/T_EyeIrisBaseColor_Steel" 4746
"/Game/ParagonSteel/Characters/Global/MaterialLayers/Leather/T_ML_FineLeather01_N" 4747
"/Game/ParagonSteel/Characters/Global/MaterialLayers/Synthetics/T_ML_PlasticPattern01_N" 4748
"/Game/ParagonSteel/Characters/Global/MaterialLayers/Metal/T_RoughMetal01_N" 4749
"/Game/ParagonSteel/Characters/Global/MaterialLayers/Rubber/T_Rubber_2_N" 4750
"/Game/ParagonSteel/Characters/Global/MaterialLayers/ML_FlatBlack" 4751
"/Game/ParagonSteel/Characters/Global/MaterialFunctions/MF_Character_MaterialLayerQuality" 4752
"/Game/ParagonSteel/Characters/Heroes/Steel/Textures/T_Steel_UV3_N" 4753
"/Game/ParagonSteel/Characters/Global/ParameterCollections/OrionGlobalGameplayCollection" 4754
"/Game/ParagonSteel/Characters/Heroes/Steel/Textures/T_Steel_UV3_MatMask" 4755
"/Game/ParagonSteel/Characters/Global/MaterialFunctions/MaterialLayerConstructors/MF_RoughnessAdjustment" 4756
"/Game/ParagonSteel/Characters/Heroes/Steel/Textures/T_Steel_UV3_RGB" 4757
"/Game/ParagonSteel/Characters/Global/MaterialFunctions/MaterialLayerConstructors/MF_BaseColorTintAndContrast" 4758
"/Game/ParagonSteel/Characters/Global/MaterialFunctions/MF_BrightnessAdjust" 4759
"/Game/ParagonSteel/Characters/Heroes/Steel/Materials/MF_Color_Neutral" 4760
"/Game/AdvancedPortalsSystemVFX/Textures/LC/T_LC_08" 4761
"/Game/AdvancedPortalsSystemVFX/Materials/MFs/M_Motion_4WayChaos" 4762
"C:/Users/j/Documents/GitHub/UnrealProject/Content/ParagonSteel/Characters/Heroes/Steel/Textures/T_Steel_Shield_MatMask.uasset" 4763
"C:/Users/j/Documents/GitHub/UnrealProject/Content/ParagonSteel/Characters/Heroes/Steel/Textures/T_Steel_Shield_RGB.uasset" 4764
"C:/Users/j/Documents/GitHub/UnrealProject/Content/ParagonSteel/Characters/Heroes/Steel/Textures/T_Metal_Patina_D.uasset" 4765
"C:/Users/j/Documents/GitHub/UnrealProject/Content/ParagonSteel/Characters/Heroes/Steel/Textures/T_Metal_Patina_M.uasset" 4766
"C:/Users/j/Documents/GitHub/UnrealProject/Content/ParagonSteel/Characters/Heroes/Steel/Textures/T_Steel_UV2_N.uasset" 4767
"C:/Users/j/Documents/GitHub/UnrealProject/Content/__GroundAttackVFX/_GenericSource/Texture/T_Vfx_Stamp_IceFlower_61.uasset" 4768
"C:/Users/j/Documents/GitHub/UnrealProject/Content/ParagonSteel/Characters/Heroes/Steel/Textures/T_SteelShieldEmissive.uasset" 4769
"C:/Users/j/Documents/GitHub/UnrealProject/Content/BeamsPack/DemoContent/StarterContent/Textures/T_Water_N.uasset" 4770
"C:/Users/j/Documents/GitHub/UnrealProject/Content/BeamsPack/Textures/T_LensFlare002.uasset" 4771
"C:/Users/j/Documents/GitHub/UnrealProject/Content/BeamsPack/Textures/T_LensFlare004.uasset" 4772
"C:/Users/j/Documents/GitHub/UnrealProject/Content/BeamsPack/Textures/T_Noise_02.uasset" 4773
"C:/Users/j/Documents/GitHub/UnrealProject/Content/__GroundAttackVFX/_GenericSource/SFX/Sfx_Hit_Ground_Hammer.uasset" 4774
"/Game/ParagonSteel/Characters/Heroes/Steel/Textures/T_Steel_Shield_MatMask" 4775
"C:/Users/j/Documents/GitHub/UnrealProject/Content/__GroundAttackVFX/_GenericSource/Texture/T_Vfx_Stuff_Rock_Basalt_D1.uasset" 4776
"C:/Users/j/Documents/GitHub/UnrealProject/Content/ParagonSteel/Characters/Heroes/Steel/Textures/T_Steel_UV2_RGB.uasset" 4777
"C:/Users/j/Documents/GitHub/UnrealProject/Content/__GroundAttackVFX/_GenericSource/Texture/T_Vfx_Noise_caustic_02.uasset" 4778
"C:/Users/j/Documents/GitHub/UnrealProject/Content/__GroundAttackVFX/_GenericSource/Texture/T_Vfx_Stuff_RockMesh_N1.uasset" 4779
"C:/Users/j/Documents/GitHub/UnrealProject/Content/__GroundAttackVFX/_GenericSource/Texture/T_Vfx_Stuff_Rocky_N1.uasset" 4780
"C:/Users/j/Documents/GitHub/UnrealProject/Content/__GroundAttackVFX/_GenericSource/Texture/T_Vfx_Stuff_RockMesh1.uasset" 4781
"../../../Engine/Content/Functions/Engine_MaterialFunctions01/ImageAdjustment/DeriveHDRfromLDR.uasset" 4782
"C:/Users/j/Documents/GitHub/UnrealProject/Content/Basic_VFX/Materials/M_Mesh.uasset" 4783
"C:/Users/j/Documents/GitHub/UnrealProject/Content/BeamsPack/Textures/T_Noise_05.uasset" 4784
"C:/Users/j/Documents/GitHub/UnrealProject/Content/__GroundAttackVFX/_GenericSource/Material/MF/MF_Fake_inverseSmoothstep.uasset" 4785
"C:/Users/j/Documents/GitHub/UnrealProject/Content/BeamsPack/Textures/T_LensFlare001.uasset" 4786
"C:/Users/j/Documents/GitHub/UnrealProject/Content/__GroundAttackVFX/_GenericSource/Texture/T_Vfx_Noise_Perlin.uasset" 4787
"C:/Users/j/Documents/GitHub/UnrealProject/Content/ParagonSteel/Characters/Global/Eyes/Textures/T_EyeOcclusion2.uasset" 4788
"C:/Users/j/Documents/GitHub/UnrealProject/Content/ParagonSteel/Characters/Heroes/Steel/Meshes/Steel_PhysicalMaterial.uasset" 4789
"C:/Users/j/Documents/GitHub/UnrealProject/Content/BeamsPack/Textures/T_LensFlare003.uasset" 4790
"C:/Users/j/Documents/GitHub/UnrealProject/Content/Virtual_Studio_Kit/Textures/T_MacroVariation.uasset" 4791
"C:/Users/j/Documents/GitHub/UnrealProject/Content/ParagonSteel/Characters/Heroes/Steel/Textures/T_Steel_UV2_MatMask.uasset" 4792
"C:/Users/j/Documents/GitHub/UnrealProject/Content/BeamsPack/Textures/T_Ligtning_1.uasset" 4793
"C:/Users/j/Documents/GitHub/UnrealProject/Content/Basic_VFX/Texture/T_energy_nose.uasset" 4794
"/Game/ParagonSteel/Characters/Heroes/Steel/Textures/T_Steel_Shield_N_OCC" 4795
"C:/Users/j/Documents/GitHub/UnrealProject/Content/Virtual_Studio_Kit/Textures/Concrete_Floor_normal.uasset" 4796
"/Game/Basic_VFX/Materials/M_Mesh" 4797
"/Game/Basic_VFX/Texture/T_energy_nose" 4798
"/Game/__GroundAttackVFX/_GenericSource/Texture/T_Vfx_Stuff_RockMesh1" 4799
"/Game/__GroundAttackVFX/_GenericSource/Texture/T_Vfx_Stuff_Rocky_N1" 4800
"/Game/__GroundAttackVFX/_GenericSource/Material/MF/MF_Fake_inverseSmoothstep" 4801
"/Game/__GroundAttackVFX/_GenericSource/Texture/T_Vfx_Stuff_RockMesh_N1" 4802
"/Game/__GroundAttackVFX/_GenericSource/Texture/T_Vfx_Noise_caustic_02" 4803
"/Game/__GroundAttackVFX/_GenericSource/Texture/T_Vfx_Stuff_Rock_Basalt_D1" 4804
"/Game/__GroundAttackVFX/_GenericSource/SFX/Sfx_Hit_Ground_Hammer" 4805
"/Game/BeamsPack/Textures/T_Noise_02" 4806
"/Game/BeamsPack/Textures/T_LensFlare003" 4807
"/Game/BeamsPack/Textures/T_LensFlare004" 4808
"/Game/BeamsPack/Textures/T_Noise_05" 4809
"/Game/BeamsPack/Textures/T_LensFlare002" 4810
"/Game/BeamsPack/Textures/T_LensFlare001" 4811
"/Engine/Functions/Engine_MaterialFunctions01/ImageAdjustment/DeriveHDRfromLDR" 4812
"/Game/BeamsPack/Textures/T_Ligtning_1" 4813
"/Game/BeamsPack/DemoContent/StarterContent/Textures/T_Water_N" 4814
"/Game/__GroundAttackVFX/_GenericSource/Texture/T_Vfx_Noise_Perlin" 4815
"/Game/__GroundAttackVFX/_GenericSource/Texture/T_Vfx_Stamp_IceFlower_61" 4816
"/Game/ParagonSteel/Characters/Heroes/Steel/Meshes/Steel_PhysicalMaterial" 4817
"/Game/ParagonSteel/Characters/Global/Eyes/Textures/T_EyeOcclusion2" 4818
"/Game/ParagonSteel/Characters/Heroes/Steel/Textures/T_Steel_UV2_N" 4819
"/Game/ParagonSteel/Characters/Heroes/Steel/Textures/T_Steel_UV2_RGB" 4820
"/Game/ParagonSteel/Characters/Heroes/Steel/Textures/T_Steel_UV2_MatMask" 4821
"/Game/ParagonSteel/Characters/Heroes/Steel/Textures/T_Metal_Patina_D" 4822
"/Game/ParagonSteel/Characters/Heroes/Steel/Textures/T_SteelShieldEmissive" 4823
"/Game/ParagonSteel/Characters/Heroes/Steel/Textures/T_Steel_Shield_RGB" 4824
"/Game/Virtual_Studio_Kit/Textures/T_MacroVariation" 4825
"/Game/ParagonSteel/Characters/Heroes/Steel/Textures/T_Metal_Patina_M" 4826
"C:/Users/j/Documents/GitHub/UnrealProject/Content/Virtual_Studio_Kit/Textures/Concrete_Floor_basecolor.uasset" 4827
"C:/Users/j/Documents/GitHub/UnrealProject/Content/Virtual_Studio_Kit/Textures/Concrete_Floor_roughness.uasset" 4828
"C:/Users/j/Documents/GitHub/UnrealProject/Content/Virtual_Studio_Kit/Textures/Corrugated_HAV_roughness.uasset" 4829
"C:/Users/j/Documents/GitHub/UnrealProject/Content/Virtual_Studio_Kit/Textures/T_Grad_Square.uasset" 4830
"C:/Users/j/Documents/GitHub/UnrealProject/Content/Virtual_Studio_Kit/Textures/Mod_Stage_Light_01_Plastic_Normal.uasset" 4831
"C:/Users/j/Documents/GitHub/UnrealProject/Content/Virtual_Studio_Kit/Textures/Mod_Stage_Light_01_Plastic_Metallic.uasset" 4832
"C:/Users/j/Documents/GitHub/UnrealProject/Content/Virtual_Studio_Kit/Textures/Paragon/Heros_1024/Steel.uasset" 4833
"C:/Users/j/Documents/GitHub/UnrealProject/Content/Virtual_Studio_Kit/Textures/Mod_Stage_Light_01_Plastic_Emissive.uasset" 4834
"C:/Users/j/Documents/GitHub/UnrealProject/Content/Virtual_Studio_Kit/Textures/Brick_Wall_height.uasset" 4835
"C:/Users/j/Documents/GitHub/UnrealProject/Content/Virtual_Studio_Kit/Textures/Mod_Stage_Light_01_Plastic_BaseColor.uasset" 4836
"C:/Users/j/Documents/GitHub/UnrealProject/Content/Virtual_Studio_Kit/Textures/T_Wavy_NRM.uasset" 4837
"../../../Engine/Content/EngineMaterials/T_Default_Normal.uasset" 4838
"C:/Users/j/Documents/GitHub/UnrealProject/Content/Virtual_Studio_Kit/Textures/Corrugated_HAV_normal.uasset" 4839
"C:/Users/j/Documents/GitHub/UnrealProject/Content/Virtual_Studio_Kit/Materials/LEDWalls/Generic/T_Monitor_Template_Vertical.uasset" 4840
"C:/Users/j/Documents/GitHub/UnrealProject/Content/Virtual_Studio_Kit/Meshes/Props/SkyPanel/T_Arri_Sky_Panel_Low_Arri_Light_OcclusionRoughnessMetallic.uasset" 4841
"C:/Users/j/Documents/GitHub/UnrealProject/Content/Virtual_Studio_Kit/Textures/Corrugated_HAV_basecolor.uasset" 4842
"../../../Engine/Content/ArtTools/RenderToTexture/Textures/127grey.uasset" 4843
"C:/Users/j/Documents/GitHub/UnrealProject/Content/Virtual_Studio_Kit/Meshes/Props/Spotlight/T_Spotlight_Low_Plastic_OcclusionRoughnessMetallic.uasset" 4844
"C:/Users/j/Documents/GitHub/UnrealProject/Content/Virtual_Studio_Kit/Textures/Brick_Wall_normal.uasset" 4845
"C:/Users/j/Documents/GitHub/UnrealProject/Content/Virtual_Studio_Kit/Textures/Brick_Wall_basecolor.uasset" 4846
"C:/Users/j/Documents/GitHub/UnrealProject/Content/Virtual_Studio_Kit/Textures/Brick_Wall_ao.uasset" 4847
"../../../Engine/Content/Functions/Engine_MaterialFunctions02/Math/InverseTransformMatrix.uasset" 4848
"C:/Users/j/Documents/GitHub/UnrealProject/Content/Virtual_Studio_Kit/Materials/LEDWalls/Generic/T_Monitor_Template.uasset" 4849
"C:/Users/j/Documents/GitHub/UnrealProject/Content/Virtual_Studio_Kit/Meshes/Props/SkyPanel/T_Arri_Sky_Panel_Low_Arri_Light_Emissive.uasset" 4850
"C:/Users/j/Documents/GitHub/UnrealProject/Content/Virtual_Studio_Kit/Meshes/Props/SkyPanel/T_Arri_Sky_Panel_Low_Arri_Light_BaseColor.uasset" 4851
"C:/Users/j/Documents/GitHub/UnrealProject/Content/Virtual_Studio_Kit/Materials/LEDWalls/DesignA/Tex/T_Monitor_A_01.uasset" 4852
"C:/Users/j/Documents/GitHub/UnrealProject/Content/Virtual_Studio_Kit/Textures/Mod_Stage_Light_01_Plastic_Roughness.uasset" 4853
"../../../Engine/Content/EngineMaterials/DefaultNormal.uasset" 4854
"C:/Users/j/Documents/GitHub/UnrealProject/Content/Virtual_Studio_Kit/Textures/T_Ring_Light.uasset" 4855
"/Game/Virtual_Studio_Kit/Textures/Mod_Stage_Light_01_Plastic_Metallic" 4856
"C:/Users/j/Documents/GitHub/UnrealProject/Content/Virtual_Studio_Kit/Textures/Brick_Wall_roughness.uasset" 4857
"C:/Users/j/Documents/GitHub/UnrealProject/Content/Virtual_Studio_Kit/Meshes/Props/SkyPanel/T_Arri_Sky_Panel_Low_Arri_Light_Normal.uasset" 4858
"/Game/Virtual_Studio_Kit/Textures/Mod_Stage_Light_01_Plastic_Emissive" 4859
"/Game/Virtual_Studio_Kit/Textures/T_Grad_Square" 4860
"/Game/Virtual_Studio_Kit/Textures/Paragon/Heros_1024/Steel" 4861
"/Game/Virtual_Studio_Kit/Textures/Corrugated_HAV_roughness" 4862
"/Game/Virtual_Studio_Kit/Textures/Concrete_Floor_roughness" 4863
"/Game/Virtual_Studio_Kit/Textures/Concrete_Floor_basecolor" 4864
"/Game/Virtual_Studio_Kit/Textures/Concrete_Floor_normal" 4865
"C:/Users/j/Documents/GitHub/UnrealProject/Content/ParagonGideon/Characters/Global/MaterialLayers/T_TestML_Mask.uasset" 4866
"/Game/Virtual_Studio_Kit/Meshes/Props/Spotlight/T_Spotlight_Low_Plastic_OcclusionRoughnessMetallic" 4867
"/Game/Virtual_Studio_Kit/Textures/T_Ring_Light" 4868
"/Game/Virtual_Studio_Kit/Materials/LEDWalls/DesignA/Tex/T_Monitor_A_01" 4869
"/Game/Virtual_Studio_Kit/Meshes/Props/SkyPanel/T_Arri_Sky_Panel_Low_Arri_Light_BaseColor" 4870
"/Game/Virtual_Studio_Kit/Meshes/Props/SkyPanel/T_Arri_Sky_Panel_Low_Arri_Light_Normal" 4871
"/Game/Virtual_Studio_Kit/Meshes/Props/SkyPanel/T_Arri_Sky_Panel_Low_Arri_Light_Emissive" 4872
"/Game/Virtual_Studio_Kit/Meshes/Props/SkyPanel/T_Arri_Sky_Panel_Low_Arri_Light_OcclusionRoughnessMetallic" 4873
"/Game/Virtual_Studio_Kit/Materials/LEDWalls/Generic/T_Monitor_Template" 4874
"/Game/Virtual_Studio_Kit/Materials/LEDWalls/Generic/T_Monitor_Template_Vertical" 4875
"/Engine/EngineMaterials/T_Default_Normal" 4876
"/Engine/ArtTools/RenderToTexture/Textures/127grey" 4877
"/Game/Virtual_Studio_Kit/Textures/Brick_Wall_ao" 4878
"/Game/Virtual_Studio_Kit/Textures/Brick_Wall_normal" 4879
"/Game/Virtual_Studio_Kit/Textures/Brick_Wall_roughness" 4880
"/Engine/Functions/Engine_MaterialFunctions02/Math/InverseTransformMatrix" 4881
"/Game/Virtual_Studio_Kit/Textures/Brick_Wall_basecolor" 4882
"/Game/Virtual_Studio_Kit/Textures/Brick_Wall_height" 4883
"/Game/Virtual_Studio_Kit/Textures/T_Wavy_NRM" 4884
"/Game/Virtual_Studio_Kit/Textures/Mod_Stage_Light_01_Plastic_BaseColor" 4885
"/Game/Virtual_Studio_Kit/Textures/Mod_Stage_Light_01_Plastic_Roughness" 4886
"/Game/Virtual_Studio_Kit/Textures/Mod_Stage_Light_01_Plastic_Normal" 4887
"/Game/Virtual_Studio_Kit/Textures/Corrugated_HAV_basecolor" 4888
"/Game/Virtual_Studio_Kit/Textures/Corrugated_HAV_normal" 4889
"/Engine/EngineMaterials/DefaultNormal" 4890
"C:/Users/j/Documents/GitHub/UnrealProject/Content/ParagonGideon/Characters/Global/MaterialFunctions/Textures/Noise/T_AtmosphericCloudNoise01.uasset" 4891
"C:/Users/j/Documents/GitHub/UnrealProject/Content/ParagonGideon/Characters/Global/MaterialLayers/Rubber/T_Blank_N.uasset" 4892
"C:/Users/j/Documents/GitHub/UnrealProject/Content/ParagonGideon/Characters/Global/T_Black_Linear.uasset" 4893
"C:/Users/j/Documents/GitHub/UnrealProject/Content/ParagonGideon/Characters/Global/Eyes/Textures/T_EpicQuadPanorama_CC.uasset" 4894
"C:/Users/j/Documents/GitHub/UnrealProject/Content/ParagonGideon/Characters/Global/MaterialLayers/Skin/T_Pore_Specular.uasset" 4895
"C:/Users/j/Documents/GitHub/UnrealProject/Content/ParagonGideon/Characters/Global/Eyes/Textures/Example/T_Sphere_EYE_NORMALS.uasset" 4896
"C:/Users/j/Documents/GitHub/UnrealProject/Content/ParagonGideon/Characters/Global/Eyes/Textures/Example/T_EyeMidPlaneDisplacement_Example.uasset" 4897
"C:/Users/j/Documents/GitHub/UnrealProject/Content/ParagonGideon/Characters/Global/Hair/TestContent/T_HairClump02_Roots.uasset" 4898
"/Game/ParagonGideon/Characters/Global/MaterialFunctions/Textures/Noise/T_AtmosphericCloudNoise01" 4899
"C:/Users/j/Documents/GitHub/UnrealProject/Content/ParagonGideon/Characters/Global/MaterialFunctions/MF_ParagonCharacterHairWind.uasset" 4900
"C:/Users/j/Documents/GitHub/UnrealProject/Content/ParagonGideon/Characters/Global/MaterialFunctions/Textures/Noise/T_AtmosphericCloudNoise03.uasset" 4901
"../../../Engine/Content/Functions/Engine_MaterialFunctions02/TangentBasis.uasset" 4902
"C:/Users/j/Documents/GitHub/UnrealProject/Content/ParagonGideon/Characters/Global/Eyes/Textures/T_DecalMask_Radial03.uasset" 4903
"C:/Users/j/Documents/GitHub/UnrealProject/Content/ParagonGideon/Characters/Global/Hair/TestContent/T_HairClump02_Alpha.uasset" 4904
"C:/Users/j/Documents/GitHub/UnrealProject/Content/ParagonGideon/Characters/Global/Eyes/Textures/Example/SSP_EyeInner_Profile.uasset" 4905
"C:/Users/j/Documents/GitHub/UnrealProject/Content/ParagonGideon/Characters/Global/Eyes/Textures/Example/T_EyeIrisBaseColor_Example_2.uasset" 4906
"C:/Users/j/Documents/GitHub/UnrealProject/Content/ParagonGideon/Characters/Global/Hair/T_gradient_stasis.uasset" 4907
"C:/Users/j/Documents/GitHub/UnrealProject/Content/ParagonGideon/Characters/Global/MaterialLayers/Metal/T_Blue_Metal02.uasset" 4908
"C:/Users/j/Documents/GitHub/UnrealProject/Content/ParagonGideon/Characters/Global/Hair/T_Fire_Tiled_D.uasset" 4909
"C:/Users/j/Documents/GitHub/UnrealProject/Content/ParagonGideon/Characters/Global/MaterialLayers/Painted/T_Cream_Painted_Metal_N.uasset" 4910
"C:/Users/j/Documents/GitHub/UnrealProject/Content/ParagonGideon/Characters/Global/Mouth/Materials/SSP_TeethSubsurfaceProfile.uasset" 4911
"C:/Users/j/Documents/GitHub/UnrealProject/Content/ParagonGreystone/Characters/Global/Eyes/Textures/T_EpicQuadPanorama_CC.uasset" 4912
"C:/Users/j/Documents/GitHub/UnrealProject/Content/ParagonGideon/Characters/Global/Hair/T_Caustics_2.uasset" 4913
"C:/Users/j/Documents/GitHub/UnrealProject/Content/ParagonGideon/Characters/Global/Hair/Materials/MF_BlendHairColorsWithParam.uasset" 4914
"C:/Users/j/Documents/GitHub/UnrealProject/Content/ParagonGideon/Characters/Global/Eyes/Textures/T_Swirly_Noise.uasset" 4915
"C:/Users/j/Documents/GitHub/UnrealProject/Content/ParagonGideon/Characters/Global/Hair/TestContent/T_HairClump02_DyeMask.uasset" 4916
"C:/Users/j/Documents/GitHub/UnrealProject/Content/ParagonGideon/Characters/Global/MaterialFunctions/Textures/Noise/T_AtmosphericCloudNoise01_N.uasset" 4917
"C:/Users/j/Documents/GitHub/UnrealProject/Content/ParagonGideon/Characters/Global/Hair/TestContent/T_HairClump02_ID.uasset" 4918
"C:/Users/j/Documents/GitHub/UnrealProject/Content/ParagonGideon/Characters/Global/Hair/TestContent/T_HairClump02_Depth.uasset" 4919
"../../../Engine/Content/EditorMaterials/Cascade/CASC_Solo_On.uasset" 4920
"../../../Engine/Content/Functions/Engine_MaterialFunctions02/Math/MultiplyAdd.uasset" 4921
"/Game/ParagonGideon/Characters/Global/MaterialLayers/T_TestML_Mask" 4922
"C:/Users/j/Documents/GitHub/UnrealProject/Content/ParagonGreystone/Characters/Global/Eyes/Textures/T_DecalMask_Radial03.uasset" 4923
"C:/Users/j/Documents/GitHub/UnrealProject/Content/ParagonGreystone/Characters/Global/Eyes/Textures/Example/T_EYE_NORMALS.uasset" 4924
"/Game/ParagonGideon/Characters/Global/Hair/TestContent/T_HairClump02_ID" 4925
"/Game/ParagonGideon/Characters/Global/Hair/TestContent/T_HairClump02_DyeMask" 4926
"/Game/ParagonGideon/Characters/Global/Hair/TestContent/T_HairClump02_Alpha" 4927
"/Game/ParagonGideon/Characters/Global/Hair/T_Caustics_2" 4928
"/Game/ParagonGideon/Characters/Global/Hair/Materials/MF_BlendHairColorsWithParam" 4929
"/Game/ParagonGideon/Characters/Global/Hair/TestContent/T_HairClump02_Roots" 4930
"/Game/ParagonGideon/Characters/Global/MaterialFunctions/MF_ParagonCharacterHairWind" 4931
"/Game/ParagonGideon/Characters/Global/MaterialLayers/Painted/T_Cream_Painted_Metal_N" 4932
"/Game/ParagonGideon/Characters/Global/Mouth/Materials/SSP_TeethSubsurfaceProfile" 4933
"/Game/ParagonGideon/Characters/Global/Eyes/Textures/Example/T_Sphere_EYE_NORMALS" 4934
"/Game/ParagonGideon/Characters/Global/Eyes/Textures/T_Swirly_Noise" 4935
"/Game/ParagonGideon/Characters/Global/Eyes/Textures/T_EpicQuadPanorama_CC" 4936
"/Engine/Functions/Engine_MaterialFunctions02/TangentBasis" 4937
"/Game/ParagonGideon/Characters/Global/Eyes/Textures/T_DecalMask_Radial03" 4938
"/Game/ParagonGideon/Characters/Global/Eyes/Textures/Example/T_EyeIrisBaseColor_Example_2" 4939
"/Game/ParagonGideon/Characters/Global/Eyes/Textures/Example/T_EyeMidPlaneDisplacement_Example" 4940
"/Game/ParagonGideon/Characters/Global/Eyes/Textures/Example/SSP_EyeInner_Profile" 4941
"/Game/ParagonGideon/Characters/Global/T_Black_Linear" 4942
"/Game/ParagonGreystone/Characters/Global/Eyes/Textures/T_DecalMask_Radial03" 4943
"/Game/ParagonGideon/Characters/Global/MaterialLayers/Skin/T_Pore_Specular" 4944
"/Game/ParagonGideon/Characters/Global/MaterialLayers/Metal/T_Blue_Metal02" 4945
"/Game/ParagonGreystone/Characters/Global/Eyes/Textures/T_EpicQuadPanorama_CC" 4946
"/Game/ParagonGideon/Characters/Global/MaterialLayers/Rubber/T_Blank_N" 4947
"/Engine/EditorMaterials/Cascade/CASC_Solo_On" 4948
"/Engine/Functions/Engine_MaterialFunctions02/Math/MultiplyAdd" 4949
"/Game/ParagonGideon/Characters/Global/MaterialFunctions/Textures/Noise/T_AtmosphericCloudNoise03" 4950
"/Game/ParagonGideon/Characters/Global/MaterialFunctions/Textures/Noise/T_AtmosphericCloudNoise01_N" 4951
"/Game/ParagonGideon/Characters/Global/Hair/T_Fire_Tiled_D" 4952
"/Game/ParagonGideon/Characters/Global/Hair/T_gradient_stasis" 4953
"/Game/ParagonGideon/Characters/Global/Hair/TestContent/T_HairClump02_Depth" 4954
"/Game/ParagonGreystone/Characters/Global/Eyes/Textures/Example/T_EYE_NORMALS" 4955
"C:/Users/j/Documents/GitHub/UnrealProject/Content/ParagonGreystone/Characters/Global/Eyes/Textures/Example/T_EyeIrisBaseColor_Example_2.uasset" 4956
"C:/Users/j/Documents/GitHub/UnrealProject/Content/ParagonGreystone/Characters/Global/Eyes/Textures/T_Swirly_Noise.uasset" 4957
"C:/Users/j/Documents/GitHub/UnrealProject/Content/ParagonGreystone/Characters/Global/Hair/T_gradient_stasis.uasset" 4958
"C:/Users/j/Documents/GitHub/UnrealProject/Content/ParagonGreystone/Characters/Global/Eyes/Textures/Example/T_Eye_Wet_Normal.uasset" 4959
"C:/Users/j/Documents/GitHub/UnrealProject/Content/ParagonGreystone/Characters/Global/Hair/TestContent/T_HairClump02_DyeMask.uasset" 4960
"C:/Users/j/Documents/GitHub/UnrealProject/Content/ParagonGreystone/Characters/Global/Eyes/Textures/Example/T_EyeMidPlaneDisplacement_Example.uasset" 4961
"C:/Users/j/Documents/GitHub/UnrealProject/Content/ParagonGreystone/Characters/Global/Hair/TestContent/T_HairClump02_Roots.uasset" 4962
"C:/Users/j/Documents/GitHub/UnrealProject/Content/ParagonGreystone/Characters/Heroes/Greystone/Textures/T_Greystone_Fbx_Default_Material_7_EMask.uasset" 4963
"C:/Users/j/Documents/GitHub/UnrealProject/Content/ParagonGreystone/Characters/Heroes/Greystone/Textures/T_CloudSmoke_WispInk_Chromashift_Tile.uasset" 4964
"C:/Users/j/Documents/GitHub/UnrealProject/Content/ParagonGreystone/Characters/Global/Eyes/Textures/Example/SSP_EyeInner_Profile.uasset" 4965
"C:/Users/j/Documents/GitHub/UnrealProject/Content/ParagonGreystone/Characters/Global/MaterialFunctions/MF_ParagonCharacterHairWind.uasset" 4966
"C:/Users/j/Documents/GitHub/UnrealProject/Content/ParagonGreystone/Characters/Global/Eyelash/T_Universal_Eyelashes_D.uasset" 4967
"C:/Users/j/Documents/GitHub/UnrealProject/Content/ParagonGreystone/Characters/Global/MaterialLayers/Rubber/T_Blank_N.uasset" 4968
"C:/Users/j/Documents/GitHub/UnrealProject/Content/ParagonGreystone/Characters/Global/MaterialLayers/Metal/T_Blue_Metal02.uasset" 4969
"C:/Users/j/Documents/GitHub/UnrealProject/Content/ParagonGreystone/Characters/Global/MaterialLayers/T_TestML_Mask.uasset" 4970
"C:/Users/j/Documents/GitHub/UnrealProject/Content/ParagonGreystone/Characters/Global/Hair/T_Caustics_2.uasset" 4971
"C:/Users/j/Documents/GitHub/UnrealProject/Content/ParagonGreystone/Characters/Global/MaterialLayers/Metal/T_ML_Aluminum01_N.uasset" 4972
"C:/Users/j/Documents/GitHub/UnrealProject/Content/ParagonGreystone/Characters/Global/MaterialFunctions/Textures/Noise/T_AtmosphericCloudNoise01.uasset" 4973
"C:/Users/j/Documents/GitHub/UnrealProject/Content/ParagonGreystone/Characters/Global/Hair/T_Fire_Tiled_D.uasset" 4974
"C:/Users/j/Documents/GitHub/UnrealProject/Content/ParagonGreystone/Characters/Global/Hair/TestContent/T_HairClump02_Alpha.uasset" 4975
"C:/Users/j/Documents/GitHub/UnrealProject/Content/ParagonGreystone/Characters/Global/T_Black_Linear.uasset" 4976
"C:/Users/j/Documents/GitHub/UnrealProject/Content/ParagonGreystone/Characters/Global/Eyes/Textures/Example/T_EyeScleraBaseColor_Example_2.uasset" 4977
"C:/Users/j/Documents/GitHub/UnrealProject/Content/ParagonGreystone/Characters/Global/Hair/TestContent/T_HairClump02_Depth.uasset" 4978
"C:/Users/j/Documents/GitHub/UnrealProject/Content/ParagonGreystone/Characters/Heroes/Greystone/Textures/T_Vert_Gradient_Soft.uasset" 4979
"C:/Users/j/Documents/GitHub/UnrealProject/Content/ParagonGreystone/Characters/Global/MaterialLayers/Rock/T_HadriansWall_RockFaceTiling_N.uasset" 4980
"C:/Users/j/Documents/GitHub/UnrealProject/Content/ParagonGreystone/Characters/Global/MaterialLayers/Rock/T_TilingRock_A_D.uasset" 4981
"C:/Users/j/Documents/GitHub/UnrealProject/Content/ParagonGreystone/Characters/Global/MaterialLayers/Leather/T_Dark_Leather_N.uasset" 4982
"C:/Users/j/Documents/GitHub/UnrealProject/Content/ParagonGreystone/Characters/Global/MaterialLayers/Leather/T_leather_02.uasset" 4983
"C:/Users/j/Documents/GitHub/UnrealProject/Content/ParagonGreystone/Characters/Global/Eyes/Textures/Example/T_Sphere_EYE_NORMALS.uasset" 4984
"C:/Users/j/Documents/GitHub/UnrealProject/Content/ParagonGreystone/Characters/Global/Hair/Materials/MF_BlendHairColorsWithParam.uasset" 4985
"C:/Users/j/Documents/GitHub/UnrealProject/Content/ParagonGreystone/Characters/Global/MaterialLayers/Metal/T_Gray_Flat_Black.uasset" 4986
"C:/Users/j/Documents/GitHub/UnrealProject/Content/ParagonGreystone/Characters/Global/Hair/TestContent/T_HairClump02_ID.uasset" 4987
"/Game/ParagonGreystone/Characters/Global/MaterialLayers/Metal/T_ML_Aluminum01_N" 4988
"/Game/ParagonGreystone/Characters/Global/MaterialLayers/Metal/T_Gray_Flat_Black" 4989
"/Game/ParagonGreystone/Characters/Global/MaterialLayers/T_TestML_Mask" 4990
"/Game/ParagonGreystone/Characters/Global/MaterialLayers/Leather/T_leather_02" 4991
"/Game/ParagonGreystone/Characters/Global/MaterialLayers/Leather/T_Dark_Leather_N" 4992
"/Game/ParagonGreystone/Characters/Global/MaterialLayers/Metal/T_Blue_Metal02" 4993
"/Game/ParagonGreystone/Characters/Global/MaterialLayers/Rubber/T_Blank_N" 4994
"/Game/ParagonGreystone/Characters/Global/Eyelash/T_Universal_Eyelashes_D" 4995
"/Game/ParagonGreystone/Characters/Global/MaterialLayers/Rock/T_TilingRock_A_D" 4996
"/Game/ParagonGreystone/Characters/Heroes/Greystone/Textures/T_Vert_Gradient_Soft" 4997
"/Game/ParagonGreystone/Characters/Heroes/Greystone/Textures/T_CloudSmoke_WispInk_Chromashift_Tile" 4998
"/Game/ParagonGreystone/Characters/Global/MaterialLayers/Rock/T_HadriansWall_RockFaceTiling_N" 4999
"/Game/ParagonGreystone/Characters/Heroes/Greystone/Textures/T_Greystone_Fbx_Default_Material_7_EMask" 5000
"/Game/ParagonGreystone/Characters/Global/MaterialFunctions/MF_ParagonCharacterHairWind" 5001
"/Game/ParagonGreystone/Characters/Global/Hair/Materials/MF_BlendHairColorsWithParam" 5002
"/Game/ParagonGreystone/Characters/Global/Hair/TestContent/T_HairClump02_DyeMask" 5003
"/Game/ParagonGreystone/Characters/Global/Hair/TestContent/T_HairClump02_Depth" 5004
"/Game/ParagonGreystone/Characters/Global/Hair/T_Caustics_2" 5005
"/Game/ParagonGreystone/Characters/Global/Hair/T_gradient_stasis" 5006
"/Game/ParagonGreystone/Characters/Global/Hair/TestContent/T_HairClump02_Roots" 5007
"/Game/ParagonGreystone/Characters/Global/T_Black_Linear" 5008
"/Game/ParagonGreystone/Characters/Global/Hair/TestContent/T_HairClump02_Alpha" 5009
"/Game/ParagonGreystone/Characters/Global/Hair/TestContent/T_HairClump02_ID" 5010
"/Game/ParagonGreystone/Characters/Global/Hair/T_Fire_Tiled_D" 5011
"/Game/ParagonGreystone/Characters/Global/Eyes/Textures/Example/T_Eye_Wet_Normal" 5012
"/Game/ParagonGreystone/Characters/Global/Eyes/Textures/Example/T_Sphere_EYE_NORMALS" 5013
"/Game/ParagonGreystone/Characters/Global/Eyes/Textures/Example/SSP_EyeInner_Profile" 5014
"/Game/ParagonGreystone/Characters/Global/Eyes/Textures/Example/T_EyeScleraBaseColor_Example_2" 5015
"/Game/ParagonGreystone/Characters/Global/MaterialFunctions/Textures/Noise/T_AtmosphericCloudNoise01" 5016
"/Game/ParagonGreystone/Characters/Global/Eyes/Textures/Example/T_EyeMidPlaneDisplacement_Example" 5017
"/Game/ParagonGreystone/Characters/Global/Eyes/Textures/Example/T_EyeIrisBaseColor_Example_2" 5018
"/Game/ParagonGreystone/Characters/Global/Eyes/Textures/T_Swirly_Noise" 5019
"C:/Users/j/Documents/GitHub/UnrealProject/Content/ParagonGreystone/Characters/Global/MaterialLayers/Metal/T_ML_Gold_Metal01.uasset" 5020
"C:/Users/j/Documents/GitHub/UnrealProject/Content/ParagonGreystone/Characters/Heroes/Greystone/Textures/T_Plasma_Greystone_Seamless.uasset" 5021
"C:/Users/j/Documents/GitHub/UnrealProject/Content/ParagonGreystone/Characters/Global/Mouth/Materials/SSP_TeethSubsurfaceProfile.uasset" 5022
"C:/Users/j/Documents/GitHub/UnrealProject/Content/ParagonGreystone/Characters/Global/MaterialLayers/Fabric/T_HeavyFabric02_N.uasset" 5023
"C:/Users/j/Documents/GitHub/UnrealProject/Content/ParagonGreystone/Characters/Global/MaterialLayers/Skin/T_Pore_Specular.uasset" 5024
"../../../Engine/Content/EngineMaterials/FlatNormal.uasset" 5025
"C:/Users/j/Documents/GitHub/UnrealProject/Content/ParagonAurora/Characters/Global/MaterialLayers/Events/WinterHoliday2016/T_Snow_Crystals_N.uasset" 5026
"C:/Users/j/Documents/GitHub/UnrealProject/Content/ParagonAurora/Characters/Global/T_Black_Linear.uasset" 5027
"C:/Users/j/Documents/GitHub/UnrealProject/Content/ParagonGreystone/Characters/Global/Mouth/Textures/T_Master_Mouth_1_COLOR.uasset" 5028
"C:/Users/j/Documents/GitHub/UnrealProject/Content/ParagonAurora/Characters/Global/MaterialLayers/Special/T_Metal_Lights_S.uasset" 5029
"C:/Users/j/Documents/GitHub/UnrealProject/Content/ParagonAurora/Characters/Global/MaterialLayers/Special/T_Noise_Naki2.uasset" 5030
"C:/Users/j/Documents/GitHub/UnrealProject/Content/ParagonAurora/Characters/Global/MaterialLayers/Metal/T_Blue_Metal02.uasset" 5031
"C:/Users/j/Documents/GitHub/UnrealProject/Content/ParagonAurora/Characters/Global/MaterialLayers/Special/T_Aurora_Noise_N.uasset" 5032
"C:/Users/j/Documents/GitHub/UnrealProject/Content/ParagonAurora/Characters/Global/MaterialLayers/Special/T_Noise_Water.uasset" 5033
"C:/Users/j/Documents/GitHub/UnrealProject/Content/ParagonGreystone/Characters/Global/Mouth/Textures/T_Master_Mouth_1_N.uasset" 5034
"C:/Users/j/Documents/GitHub/UnrealProject/Content/ParagonAurora/Characters/Global/MaterialLayers/T_TestML_Mask.uasset" 5035
"C:/Users/j/Documents/GitHub/UnrealProject/Content/ParagonAurora/Characters/Global/MaterialLayers/Rubber/T_Blank_N.uasset" 5036
"C:/Users/j/Documents/GitHub/UnrealProject/Content/ParagonAurora/Characters/Global/MaterialLayers/Events/WinterHoliday2016/T_Snow_Crystals_MASK.uasset" 5037
"C:/Users/j/Documents/GitHub/UnrealProject/Content/ParagonGreystone/Characters/Global/MaterialLayers/Fabric/T_HeavyFabric02.uasset" 5038
"C:/Users/j/Documents/GitHub/UnrealProject/Content/ParagonGreystone/Characters/Global/Eyes/Textures/SSP_TearDuctSubsurfaceProfile.uasset" 5039
"C:/Users/j/Documents/GitHub/UnrealProject/Content/ParagonAurora/Characters/Global/MaterialFunctions/Textures/Noise/T_AtmosphericCloudNoise01.uasset" 5040
"C:/Users/j/Documents/GitHub/UnrealProject/Content/ParagonGreystone/Characters/Global/Eyes/Textures/T_Eye_Tearduct__normals2.uasset" 5041
"C:/Users/j/Documents/GitHub/UnrealProject/Content/ParagonGreystone/Characters/Global/MaterialFunctions/Textures/Noise/T_AtmosphericCloudNoise01_N.uasset" 5042
"C:/Users/j/Documents/GitHub/UnrealProject/Content/ParagonAurora/Characters/Global/MaterialFunctions/Textures/Noise/T_AtmosphericCloudNoise03.uasset" 5043
"C:/Users/j/Documents/GitHub/UnrealProject/Content/ParagonGreystone/Characters/Global/MaterialLayers/Metal/T_Blank_N.uasset" 5044
"C:/Users/j/Documents/GitHub/UnrealProject/Content/ParagonAurora/Characters/Global/MaterialLayers/Special/T_AuroraVeins.uasset" 5045
"C:/Users/j/Documents/GitHub/UnrealProject/Content/ParagonGreystone/Characters/Global/MaterialLayers/Skin/T_Pore_Normals2.uasset" 5046
"C:/Users/j/Documents/GitHub/UnrealProject/Content/ParagonAurora/Characters/Global/MaterialLayers/Leather/T_ML_FineLeather01_N.uasset" 5047
"C:/Users/j/Documents/GitHub/UnrealProject/Content/ParagonAurora/Characters/Global/MaterialLayers/Metal/T_ML_Aluminum_01_N.uasset" 5048
"C:/Users/j/Documents/GitHub/UnrealProject/Content/ParagonAurora/Characters/Global/MaterialFunctions/Textures/Noise/T_AtmosphericCloudNoise01_N.uasset" 5049
"C:/Users/j/Documents/GitHub/UnrealProject/Content/ParagonGreystone/Characters/Global/Mouth/Textures/T_Master_Mouth_1_RGB.uasset" 5050
"C:/Users/j/Documents/GitHub/UnrealProject/Content/ParagonGreystone/Characters/Global/MaterialLayers/Fabric/T_UnpleasentGrime_D.uasset" 5051
"/Game/ParagonAurora/Characters/Global/MaterialFunctions/Textures/Noise/T_AtmosphericCloudNoise03" 5052
"/Game/ParagonAurora/Characters/Global/MaterialFunctions/Textures/Noise/T_AtmosphericCloudNoise01" 5053
"/Game/ParagonAurora/Characters/Global/MaterialFunctions/Textures/Noise/T_AtmosphericCloudNoise01_N" 5054
"/Game/ParagonAurora/Characters/Global/MaterialLayers/Metal/T_ML_Aluminum_01_N" 5055
"/Game/ParagonAurora/Characters/Global/MaterialLayers/T_TestML_Mask" 5056
"/Game/ParagonAurora/Characters/Global/MaterialLayers/Special/T_Noise_Water" 5057
"/Game/ParagonAurora/Characters/Global/MaterialLayers/Special/T_Aurora_Noise_N" 5058
"/Game/ParagonAurora/Characters/Global/MaterialLayers/Leather/T_ML_FineLeather01_N" 5059
"/Game/ParagonAurora/Characters/Global/MaterialLayers/Special/T_Metal_Lights_S" 5060
"/Game/ParagonAurora/Characters/Global/MaterialLayers/Special/T_AuroraVeins" 5061
"/Game/ParagonAurora/Characters/Global/MaterialLayers/Special/T_Noise_Naki2" 5062
"/Game/ParagonAurora/Characters/Global/T_Black_Linear" 5063
"/Game/ParagonAurora/Characters/Global/MaterialLayers/Metal/T_Blue_Metal02" 5064
"/Game/ParagonAurora/Characters/Global/MaterialLayers/Rubber/T_Blank_N" 5065
"/Game/ParagonAurora/Characters/Global/MaterialLayers/Events/WinterHoliday2016/T_Snow_Crystals_MASK" 5066
"/Game/ParagonAurora/Characters/Global/MaterialLayers/Events/WinterHoliday2016/T_Snow_Crystals_N" 5067
"/Game/ParagonGreystone/Characters/Global/MaterialLayers/Skin/T_Pore_Normals2" 5068
"/Game/ParagonGreystone/Characters/Global/MaterialLayers/Skin/T_Pore_Specular" 5069
"/Game/ParagonGreystone/Characters/Global/Eyes/Textures/SSP_TearDuctSubsurfaceProfile" 5070
"/Game/ParagonGreystone/Characters/Global/Eyes/Textures/T_Eye_Tearduct__normals2" 5071
"/Game/ParagonGreystone/Characters/Global/MaterialLayers/Fabric/T_UnpleasentGrime_D" 5072
"/Game/ParagonGreystone/Characters/Global/MaterialLayers/Fabric/T_HeavyFabric02_N" 5073
"/Game/ParagonGreystone/Characters/Global/MaterialLayers/Fabric/T_HeavyFabric02" 5074
"/Engine/EngineMaterials/FlatNormal" 5075
"/Game/ParagonGreystone/Characters/Global/Mouth/Textures/T_Master_Mouth_1_RGB" 5076
"/Game/ParagonGreystone/Characters/Global/Mouth/Textures/T_Master_Mouth_1_COLOR" 5077
"/Game/ParagonGreystone/Characters/Global/Mouth/Textures/T_Master_Mouth_1_N" 5078
"/Game/ParagonGreystone/Characters/Global/Mouth/Materials/SSP_TeethSubsurfaceProfile" 5079
"/Game/ParagonGreystone/Characters/Heroes/Greystone/Textures/T_Plasma_Greystone_Seamless" 5080
"/Game/ParagonGreystone/Characters/Global/MaterialLayers/Metal/T_Blank_N" 5081
"/Game/ParagonGreystone/Characters/Global/MaterialLayers/Metal/T_ML_Gold_Metal01" 5082
"/Game/ParagonGreystone/Characters/Global/MaterialFunctions/Textures/Noise/T_AtmosphericCloudNoise01_N" 5083
"C:/Users/j/Documents/GitHub/UnrealProject/Content/ParagonAurora/Characters/Global/MaterialLayers/Special/T_LightFrost.uasset" 5084
"C:/Users/j/Documents/GitHub/UnrealProject/Content/ParagonAurora/Characters/Global/MaterialLayers/Special/T_LightFrost_Blurred_NRM.uasset" 5085
"C:/Users/j/Documents/GitHub/UnrealProject/Content/ParagonAurora/Characters/Global/MaterialLayers/Rock/Details/T_RockSmooth0074_1_XL_H.uasset" 5086
"C:/Users/j/Documents/GitHub/UnrealProject/Content/ParagonAurora/Characters/Heroes/Aurora/Textures/T_Aurora_Normal_BODY.uasset" 5087
"C:/Users/j/Documents/GitHub/UnrealProject/Content/ParagonAurora/Characters/Global/Mouth/Textures/T_Master_Mouth_1_N.uasset" 5088
"C:/Users/j/Documents/GitHub/UnrealProject/Content/ParagonAurora/Characters/Global/MaterialLayers/Skin/T_Pore_Normals2.uasset" 5089
"C:/Users/j/Documents/GitHub/UnrealProject/Content/ParagonAurora/Characters/Global/Mouth/Textures/T_Master_Mouth_1_RGB.uasset" 5090
"C:/Users/j/Documents/GitHub/UnrealProject/Content/ParagonAurora/Characters/Global/Eyelash/T_Aurora_Eyelashes_D.uasset" 5091
"C:/Users/j/Documents/GitHub/UnrealProject/Content/ParagonAurora/Characters/Global/Eyelash/T_Aurora_Eyelashes_N.uasset" 5092
"C:/Users/j/Documents/GitHub/UnrealProject/Content/ParagonAurora/Characters/Global/MaterialLayers/Special/T_Aurora_Crystal_N_01.uasset" 5093
"C:/Users/j/Documents/GitHub/UnrealProject/Content/ParagonAurora/Characters/Global/Eyes/Textures/T_DecalMask_Radial03.uasset" 5094
"/Game/ParagonAurora/Characters/Global/MaterialLayers/Special/T_LightFrost" 5095
"C:/Users/j/Documents/GitHub/UnrealProject/Content/ParagonAurora/Characters/Global/MaterialLayers/Metal/T_Metal_Precious_Old_N.uasset" 5096
"C:/Users/j/Documents/GitHub/UnrealProject/Content/ParagonAurora/Characters/Global/Eyes/Textures/Example/T_Eye_Wet_Normal.uasset" 5097
"C:/Users/j/Documents/GitHub/UnrealProject/Content/ParagonAurora/Characters/Global/Mouth/Textures/T_Master_Mouth_1_COLOR.uasset" 5098
"C:/Users/j/Documents/GitHub/UnrealProject/Content/ParagonAurora/Characters/Global/Eyes/Textures/Example/T_EYE_NORMALS.uasset" 5099
"C:/Users/j/Documents/GitHub/UnrealProject/Content/ParagonAurora/Characters/Global/FX/Textures/Coords/T_LinearUVs.uasset" 5100
"C:/Users/j/Documents/GitHub/UnrealProject/Content/ParagonAurora/Characters/Global/MaterialLayers/Metal/T_Metal_Precious_Old_RGBA.uasset" 5101
"C:/Users/j/Documents/GitHub/UnrealProject/Content/ParagonAurora/Characters/Global/Eyes/Textures/Example/T_EyeScleraBaseColor_Example_2.uasset" 5102
"C:/Users/j/Documents/GitHub/UnrealProject/Content/ParagonAurora/Characters/Global/Eyes/Textures/Example/T_EyeMidPlaneDisplacement_Example.uasset" 5103
"C:/Users/j/Documents/GitHub/UnrealProject/Content/ParagonAurora/Characters/Global/Eyes/Textures/T_Swirly_Noise.uasset" 5104
"C:/Users/j/Documents/GitHub/UnrealProject/Content/ParagonAurora/Characters/Global/MaterialLayers/Special/T_Aurora_Crystal_S_01.uasset" 5105
"C:/Users/j/Documents/GitHub/UnrealProject/Content/ParagonAurora/Characters/Global/Hair/TestContent/T_HairClump02_Alpha.uasset" 5106
"C:/Users/j/Documents/GitHub/UnrealProject/Content/ParagonAurora/Characters/Global/Eyes/Textures/Example/T_EyeIrisBaseColor_Example_2.uasset" 5107
"C:/Users/j/Documents/GitHub/UnrealProject/Content/ParagonAurora/Characters/Global/MaterialLayers/Special/T_Glacier_Cap_N.uasset" 5108
"C:/Users/j/Documents/GitHub/UnrealProject/Content/ParagonAurora/Characters/Global/MaterialLayers/Skin/T_Pore_Specular.uasset" 5109
"C:/Users/j/Documents/GitHub/UnrealProject/Content/ParagonAurora/Characters/Global/Mouth/Materials/SSP_TeethSubsurfaceProfile.uasset" 5110
"C:/Users/j/Documents/GitHub/UnrealProject/Content/ParagonAurora/Characters/Global/Eyes/Textures/Example/T_Sphere_EYE_NORMALS.uasset" 5111
"C:/Users/j/Documents/GitHub/UnrealProject/Content/ParagonAurora/Characters/Global/MaterialLayers/Rock/MaterialLayers/T_Crunchy_2_D.uasset" 5112
"C:/Users/j/Documents/GitHub/UnrealProject/Content/ParagonAurora/Characters/Global/T_EpicQuadPanorama_CC.uasset" 5113
"C:/Users/j/Documents/GitHub/UnrealProject/Content/ParagonAurora/Characters/Global/MaterialLayers/Special/T_Noise_Anisotropic.uasset" 5114
"C:/Users/j/Documents/GitHub/UnrealProject/Content/ParagonAurora/Characters/Global/Eyes/Textures/Example/SSP_EyeInner_Profile.uasset" 5115
"C:/Users/j/Documents/GitHub/UnrealProject/Content/ParagonAurora/Characters/Global/Hair/TestContent/T_HairClump02_DyeMask.uasset" 5116
"/Game/ParagonAurora/Characters/Global/Eyes/Textures/T_Swirly_Noise" 5117
"/Game/ParagonAurora/Characters/Global/Eyes/Textures/Example/T_EyeMidPlaneDisplacement_Example" 5118
"/Game/ParagonAurora/Characters/Global/Eyes/Textures/Example/T_EyeIrisBaseColor_Example_2" 5119
"/Game/ParagonAurora/Characters/Global/Eyes/Textures/Example/T_EYE_NORMALS" 5120
"/Game/ParagonAurora/Characters/Global/Eyes/Textures/Example/T_Eye_Wet_Normal" 5121
"/Game/ParagonAurora/Characters/Global/Eyes/Textures/T_DecalMask_Radial03" 5122
"/Game/ParagonAurora/Characters/Global/Eyes/Textures/Example/T_EyeScleraBaseColor_Example_2" 5123
"/Game/ParagonAurora/Characters/Global/Eyelash/T_Aurora_Eyelashes_D" 5124
"/Game/ParagonAurora/Characters/Global/Eyelash/T_Aurora_Eyelashes_N" 5125
"/Game/ParagonAurora/Characters/Global/Mouth/Materials/SSP_TeethSubsurfaceProfile" 5126
"/Game/ParagonAurora/Characters/Global/Mouth/Textures/T_Master_Mouth_1_RGB" 5127
"/Game/ParagonAurora/Characters/Global/Mouth/Textures/T_Master_Mouth_1_N" 5128
"/Game/ParagonAurora/Characters/Global/Mouth/Textures/T_Master_Mouth_1_COLOR" 5129
"/Game/ParagonAurora/Characters/Global/MaterialLayers/Metal/T_Metal_Precious_Old_RGBA" 5130
"/Game/ParagonAurora/Characters/Global/MaterialLayers/Metal/T_Metal_Precious_Old_N" 5131
"/Game/ParagonAurora/Characters/Heroes/Aurora/Textures/T_Aurora_Normal_BODY" 5132
"/Game/ParagonAurora/Characters/Global/MaterialLayers/Skin/T_Pore_Normals2" 5133
"/Game/ParagonAurora/Characters/Global/MaterialLayers/Special/T_Glacier_Cap_N" 5134
"/Game/ParagonAurora/Characters/Global/MaterialLayers/Rock/Details/T_RockSmooth0074_1_XL_H" 5135
"/Game/ParagonAurora/Characters/Global/MaterialLayers/Special/T_Aurora_Crystal_N_01" 5136
"/Game/ParagonAurora/Characters/Global/MaterialLayers/Rock/MaterialLayers/T_Crunchy_2_D" 5137
"/Game/ParagonAurora/Characters/Global/MaterialLayers/Special/T_Aurora_Crystal_S_01" 5138
"/Game/ParagonAurora/Characters/Global/MaterialLayers/Special/T_LightFrost_Blurred_NRM" 5139
"/Game/ParagonAurora/Characters/Global/FX/Textures/Coords/T_LinearUVs" 5140
"C:/Users/j/Documents/GitHub/UnrealProject/Content/ParagonAurora/Characters/Global/Hair/TestContent/T_HairClump02_Depth.uasset" 5141
"C:/Users/j/Documents/GitHub/UnrealProject/Content/ParagonAurora/Characters/Global/Hair/TestContent/T_HairClump02_Roots.uasset" 5142
"C:/Users/j/Documents/GitHub/UnrealProject/Content/ParagonAurora/Characters/Global/Hair/TestContent/T_HairClump02_ID.uasset" 5143
"C:/Users/j/Documents/GitHub/UnrealProject/Content/ParagonAurora/Characters/Global/FX/Textures/Water/T_Caustics_2.uasset" 5144
"C:/Users/j/Documents/GitHub/UnrealProject/Content/ParagonAurora/Characters/Global/Hair/Materials/MF_BlendHairColorsWithParam.uasset" 5145
"C:/Users/j/Documents/GitHub/UnrealProject/Content/ParagonAurora/Characters/Global/MaterialLayers/Fabric/T_ML_Cloth_D.uasset" 5146
"C:/Users/j/Documents/GitHub/UnrealProject/Content/ParagonAurora/Characters/Global/MaterialFunctions/MF_ParagonCharacterHairWind.uasset" 5147
"C:/Users/j/Documents/GitHub/UnrealProject/Content/ParagonAurora/Characters/Global/MaterialLayers/Special/T_StarTile_Sine.uasset" 5148
"C:/Users/j/Documents/GitHub/UnrealProject/Content/ParagonAurora/Characters/Global/MaterialLayers/Rock/Textures/T_GDC_StonePath_Tile_N.uasset" 5149
"C:/Users/j/Documents/GitHub/UnrealProject/Content/Blood_Magic/Textures/T_Blood_Magic_Splash1.uasset" 5150
"C:/Users/j/Documents/GitHub/UnrealProject/Content/ParagonAurora/Characters/Global/FX/Textures/Gradients/Masks/T_gradient_stasis.uasset" 5151
"../../../Engine/Content/Functions/Engine_MaterialFunctions02/Texturing/WorldPositionWithScale.uasset" 5152
"C:/Users/j/Documents/GitHub/UnrealProject/Content/ParagonAurora/Characters/Global/PDO_Sheets/MF_ScaleStepsByDistance.uasset" 5153
"C:/Users/j/Documents/GitHub/UnrealProject/Content/ParagonAurora/Characters/Global/PDO_Sheets/MPC/MPC_POM.uasset" 5154
"../../../Engine/Content/Functions/Engine_MaterialFunctions02/Math/Pi.uasset" 5155
"C:/Users/j/Documents/GitHub/UnrealProject/Content/__GroundAttackVFX/_GenericSource/Texture/T_Vfx_Circle_Stick.uasset" 5156
"C:/Users/j/Documents/GitHub/UnrealProject/Content/__GroundAttackVFX/_GenericSource/Texture/T_Vfx_Cubemap_Crystal.uasset" 5157
"C:/Users/j/Documents/GitHub/UnrealProject/Content/ParagonAurora/Characters/Global/MaterialLayers/Painted/T_NormalFlake.uasset" 5158
"C:/Users/j/Documents/GitHub/UnrealProject/Content/ParagonAurora/Characters/Global/MaterialFunctions/MF_PDO_QualitySwitch.uasset" 5159
"C:/Users/j/Documents/GitHub/UnrealProject/Content/ParagonAurora/Characters/Global/MaterialLayers/Terrain/MaterialLayers/T_GDC_StonePath_Tile_H.uasset" 5160
"C:/Users/j/Documents/GitHub/UnrealProject/Content/ParagonAurora/Characters/Global/MaterialLayers/Fabric/T_GoldFabric01_N.uasset" 5161
"/Game/ParagonAurora/Characters/Global/Hair/TestContent/T_HairClump02_DyeMask" 5162
"C:/Users/j/Documents/GitHub/UnrealProject/Content/__GroundAttackVFX/_GenericSource/Texture/T_Vfx_Noise_Cell03.uasset" 5163
"C:/Users/j/Documents/GitHub/UnrealProject/Content/ParagonAurora/Characters/Global/Hair/T_Fire_Tiled_D.uasset" 5164
"C:/Users/j/Documents/GitHub/UnrealProject/Content/__GroundAttackVFX/_GenericSource/Texture/T_Vfx_Normal_Rock.uasset" 5165
"C:/Users/j/Documents/GitHub/UnrealProject/Content/ParagonAurora/Characters/Global/MaterialLayers/Special/T_Stars_Tile.uasset" 5166
"/Game/ParagonAurora/Characters/Global/Hair/TestContent/T_HairClump02_Alpha" 5167
"/Game/ParagonAurora/Characters/Global/Eyes/Textures/Example/SSP_EyeInner_Profile" 5168
"/Game/ParagonAurora/Characters/Global/Eyes/Textures/Example/T_Sphere_EYE_NORMALS" 5169
"/Game/ParagonAurora/Characters/Global/T_EpicQuadPanorama_CC" 5170
"/Game/ParagonAurora/Characters/Global/Hair/TestContent/T_HairClump02_ID" 5171
"/Game/ParagonAurora/Characters/Global/MaterialLayers/Skin/T_Pore_Specular" 5172
"/Game/ParagonAurora/Characters/Global/MaterialLayers/Special/T_Noise_Anisotropic" 5173
"/Game/ParagonAurora/Characters/Global/Hair/TestContent/T_HairClump02_Depth" 5174
"../../../Engine/Content/Functions/Engine_MaterialFunctions02/Fresnel_Function.uasset" 5175
"C:/Users/j/Documents/GitHub/UnrealProject/Content/__GroundAttackVFX/_GenericSource/Material/MF/MF_TazoPow.uasset" 5176
"C:/Users/j/Documents/GitHub/UnrealProject/Content/__GroundAttackVFX/_GenericSource/Texture/T_Vfx_Stamp_firestand_88.uasset" 5177
"C:/Users/j/Documents/GitHub/UnrealProject/Content/__GroundAttackVFX/_GenericSource/Texture/T_Vfx_Stamp_OnmiLightning_44.uasset" 5178
"C:/Users/j/Documents/GitHub/UnrealProject/Content/__GroundAttackVFX/_GenericSource/Texture/T_Vfx_stamp_fog4_88.uasset" 5179
"/Game/__GroundAttackVFX/_GenericSource/Texture/T_Vfx_Cubemap_Crystal" 5180
"C:/Users/j/Documents/GitHub/UnrealProject/Content/__GroundAttackVFX/_GenericSource/Texture/T_Vfx_UVS_gale.uasset" 5181
"../../../Engine/Content/Functions/Engine_MaterialFunctions02/Utility/AppendMany.uasset" 5182
"/Game/__GroundAttackVFX/_GenericSource/Texture/T_Vfx_Noise_Cell03" 5183
"/Engine/Functions/Engine_MaterialFunctions02/Math/Pi" 5184
"/Game/__GroundAttackVFX/_GenericSource/Texture/T_Vfx_Circle_Stick" 5185
"/Engine/Functions/Engine_MaterialFunctions02/Texturing/WorldPositionWithScale" 5186
"/Game/Blood_Magic/Textures/T_Blood_Magic_Splash1" 5187
"/Game/ParagonAurora/Characters/Global/MaterialLayers/Special/T_StarTile_Sine" 5188
"/Game/ParagonAurora/Characters/Global/MaterialLayers/Special/T_Stars_Tile" 5189
"/Game/ParagonAurora/Characters/Global/MaterialLayers/Painted/T_NormalFlake" 5190
"/Game/ParagonAurora/Characters/Global/PDO_Sheets/MPC/MPC_POM" 5191
"/Game/ParagonAurora/Characters/Global/MaterialFunctions/MF_PDO_QualitySwitch" 5192
"/Game/ParagonAurora/Characters/Global/MaterialLayers/Terrain/MaterialLayers/T_GDC_StonePath_Tile_H" 5193
"/Game/ParagonAurora/Characters/Global/PDO_Sheets/MF_ScaleStepsByDistance" 5194
"/Game/ParagonAurora/Characters/Global/MaterialLayers/Rock/Textures/T_GDC_StonePath_Tile_N" 5195
"/Game/ParagonAurora/Characters/Global/MaterialLayers/Fabric/T_ML_Cloth_D" 5196
"/Game/ParagonAurora/Characters/Global/MaterialLayers/Fabric/T_GoldFabric01_N" 5197
"/Game/ParagonAurora/Characters/Global/Hair/T_Fire_Tiled_D" 5198
"/Game/ParagonAurora/Characters/Global/FX/Textures/Water/T_Caustics_2" 5199
"/Game/ParagonAurora/Characters/Global/MaterialFunctions/MF_ParagonCharacterHairWind" 5200
"/Game/ParagonAurora/Characters/Global/FX/Textures/Gradients/Masks/T_gradient_stasis" 5201
"/Game/ParagonAurora/Characters/Global/Hair/Materials/MF_BlendHairColorsWithParam" 5202
"/Game/ParagonAurora/Characters/Global/Hair/TestContent/T_HairClump02_Roots" 5203
"/Game/__GroundAttackVFX/_GenericSource/Texture/T_Vfx_Normal_Rock" 5204
"C:/Users/j/Documents/GitHub/UnrealProject/Content/__GroundAttackVFX/_GenericSource/Texture/T_Vfx_Stuff_Rock02_N.uasset" 5205
"C:/Users/j/Documents/GitHub/UnrealProject/Content/Aura_Character/Resource/ColorCurve/CC_Aura_04.uasset" 5206
"C:/Users/j/Documents/GitHub/UnrealProject/Content/Aura_Character/Resource/ColorCurve/CC_Aura_03.uasset" 5207
"C:/Users/j/Documents/GitHub/UnrealProject/Content/Aura_Character/Resource/ColorCurve/CC_Aura_05.uasset" 5208
"../../../Engine/Content/MapTemplates/TilingNoise05.uasset" 5209
"../../../Engine/Content/EngineMaterials/BlendFunc_DefBlend.uasset" 5210
"C:/Users/j/Documents/GitHub/UnrealProject/Content/Aura_Character/Resource/ColorCurve/CC_Aura_01.uasset" 5211
"C:/Users/j/Documents/GitHub/UnrealProject/Content/AdvancedPortalsSystemVFX/Textures/LC/T_LC_23.uasset" 5212
"/Game/__GroundAttackVFX/_GenericSource/Texture/T_Vfx_Stamp_OnmiLightning_44" 5213
"C:/Users/j/Documents/GitHub/UnrealProject/Content/ParagonSteel/Characters/Global/MaterialLayers/T_TestML_Mask.uasset" 5214
"C:/Users/j/Documents/GitHub/UnrealProject/Content/ParagonSteel/Characters/Global/MaterialFunctions/Textures/T_AtmosphericCloudNoise01.uasset" 5215
"C:/Users/j/Documents/GitHub/UnrealProject/Content/ParagonSteel/Characters/Global/MaterialFunctions/Textures/T_AtmosphericCloudNoise01_N.uasset" 5216
"C:/Users/j/Documents/GitHub/UnrealProject/Content/ParagonSteel/Characters/Global/MaterialFunctions/Textures/T_AtmosphericCloudNoise03.uasset" 5217
"C:/Users/j/Documents/GitHub/UnrealProject/Content/ParagonSteel/Characters/Global/MaterialLayers/Rubber/T_Blank_N.uasset" 5218
"C:/Users/j/Documents/GitHub/UnrealProject/Content/IceMagicSkill_v01/Resource/Texture/T_Pivot_Layout.uasset" 5219
"C:/Users/j/Documents/GitHub/UnrealProject/Content/ParagonSteel/Characters/Global/Eyes/Textures/Example/SSP_EyeInner_Profile.uasset" 5220
"../../../Engine/Content/Functions/Engine_MaterialFunctions01/ImageAdjustment/SCurve.uasset" 5221
"../../../Engine/Content/OpenWorldTemplate/LandscapeMaterial/T_GridChecker_A.uasset" 5222
"C:/Users/j/Documents/GitHub/UnrealProject/Content/ParagonSteel/Characters/Global/Eyes/Textures/Example/T_Sphere_EYE_NORMALS.uasset" 5223
"C:/Users/j/Documents/GitHub/UnrealProject/Content/ParagonSteel/Characters/Global/Eyes/Textures/T_EpicQuadPanorama_CC.uasset" 5224
"C:/Users/j/Documents/GitHub/UnrealProject/Content/ParagonSteel/Characters/Global/MaterialLayers/Metal/T_Blue_Metal02.uasset" 5225
"C:/Users/j/Documents/GitHub/UnrealProject/Content/__GroundAttackVFX/_GenericSource/Texture/T_Vfx_Stuff_Rock02_D.uasset" 5226
"../../../Engine/Content/EngineMaterials/BlendFunc_DefBase.uasset" 5227
"C:/Users/j/Documents/GitHub/UnrealProject/Content/ParagonSteel/Characters/Global/T_Black_Linear.uasset" 5228
"C:/Users/j/Documents/GitHub/UnrealProject/Content/ParagonSteel/Characters/Global/Eyes/Textures/T_DecalMask_Radial03.uasset" 5229
"C:/Users/j/Documents/GitHub/UnrealProject/Content/Aura_Character/Resource/ColorCurve/CC_Aura_3.uasset" 5230
"/Game/__GroundAttackVFX/_GenericSource/Texture/T_Vfx_UVS_gale" 5231
"/Game/__GroundAttackVFX/_GenericSource/Material/MF/MF_TazoPow" 5232
"/Game/__GroundAttackVFX/_GenericSource/Texture/T_Vfx_Stamp_firestand_88" 5233
"/Game/__GroundAttackVFX/_GenericSource/Texture/T_Vfx_stamp_fog4_88" 5234
"/Engine/Functions/Engine_MaterialFunctions02/Fresnel_Function" 5235
"/Game/Aura_Character/Resource/ColorCurve/CC_Aura_04" 5236
"/Engine/Functions/Engine_MaterialFunctions02/Utility/AppendMany" 5237
"C:/Users/j/Documents/GitHub/UnrealProject/Content/ParagonSteel/Characters/Global/Eyes/Textures/T_Swirly_Noise.uasset" 5238
"C:/Users/j/Documents/GitHub/UnrealProject/Content/ParagonSteel/Characters/Global/Eyes/Textures/Example/T_EyeIrisBaseColor_Example_2.uasset" 5239
"C:/Users/j/Documents/GitHub/UnrealProject/Content/ParagonSteel/Characters/Global/MaterialFunctions/Textures/T_TilingNoise03.uasset" 5240
"C:/Users/j/Documents/GitHub/UnrealProject/Content/ParagonSteel/Characters/Global/Eyes/Textures/Example/T_EyeMidPlaneDisplacement_Example.uasset" 5241
"../../../Engine/Content/EngineVolumetrics/Fogsheet/Materials/T_EV_BlankWhite_01.uasset" 5242
"/Game/ParagonSteel/Characters/Global/Eyes/Textures/T_EpicQuadPanorama_CC" 5243
"C:/Users/j/Documents/GitHub/UnrealProject/Content/ParagonSteel/Characters/Heroes/Steel/Materials/SSP_SteelSubsurfaceProfile.uasset" 5244
"../../../Engine/Content/Functions/MaterialLayerFunctions/MatLayerBlend_RoughnessOverride.uasset" 5245
"/Game/ParagonSteel/Characters/Global/Eyes/Textures/Example/T_Sphere_EYE_NORMALS" 5246
"/Game/ParagonSteel/Characters/Global/Eyes/Textures/T_DecalMask_Radial03" 5247
"/Game/ParagonSteel/Characters/Global/Eyes/Textures/Example/SSP_EyeInner_Profile" 5248
"/Game/ParagonSteel/Characters/Global/MaterialLayers/Rubber/T_Blank_N" 5249
"/Game/ParagonSteel/Characters/Global/MaterialLayers/Metal/T_Blue_Metal02" 5250
"/Game/ParagonSteel/Characters/Global/T_Black_Linear" 5251
"/Game/ParagonSteel/Characters/Global/MaterialFunctions/Textures/T_AtmosphericCloudNoise03" 5252
"/Game/ParagonSteel/Characters/Global/MaterialFunctions/Textures/T_AtmosphericCloudNoise01_N" 5253
"/Game/ParagonSteel/Characters/Global/MaterialFunctions/Textures/T_AtmosphericCloudNoise01" 5254
"/Game/ParagonSteel/Characters/Global/MaterialLayers/T_TestML_Mask" 5255
"/Game/AdvancedPortalsSystemVFX/Textures/LC/T_LC_23" 5256
"/Engine/EngineMaterials/BlendFunc_DefBase" 5257
"/Engine/OpenWorldTemplate/LandscapeMaterial/T_GridChecker_A" 5258
"/Engine/EngineMaterials/BlendFunc_DefBlend" 5259
"/Engine/Functions/Engine_MaterialFunctions01/ImageAdjustment/SCurve" 5260
"/Engine/MapTemplates/TilingNoise05" 5261
"/Game/Aura_Character/Resource/ColorCurve/CC_Aura_01" 5262
"/Game/Aura_Character/Resource/ColorCurve/CC_Aura_05" 5263
"/Game/Aura_Character/Resource/ColorCurve/CC_Aura_03" 5264
"/Game/Aura_Character/Resource/ColorCurve/CC_Aura_3" 5265
"/Game/IceMagicSkill_v01/Resource/Texture/T_Pivot_Layout" 5266
"/Game/__GroundAttackVFX/_GenericSource/Texture/T_Vfx_Stuff_Rock02_N" 5267
"/Game/__GroundAttackVFX/_GenericSource/Texture/T_Vfx_Stuff_Rock02_D" 5268
"C:/Users/j/Documents/GitHub/UnrealProject/Content/Virtual_Studio_Kit/Meshes/Props/NandoBeam/T_Nandobeam-S9_Light_Low_Handles_OcclusionRoughnessMetallic.uasset" 5269
"C:/Users/j/Documents/GitHub/UnrealProject/Content/Virtual_Studio_Kit/Meshes/Props/NandoBeam/T_Nandobeam-S9_Light_Low_Handles_BaseColor.uasset" 5270
"C:/Users/j/Documents/GitHub/UnrealProject/Content/Virtual_Studio_Kit/Meshes/Props/NandoBeam/T_Nandobeam-S9_Light_Low_Handles_Normal.uasset" 5271
"C:/Users/j/Documents/GitHub/UnrealProject/Content/Virtual_Studio_Kit/Meshes/Props/Spotlight/T_Spotlight_Low_Plastic_BaseColor.uasset" 5272
"C:/Users/j/Documents/GitHub/UnrealProject/Content/Virtual_Studio_Kit/Meshes/Props/NandoBeam/T_Nandobeam-S9_Light_Low_Base_OcclusionRoughnessMetallic.uasset" 5273
"C:/Users/j/Documents/GitHub/UnrealProject/Content/Virtual_Studio_Kit/Meshes/Props/Spotlight/T_Spotlight_Low_Plastic_Base_Normal.uasset" 5274
"C:/Users/j/Documents/GitHub/UnrealProject/Content/Virtual_Studio_Kit/Meshes/Props/Spotlight/T_Spotlight_Low_Plastic_Base_OcclusionRoughnessMetallic.uasset" 5275
"C:/Users/j/Documents/GitHub/UnrealProject/Content/Virtual_Studio_Kit/Meshes/Props/Fresnel/T_Fresnel_2K_Light_SP_OcclusionRoughnessMetallic.uasset" 5276
"C:/Users/j/Documents/GitHub/UnrealProject/Content/Virtual_Studio_Kit/Meshes/Props/Fresnel/T_Fresnel_2K_Light_SP_Normal.uasset" 5277
"C:/Users/j/Documents/GitHub/UnrealProject/Content/ParagonGideon/Characters/Global/Eyes/Textures/T_Gideon_Corona_D.uasset" 5278
"C:/Users/j/Documents/GitHub/UnrealProject/Content/Virtual_Studio_Kit/Textures/T_Gaffer_Tape.uasset" 5279
"C:/Users/j/Documents/GitHub/UnrealProject/Content/ParagonAurora/Characters/Global/FX/Textures/Flares/T_Aurora_Corona_D.uasset" 5280
"C:/Users/j/Documents/GitHub/UnrealProject/Content/Virtual_Studio_Kit/Meshes/Props/NandoBeam/T_Nandobeam-S9_Light_Low_Base_Normal.uasset" 5281
"C:/Users/j/Documents/GitHub/UnrealProject/Content/Virtual_Studio_Kit/Meshes/Props/Spotlight/T_Spotlight_Low_Plastic_Normal.uasset" 5282
"C:/Users/j/Documents/GitHub/UnrealProject/Content/Virtual_Studio_Kit/Meshes/Props/Fresnel/T_Fresnel_2K_Light_SP_BaseColor.uasset" 5283
"C:/Users/j/Documents/GitHub/UnrealProject/Content/Virtual_Studio_Kit/Meshes/Props/Fresnel/T_Fresnel_2K_Light_SP_Emissive.uasset" 5284
"/Engine/EngineVolumetrics/Fogsheet/Materials/T_EV_BlankWhite_01" 5285
"C:/Users/j/Documents/GitHub/UnrealProject/Content/ParagonGreystone/Characters/Global/Eyes/Textures/T_Greystone_Corona_D.uasset" 5286
"C:/Users/j/Documents/GitHub/UnrealProject/Content/Virtual_Studio_Kit/Meshes/Props/Spotlight/Spotlight_Low_Plastic_Base_BaseColor.uasset" 5287
"C:/Users/j/Documents/GitHub/UnrealProject/Content/Virtual_Studio_Kit/Meshes/Props/Spotlight/T_Spotlight_Low_Plastic_Base_BaseColor.uasset" 5288
"C:/Users/j/Documents/GitHub/UnrealProject/Content/Virtual_Studio_Kit/Meshes/Props/NandoBeam/T_Nandobeam-S9_Light_Low_Base_BaseColor.uasset" 5289
"C:/Users/j/Documents/GitHub/UnrealProject/Content/Virtual_Studio_Kit/Meshes/Props/NandoBeam/T_Nandobeam-S9_Light_Low_Mat_Emissive.uasset" 5290
"C:/Users/j/Documents/GitHub/UnrealProject/Content/ParagonGreystone/Characters/Global/MaterialLayers/Rubber/T_Rubber_2_N.uasset" 5291
"../../../Engine/Content/Functions/Engine_MaterialFunctions02/ExampleContent/Textures/flipbook.uasset" 5292
"C:/Users/j/Documents/GitHub/UnrealProject/Content/ParagonSteel/Characters/Global/Eyes/Textures/T_Steel_Corona_D.uasset" 5293
"C:/Users/j/Documents/GitHub/UnrealProject/Content/__GroundAttackVFX/_GenericSource/Texture/T_Vfx_White.uasset" 5294
"/Engine/Functions/MaterialLayerFunctions/MatLayerBlend_RoughnessOverride" 5295
"/Game/ParagonSteel/Characters/Global/MaterialFunctions/Textures/T_TilingNoise03" 5296
"/Game/ParagonSteel/Characters/Heroes/Steel/Materials/SSP_SteelSubsurfaceProfile" 5297
"/Game/ParagonSteel/Characters/Global/Eyes/Textures/Example/T_EyeIrisBaseColor_Example_2" 5298
"/Game/ParagonSteel/Characters/Global/Eyes/Textures/T_Swirly_Noise" 5299
"/Game/Virtual_Studio_Kit/Meshes/Props/NandoBeam/T_Nandobeam-S9_Light_Low_Handles_BaseColor" 5300
"/Game/Virtual_Studio_Kit/Meshes/Props/NandoBeam/T_Nandobeam-S9_Light_Low_Handles_Normal" 5301
"/Game/Virtual_Studio_Kit/Meshes/Props/NandoBeam/T_Nandobeam-S9_Light_Low_Handles_OcclusionRoughnessMetallic" 5302
"/Game/ParagonSteel/Characters/Global/Eyes/Textures/Example/T_EyeMidPlaneDisplacement_Example" 5303
"C:/Users/j/Documents/GitHub/UnrealProject/Content/Virtual_Studio_Kit/Materials/Decals/M_Decal.uasset" 5304
"../../../Engine/Content/Functions/Engine_MaterialFunctions01/Texturing/ComputeMipLevel.uasset" 5305
"../../../Engine/Content/Functions/Engine_MaterialFunctions02/ExampleContent/DebugNumberStrip.uasset" 5306
"/Game/__GroundAttackVFX/_GenericSource/Texture/T_Vfx_White" 5307
"../../../Engine/Content/Functions/Engine_MaterialFunctions02/ExampleContent/Textures/DebugNumberPeriod.uasset" 5308
"/Engine/Functions/Engine_MaterialFunctions02/ExampleContent/Textures/flipbook" 5309
"/Game/ParagonAurora/Characters/Global/FX/Textures/Flares/T_Aurora_Corona_D" 5310
"/Game/ParagonGreystone/Characters/Global/MaterialLayers/Rubber/T_Rubber_2_N" 5311
"/Game/ParagonSteel/Characters/Global/Eyes/Textures/T_Steel_Corona_D" 5312
"/Game/ParagonGreystone/Characters/Global/Eyes/Textures/T_Greystone_Corona_D" 5313
"/Game/ParagonGideon/Characters/Global/Eyes/Textures/T_Gideon_Corona_D" 5314
"/Game/Virtual_Studio_Kit/Textures/T_Gaffer_Tape" 5315
"/Game/Virtual_Studio_Kit/Meshes/Props/Fresnel/T_Fresnel_2K_Light_SP_Emissive" 5316
"/Game/Virtual_Studio_Kit/Meshes/Props/Fresnel/T_Fresnel_2K_Light_SP_Normal" 5317
"/Game/Virtual_Studio_Kit/Meshes/Props/Fresnel/T_Fresnel_2K_Light_SP_OcclusionRoughnessMetallic" 5318
"/Game/Virtual_Studio_Kit/Meshes/Props/Fresnel/T_Fresnel_2K_Light_SP_BaseColor" 5319
"/Game/Virtual_Studio_Kit/Meshes/Props/Spotlight/T_Spotlight_Low_Plastic_Base_BaseColor" 5320
"/Game/Virtual_Studio_Kit/Meshes/Props/NandoBeam/T_Nandobeam-S9_Light_Low_Mat_Emissive" 5321
"/Game/Virtual_Studio_Kit/Meshes/Props/Spotlight/Spotlight_Low_Plastic_Base_BaseColor" 5322
"/Game/Virtual_Studio_Kit/Meshes/Props/Spotlight/T_Spotlight_Low_Plastic_Base_Normal" 5323
"/Game/Virtual_Studio_Kit/Meshes/Props/Spotlight/T_Spotlight_Low_Plastic_Base_OcclusionRoughnessMetallic" 5324
"/Game/Virtual_Studio_Kit/Meshes/Props/Spotlight/T_Spotlight_Low_Plastic_Normal" 5325
"../../../Engine/Content/Functions/Engine_MaterialFunctions02/ValueStep.uasset" 5326
"../../../Engine/Content/Functions/Engine_MaterialFunctions01/ImageAdjustment/3ColorBlend.uasset" 5327
"../../../Engine/Content/Functions/Engine_MaterialFunctions02/Math/CreateThirdOrthogonalVector.uasset" 5328
"/Game/Virtual_Studio_Kit/Meshes/Props/Spotlight/T_Spotlight_Low_Plastic_BaseColor" 5329
"/Game/Virtual_Studio_Kit/Meshes/Props/NandoBeam/T_Nandobeam-S9_Light_Low_Base_BaseColor" 5330
"/Game/Virtual_Studio_Kit/Meshes/Props/NandoBeam/T_Nandobeam-S9_Light_Low_Base_OcclusionRoughnessMetallic" 5331
"/Game/Virtual_Studio_Kit/Meshes/Props/NandoBeam/T_Nandobeam-S9_Light_Low_Base_Normal" 5332
"/Game/Virtual_Studio_Kit/Materials/Decals/M_Decal" 5333
"/Engine/Functions/Engine_MaterialFunctions02/ExampleContent/Textures/DebugNumberPeriod" 5334
"/Engine/Functions/Engine_MaterialFunctions01/Texturing/ComputeMipLevel" 5335
"/Engine/Functions/Engine_MaterialFunctions02/ExampleContent/DebugNumberStrip" 5336
"C:/Users/j/Documents/GitHub/UnrealProject/Content/ParagonAurora/Characters/Heroes/Aurora/Animations/Recall.uasset" 5337
"/Engine/Functions/Engine_MaterialFunctions02/ValueStep" 5338
"/Engine/Functions/Engine_MaterialFunctions01/ImageAdjustment/3ColorBlend" 5339
"/Engine/Functions/Engine_MaterialFunctions02/Math/CreateThirdOrthogonalVector" 5340
"C:/Users/j/Documents/GitHub/UnrealProject/Content/ParagonGreystone/Characters/Heroes/Greystone/Animations/Recall.uasset" 5341
"C:/Users/j/Documents/GitHub/UnrealProject/Content/ParagonGideon/Characters/Heroes/Gideon/Animations/Recall.uasset" 5342
"/Game/ParagonAurora/Characters/Heroes/Aurora/Animations/Recall" 5343
"../../../Engine/Content/Functions/Engine_MaterialFunctions01/Texturing/TextureCropping.uasset" 5344
"/Game/ParagonGideon/Characters/Heroes/Gideon/Animations/Recall" 5345
"/Game/ParagonGreystone/Characters/Heroes/Greystone/Animations/Recall" 5346
"../../../Engine/Content/EngineMaterials/PPM_DefaultCalibrationGrayscale.uasset" 5347
"../../../Engine/Content/MobileResources/HUD/DefaultVirtualJoysticks.uasset" 5348
"../../../Engine/Content/EngineMaterials/Substrate/Volume/SubstrateSimpleVolumeEnvLUT3D.uasset" 5349
"C:/Users/j/Documents/GitHub/UnrealProject/Content/MusicVideo/mv10play_Video.uasset" 5350
"../../../Engine/Content/EngineMaterials/PPM_DefaultCalibrationColor.uasset" 5351
"C:/Users/j/Documents/GitHub/UnrealProject/Content/MusicVideo/mv1play_Video.uasset" 5352
"C:/Users/j/Documents/GitHub/UnrealProject/Content/MusicVideo/mv5play_Video.uasset" 5353
"../../../Engine/Content/EngineMaterials/Substrate/Volume/SubstrateSimpleVolumeLUT3D.uasset" 5354
"C:/Users/j/Documents/GitHub/UnrealProject/Content/__GroundAttackVFX/_GenericSource/FBX/SM_MyCrystalCluster.uasset" 5355
"C:/Users/j/Documents/GitHub/UnrealProject/Content/__GroundAttackVFX/_GenericSource/FBX/SM_Shape_Cube.uasset" 5356
"C:/Users/j/Documents/GitHub/UnrealProject/Content/Animation/warrior/WarriorAnimation.uasset" 5357
"C:/Users/j/Documents/GitHub/UnrealProject/Content/__GroundAttackVFX/_GenericSource/FBX/SM_Ivory.uasset" 5358
"C:/Users/j/Documents/GitHub/UnrealProject/Content/MusicVideo/mv4play_Video.uasset" 5359
"C:/Users/j/Documents/GitHub/UnrealProject/Content/Virtual_Studio_Kit/Materials/Glow/M_Glow.uasset" 5360
"C:/Users/j/Documents/GitHub/UnrealProject/Content/Virtual_Studio_Kit/Materials/Metals/M_Metal_Int_01.uasset" 5361
"../../../Engine/Content/EngineMaterials/Substrate/GLints2/AGlintTex2dArray2.uasset" 5362
"C:/Users/j/Documents/GitHub/UnrealProject/Content/Virtual_Studio_Kit/Materials/Glow/M_Light_Ring.uasset" 5363
"../../../Engine/Plugins/Interchange/Assets/Content/Functions/MX_Surface.uasset" 5364
"../../../Engine/Content/EngineMaterials/Substrate/GLints/AGlintTex2dArray.uasset" 5365
"C:/Users/j/Documents/GitHub/UnrealProject/Content/Animation/DarkMagition/DarkAnimation.uasset" 5366
"C:/Users/j/Documents/GitHub/UnrealProject/Content/MusicVideo/mv9play_Video.uasset" 5367
"C:/Users/j/Documents/GitHub/UnrealProject/Content/MusicVideo/m8play_video.uasset" 5368
"C:/Users/j/Documents/GitHub/UnrealProject/Content/Animation/Guidon/GudionAnimation.uasset" 5369
"../../../Engine/Content/EditorMaterials/PreviewShadowIndicatorMaterial.uasset" 5370
"C:/Users/j/Documents/GitHub/UnrealProject/Content/__GroundAttackVFX/_GenericSource/FBX/SM_CircleIce_03.uasset" 5371
"C:/Users/j/Documents/GitHub/UnrealProject/Content/MusicVideo/mv2play_Video.uasset" 5372
"C:/Users/j/Documents/GitHub/UnrealProject/Content/Virtual_Studio_Kit/Meshes/Paragon/Mod_Floor_30x6.uasset" 5373
"C:/Users/j/Documents/GitHub/UnrealProject/Content/MusicVideo/mv11play_Video.uasset" 5374
"C:/Users/j/Documents/GitHub/UnrealProject/Content/Virtual_Studio_Kit/Materials/Glow/M_Decal_Light.uasset" 5375
"C:/Users/j/Documents/GitHub/UnrealProject/Content/MusicVideo/mv3play_Video.uasset" 5376
"C:/Users/j/Documents/GitHub/UnrealProject/Content/Sound/young.uasset" 5377
"/Engine/EngineMaterials/PPM_DefaultCalibrationGrayscale" 5378
"/Engine/EngineMaterials/Substrate/Volume/SubstrateSimpleVolumeEnvLUT3D" 5379
"../../../Engine/Content/EngineMaterials/Substrate/Volume/SubstrateSimpleVolumeEnvLUT2D.uasset" 5380
"/Engine/MobileResources/HUD/DefaultVirtualJoysticks" 5381
"/Engine/Functions/Engine_MaterialFunctions01/Texturing/TextureCropping" 5382
"C:/Users/j/Documents/GitHub/UnrealProject/Content/Virtual_Studio_Kit/Materials/Decals/M_Decal_Logo.uasset" 5383
"/Game/Animation/DarkMagition/DarkAnimation" 5384
"/Game/Animation/Guidon/GudionAnimation" 5385
"/Game/Animation/warrior/WarriorAnimation" 5386
"/Game/__GroundAttackVFX/_GenericSource/FBX/SM_Ivory" 5387
"/Game/__GroundAttackVFX/_GenericSource/FBX/SM_CircleIce_03" 5388
"/Game/Sound/young" 5389
"/Game/__GroundAttackVFX/_GenericSource/FBX/SM_Shape_Cube" 5390
"/Game/__GroundAttackVFX/_GenericSource/FBX/SM_MyCrystalCluster" 5391
"/Game/MusicVideo/mv3play_Video" 5392
"/Game/MusicVideo/m8play_video" 5393
"/Game/Virtual_Studio_Kit/Materials/Glow/M_Light_Ring" 5394
"/Game/MusicVideo/mv4play_Video" 5395
"/Game/MusicVideo/mv9play_Video" 5396
"/Game/MusicVideo/mv11play_Video" 5397
"/Game/MusicVideo/mv10play_Video" 5398
"/Game/MusicVideo/mv1play_Video" 5399
"/Game/MusicVideo/mv5play_Video" 5400
"/Engine/EngineMaterials/PPM_DefaultCalibrationColor" 5401
"/InterchangeAssets/Functions/MX_Surface" 5402
"../../../Engine/Content/Functions/MaterialLayerFunctions/MatLayerBlend_OverrideOpacity.uasset" 5403
"/Game/MusicVideo/mv2play_Video" 5404
"/Game/Virtual_Studio_Kit/Materials/Glow/M_Decal_Light" 5405
"/Game/Virtual_Studio_Kit/Materials/Metals/M_Metal_Int_01" 5406
"/Engine/EditorMaterials/PreviewShadowIndicatorMaterial" 5407
"/Game/Virtual_Studio_Kit/Meshes/Paragon/Mod_Floor_30x6" 5408
"/Engine/EngineMaterials/Substrate/GLints/AGlintTex2dArray" 5409
"../../../Engine/Content/EngineMaterials/Substrate/GLints/dict_16_192_64_0p5_0p02_0000_0000.uasset" 5410
"../../../Engine/Content/EngineMaterials/Substrate/GLints/dict_16_192_64_0p5_0p02_0000_0001.uasset" 5411
"../../../Engine/Content/EngineMaterials/Substrate/GLints/dict_16_192_64_0p5_0p02_0000_0002.uasset" 5412
"../../../Engine/Content/EngineMaterials/Substrate/GLints/dict_16_192_64_0p5_0p02_0000_0003.uasset" 5413
"../../../Engine/Content/EngineMaterials/Substrate/GLints/dict_16_192_64_0p5_0p02_0000_0004.uasset" 5414
"../../../Engine/Content/EngineMaterials/Substrate/GLints/dict_16_192_64_0p5_0p02_0000_0005.uasset" 5415
"../../../Engine/Content/EngineMaterials/Substrate/GLints/dict_16_192_64_0p5_0p02_0000_0006.uasset" 5416
"../../../Engine/Content/EngineMaterials/Substrate/GLints/dict_16_192_64_0p5_0p02_0000_0007.uasset" 5417
"../../../Engine/Content/EngineMaterials/Substrate/GLints/dict_16_192_64_0p5_0p02_0000_0008.uasset" 5418
"../../../Engine/Content/EngineMaterials/Substrate/GLints/dict_16_192_64_0p5_0p02_0000_0009.uasset" 5419
"../../../Engine/Content/EngineMaterials/Substrate/GLints/dict_16_192_64_0p5_0p02_0000_0010.uasset" 5420
"../../../Engine/Content/EngineMaterials/Substrate/GLints/dict_16_192_64_0p5_0p02_0000_0011.uasset" 5421
"../../../Engine/Content/EngineMaterials/Substrate/GLints/dict_16_192_64_0p5_0p02_0000_0012.uasset" 5422
"../../../Engine/Content/EngineMaterials/Substrate/GLints/dict_16_192_64_0p5_0p02_0000_0013.uasset" 5423
"../../../Engine/Content/EngineMaterials/Substrate/GLints/dict_16_192_64_0p5_0p02_0000_0014.uasset" 5424
"../../../Engine/Content/EngineMaterials/Substrate/GLints/dict_16_192_64_0p5_0p02_0000_0015.uasset" 5425
"../../../Engine/Content/EngineMaterials/Substrate/GLints/dict_16_192_64_0p5_0p02_0001_0000.uasset" 5426
"../../../Engine/Content/EngineMaterials/Substrate/GLints/dict_16_192_64_0p5_0p02_0001_0001.uasset" 5427
"../../../Engine/Content/EngineMaterials/Substrate/GLints/dict_16_192_64_0p5_0p02_0001_0002.uasset" 5428
"../../../Engine/Content/EngineMaterials/Substrate/GLints/dict_16_192_64_0p5_0p02_0001_0003.uasset" 5429
"../../../Engine/Content/EngineMaterials/Substrate/GLints/dict_16_192_64_0p5_0p02_0001_0004.uasset" 5430
"../../../Engine/Content/EngineMaterials/Substrate/GLints/dict_16_192_64_0p5_0p02_0001_0005.uasset" 5431
"../../../Engine/Content/EngineMaterials/Substrate/GLints/dict_16_192_64_0p5_0p02_0001_0006.uasset" 5432
"../../../Engine/Content/EngineMaterials/Substrate/GLints/dict_16_192_64_0p5_0p02_0001_0007.uasset" 5433
"../../../Engine/Content/EngineMaterials/Substrate/GLints/dict_16_192_64_0p5_0p02_0001_0008.uasset" 5434
"../../../Engine/Content/EngineMaterials/Substrate/GLints/dict_16_192_64_0p5_0p02_0001_0009.uasset" 5435
"../../../Engine/Content/EngineMaterials/Substrate/GLints/dict_16_192_64_0p5_0p02_0001_0010.uasset" 5436
"../../../Engine/Content/EngineMaterials/Substrate/GLints/dict_16_192_64_0p5_0p02_0001_0011.uasset" 5437
"../../../Engine/Content/EngineMaterials/Substrate/GLints/dict_16_192_64_0p5_0p02_0001_0012.uasset" 5438
"../../../Engine/Content/EngineMaterials/Substrate/GLints/dict_16_192_64_0p5_0p02_0001_0013.uasset" 5439
"../../../Engine/Content/EngineMaterials/Substrate/GLints/dict_16_192_64_0p5_0p02_0001_0014.uasset" 5440
"../../../Engine/Content/EngineMaterials/Substrate/GLints/dict_16_192_64_0p5_0p02_0001_0015.uasset" 5441
"../../../Engine/Content/EngineMaterials/Substrate/GLints/dict_16_192_64_0p5_0p02_0002_0000.uasset" 5442
"../../../Engine/Content/EngineMaterials/Substrate/GLints/dict_16_192_64_0p5_0p02_0002_0001.uasset" 5443
"../../../Engine/Content/EngineMaterials/Substrate/GLints/dict_16_192_64_0p5_0p02_0002_0002.uasset" 5444
"../../../Engine/Content/EngineMaterials/Substrate/GLints/dict_16_192_64_0p5_0p02_0002_0003.uasset" 5445
"../../../Engine/Content/EngineMaterials/Substrate/GLints/dict_16_192_64_0p5_0p02_0002_0004.uasset" 5446
"../../../Engine/Content/EngineMaterials/Substrate/GLints/dict_16_192_64_0p5_0p02_0002_0005.uasset" 5447
"../../../Engine/Content/EngineMaterials/Substrate/GLints/dict_16_192_64_0p5_0p02_0002_0006.uasset" 5448
"../../../Engine/Content/EngineMaterials/Substrate/GLints/dict_16_192_64_0p5_0p02_0002_0007.uasset" 5449
"../../../Engine/Content/EngineMaterials/Substrate/GLints/dict_16_192_64_0p5_0p02_0002_0008.uasset" 5450
"../../../Engine/Content/EngineMaterials/Substrate/GLints/dict_16_192_64_0p5_0p02_0002_0009.uasset" 5451
"../../../Engine/Content/EngineMaterials/Substrate/GLints/dict_16_192_64_0p5_0p02_0002_0010.uasset" 5452
"../../../Engine/Content/EngineMaterials/Substrate/GLints/dict_16_192_64_0p5_0p02_0002_0011.uasset" 5453
"../../../Engine/Content/EngineMaterials/Substrate/GLints/dict_16_192_64_0p5_0p02_0002_0012.uasset" 5454
"../../../Engine/Content/EngineMaterials/Substrate/GLints/dict_16_192_64_0p5_0p02_0002_0013.uasset" 5455
"../../../Engine/Content/EngineMaterials/Substrate/GLints/dict_16_192_64_0p5_0p02_0002_0014.uasset" 5456
"../../../Engine/Content/EngineMaterials/Substrate/GLints/dict_16_192_64_0p5_0p02_0002_0015.uasset" 5457
"../../../Engine/Content/EngineMaterials/Substrate/GLints/dict_16_192_64_0p5_0p02_0003_0000.uasset" 5458
"../../../Engine/Content/EngineMaterials/Substrate/GLints/dict_16_192_64_0p5_0p02_0003_0001.uasset" 5459
"../../../Engine/Content/EngineMaterials/Substrate/GLints/dict_16_192_64_0p5_0p02_0003_0002.uasset" 5460
"../../../Engine/Content/EngineMaterials/Substrate/GLints/dict_16_192_64_0p5_0p02_0003_0003.uasset" 5461
"../../../Engine/Content/EngineMaterials/Substrate/GLints/dict_16_192_64_0p5_0p02_0003_0004.uasset" 5462
"../../../Engine/Content/EngineMaterials/Substrate/GLints/dict_16_192_64_0p5_0p02_0003_0005.uasset" 5463
"../../../Engine/Content/EngineMaterials/Substrate/GLints/dict_16_192_64_0p5_0p02_0003_0006.uasset" 5464
"../../../Engine/Content/EngineMaterials/Substrate/GLints/dict_16_192_64_0p5_0p02_0003_0007.uasset" 5465
"../../../Engine/Content/EngineMaterials/Substrate/GLints/dict_16_192_64_0p5_0p02_0003_0008.uasset" 5466
"../../../Engine/Content/EngineMaterials/Substrate/GLints/dict_16_192_64_0p5_0p02_0003_0009.uasset" 5467
"../../../Engine/Content/EngineMaterials/Substrate/GLints/dict_16_192_64_0p5_0p02_0003_0010.uasset" 5468
"../../../Engine/Content/EngineMaterials/Substrate/GLints/dict_16_192_64_0p5_0p02_0003_0011.uasset" 5469
"../../../Engine/Content/EngineMaterials/Substrate/GLints/dict_16_192_64_0p5_0p02_0003_0012.uasset" 5470
"../../../Engine/Content/EngineMaterials/Substrate/GLints/dict_16_192_64_0p5_0p02_0003_0013.uasset" 5471
"../../../Engine/Content/EngineMaterials/Substrate/GLints/dict_16_192_64_0p5_0p02_0003_0014.uasset" 5472
"../../../Engine/Content/EngineMaterials/Substrate/GLints/dict_16_192_64_0p5_0p02_0003_0015.uasset" 5473
"../../../Engine/Content/EngineMaterials/Substrate/GLints/dict_16_192_64_0p5_0p02_0004_0000.uasset" 5474
"../../../Engine/Content/EngineMaterials/Substrate/GLints/dict_16_192_64_0p5_0p02_0004_0001.uasset" 5475
"../../../Engine/Content/EngineMaterials/Substrate/GLints/dict_16_192_64_0p5_0p02_0004_0002.uasset" 5476
"../../../Engine/Content/EngineMaterials/Substrate/GLints/dict_16_192_64_0p5_0p02_0004_0003.uasset" 5477
"../../../Engine/Content/EngineMaterials/Substrate/GLints/dict_16_192_64_0p5_0p02_0004_0004.uasset" 5478
"../../../Engine/Content/EngineMaterials/Substrate/GLints/dict_16_192_64_0p5_0p02_0004_0005.uasset" 5479
"../../../Engine/Content/EngineMaterials/Substrate/GLints/dict_16_192_64_0p5_0p02_0004_0006.uasset" 5480
"../../../Engine/Content/EngineMaterials/Substrate/GLints/dict_16_192_64_0p5_0p02_0004_0007.uasset" 5481
"../../../Engine/Content/EngineMaterials/Substrate/GLints/dict_16_192_64_0p5_0p02_0004_0008.uasset" 5482
"../../../Engine/Content/EngineMaterials/Substrate/GLints/dict_16_192_64_0p5_0p02_0004_0009.uasset" 5483
"../../../Engine/Content/EngineMaterials/Substrate/GLints/dict_16_192_64_0p5_0p02_0004_0010.uasset" 5484
"../../../Engine/Content/EngineMaterials/Substrate/GLints/dict_16_192_64_0p5_0p02_0004_0011.uasset" 5485
"../../../Engine/Content/EngineMaterials/Substrate/GLints/dict_16_192_64_0p5_0p02_0004_0012.uasset" 5486
"../../../Engine/Content/EngineMaterials/Substrate/GLints/dict_16_192_64_0p5_0p02_0004_0013.uasset" 5487
"../../../Engine/Content/EngineMaterials/Substrate/GLints/dict_16_192_64_0p5_0p02_0004_0014.uasset" 5488
"../../../Engine/Content/EngineMaterials/Substrate/GLints/dict_16_192_64_0p5_0p02_0004_0015.uasset" 5489
"../../../Engine/Content/EngineMaterials/Substrate/GLints/dict_16_192_64_0p5_0p02_0005_0000.uasset" 5490
"../../../Engine/Content/EngineMaterials/Substrate/GLints/dict_16_192_64_0p5_0p02_0005_0001.uasset" 5491
"../../../Engine/Content/EngineMaterials/Substrate/GLints/dict_16_192_64_0p5_0p02_0005_0002.uasset" 5492
"../../../Engine/Content/EngineMaterials/Substrate/GLints/dict_16_192_64_0p5_0p02_0005_0003.uasset" 5493
"../../../Engine/Content/EngineMaterials/Substrate/GLints/dict_16_192_64_0p5_0p02_0005_0004.uasset" 5494
"../../../Engine/Content/EngineMaterials/Substrate/GLints/dict_16_192_64_0p5_0p02_0005_0005.uasset" 5495
"../../../Engine/Content/EngineMaterials/Substrate/GLints/dict_16_192_64_0p5_0p02_0005_0006.uasset" 5496
"../../../Engine/Content/EngineMaterials/Substrate/GLints/dict_16_192_64_0p5_0p02_0005_0007.uasset" 5497
"../../../Engine/Content/EngineMaterials/Substrate/GLints/dict_16_192_64_0p5_0p02_0005_0008.uasset" 5498
"../../../Engine/Content/EngineMaterials/Substrate/GLints/dict_16_192_64_0p5_0p02_0005_0009.uasset" 5499
"../../../Engine/Content/EngineMaterials/Substrate/GLints/dict_16_192_64_0p5_0p02_0005_0010.uasset" 5500
"../../../Engine/Content/EngineMaterials/Substrate/GLints/dict_16_192_64_0p5_0p02_0005_0011.uasset" 5501
"../../../Engine/Content/EngineMaterials/Substrate/GLints/dict_16_192_64_0p5_0p02_0005_0012.uasset" 5502
"../../../Engine/Content/EngineMaterials/Substrate/GLints/dict_16_192_64_0p5_0p02_0005_0013.uasset" 5503
"../../../Engine/Content/EngineMaterials/Substrate/GLints/dict_16_192_64_0p5_0p02_0005_0014.uasset" 5504
"../../../Engine/Content/EngineMaterials/Substrate/GLints/dict_16_192_64_0p5_0p02_0005_0015.uasset" 5505
"../../../Engine/Content/EngineMaterials/Substrate/GLints/dict_16_192_64_0p5_0p02_0006_0000.uasset" 5506
"../../../Engine/Content/EngineMaterials/Substrate/GLints/dict_16_192_64_0p5_0p02_0006_0001.uasset" 5507
"../../../Engine/Content/EngineMaterials/Substrate/GLints/dict_16_192_64_0p5_0p02_0006_0002.uasset" 5508
"../../../Engine/Content/EngineMaterials/Substrate/GLints/dict_16_192_64_0p5_0p02_0006_0003.uasset" 5509
"../../../Engine/Content/EngineMaterials/Substrate/GLints/dict_16_192_64_0p5_0p02_0006_0004.uasset" 5510
"../../../Engine/Content/EngineMaterials/Substrate/GLints/dict_16_192_64_0p5_0p02_0006_0005.uasset" 5511
"../../../Engine/Content/EngineMaterials/Substrate/GLints/dict_16_192_64_0p5_0p02_0006_0006.uasset" 5512
"../../../Engine/Content/EngineMaterials/Substrate/GLints/dict_16_192_64_0p5_0p02_0006_0007.uasset" 5513
"../../../Engine/Content/EngineMaterials/Substrate/GLints/dict_16_192_64_0p5_0p02_0006_0008.uasset" 5514
"../../../Engine/Content/EngineMaterials/Substrate/GLints/dict_16_192_64_0p5_0p02_0006_0009.uasset" 5515
"../../../Engine/Content/EngineMaterials/Substrate/GLints/dict_16_192_64_0p5_0p02_0006_0010.uasset" 5516
"../../../Engine/Content/EngineMaterials/Substrate/GLints/dict_16_192_64_0p5_0p02_0006_0011.uasset" 5517
"../../../Engine/Content/EngineMaterials/Substrate/GLints/dict_16_192_64_0p5_0p02_0006_0012.uasset" 5518
"../../../Engine/Content/EngineMaterials/Substrate/GLints/dict_16_192_64_0p5_0p02_0006_0013.uasset" 5519
"../../../Engine/Content/EngineMaterials/Substrate/GLints/dict_16_192_64_0p5_0p02_0006_0014.uasset" 5520
"../../../Engine/Content/EngineMaterials/Substrate/GLints/dict_16_192_64_0p5_0p02_0006_0015.uasset" 5521
"../../../Engine/Content/EngineMaterials/Substrate/GLints/dict_16_192_64_0p5_0p02_0007_0000.uasset" 5522
"../../../Engine/Content/EngineMaterials/Substrate/GLints/dict_16_192_64_0p5_0p02_0007_0001.uasset" 5523
"../../../Engine/Content/EngineMaterials/Substrate/GLints/dict_16_192_64_0p5_0p02_0007_0002.uasset" 5524
"../../../Engine/Content/EngineMaterials/Substrate/GLints/dict_16_192_64_0p5_0p02_0007_0003.uasset" 5525
"../../../Engine/Content/EngineMaterials/Substrate/GLints/dict_16_192_64_0p5_0p02_0007_0004.uasset" 5526
"../../../Engine/Content/EngineMaterials/Substrate/GLints/dict_16_192_64_0p5_0p02_0007_0005.uasset" 5527
"../../../Engine/Content/EngineMaterials/Substrate/GLints/dict_16_192_64_0p5_0p02_0007_0006.uasset" 5528
"../../../Engine/Content/EngineMaterials/Substrate/GLints/dict_16_192_64_0p5_0p02_0007_0007.uasset" 5529
"../../../Engine/Content/EngineMaterials/Substrate/GLints/dict_16_192_64_0p5_0p02_0007_0008.uasset" 5530
"../../../Engine/Content/EngineMaterials/Substrate/GLints/dict_16_192_64_0p5_0p02_0007_0009.uasset" 5531
"../../../Engine/Content/EngineMaterials/Substrate/GLints/dict_16_192_64_0p5_0p02_0007_0010.uasset" 5532
"../../../Engine/Content/EngineMaterials/Substrate/GLints/dict_16_192_64_0p5_0p02_0007_0011.uasset" 5533
"../../../Engine/Content/EngineMaterials/Substrate/GLints/dict_16_192_64_0p5_0p02_0007_0012.uasset" 5534
"../../../Engine/Content/EngineMaterials/Substrate/GLints/dict_16_192_64_0p5_0p02_0007_0013.uasset" 5535
"../../../Engine/Content/EngineMaterials/Substrate/GLints/dict_16_192_64_0p5_0p02_0007_0014.uasset" 5536
"../../../Engine/Content/EngineMaterials/Substrate/GLints/dict_16_192_64_0p5_0p02_0007_0015.uasset" 5537
"../../../Engine/Content/EngineMaterials/Substrate/GLints/dict_16_192_64_0p5_0p02_0008_0000.uasset" 5538
"../../../Engine/Content/EngineMaterials/Substrate/GLints/dict_16_192_64_0p5_0p02_0008_0001.uasset" 5539
"../../../Engine/Content/EngineMaterials/Substrate/GLints/dict_16_192_64_0p5_0p02_0008_0002.uasset" 5540
"../../../Engine/Content/EngineMaterials/Substrate/GLints/dict_16_192_64_0p5_0p02_0008_0003.uasset" 5541
"../../../Engine/Content/EngineMaterials/Substrate/GLints/dict_16_192_64_0p5_0p02_0008_0004.uasset" 5542
"../../../Engine/Content/EngineMaterials/Substrate/GLints/dict_16_192_64_0p5_0p02_0008_0005.uasset" 5543
"../../../Engine/Content/EngineMaterials/Substrate/GLints/dict_16_192_64_0p5_0p02_0008_0006.uasset" 5544
"../../../Engine/Content/EngineMaterials/Substrate/GLints/dict_16_192_64_0p5_0p02_0008_0007.uasset" 5545
"../../../Engine/Content/EngineMaterials/Substrate/GLints/dict_16_192_64_0p5_0p02_0008_0008.uasset" 5546
"../../../Engine/Content/EngineMaterials/Substrate/GLints/dict_16_192_64_0p5_0p02_0008_0009.uasset" 5547
"../../../Engine/Content/EngineMaterials/Substrate/GLints/dict_16_192_64_0p5_0p02_0008_0010.uasset" 5548
"../../../Engine/Content/EngineMaterials/Substrate/GLints/dict_16_192_64_0p5_0p02_0008_0011.uasset" 5549
"../../../Engine/Content/EngineMaterials/Substrate/GLints/dict_16_192_64_0p5_0p02_0008_0012.uasset" 5550
"../../../Engine/Content/EngineMaterials/Substrate/GLints/dict_16_192_64_0p5_0p02_0008_0013.uasset" 5551
"../../../Engine/Content/EngineMaterials/Substrate/GLints/dict_16_192_64_0p5_0p02_0008_0014.uasset" 5552
"../../../Engine/Content/EngineMaterials/Substrate/GLints/dict_16_192_64_0p5_0p02_0008_0015.uasset" 5553
"../../../Engine/Content/EngineMaterials/Substrate/GLints/dict_16_192_64_0p5_0p02_0009_0000.uasset" 5554
"../../../Engine/Content/EngineMaterials/Substrate/GLints/dict_16_192_64_0p5_0p02_0009_0001.uasset" 5555
"../../../Engine/Content/EngineMaterials/Substrate/GLints/dict_16_192_64_0p5_0p02_0009_0002.uasset" 5556
"../../../Engine/Content/EngineMaterials/Substrate/GLints/dict_16_192_64_0p5_0p02_0009_0003.uasset" 5557
"../../../Engine/Content/EngineMaterials/Substrate/GLints/dict_16_192_64_0p5_0p02_0009_0004.uasset" 5558
"../../../Engine/Content/EngineMaterials/Substrate/GLints/dict_16_192_64_0p5_0p02_0009_0005.uasset" 5559
"../../../Engine/Content/EngineMaterials/Substrate/GLints/dict_16_192_64_0p5_0p02_0009_0006.uasset" 5560
"../../../Engine/Content/EngineMaterials/Substrate/GLints/dict_16_192_64_0p5_0p02_0009_0007.uasset" 5561
"../../../Engine/Content/EngineMaterials/Substrate/GLints/dict_16_192_64_0p5_0p02_0009_0008.uasset" 5562
"../../../Engine/Content/EngineMaterials/Substrate/GLints/dict_16_192_64_0p5_0p02_0009_0009.uasset" 5563
"../../../Engine/Content/EngineMaterials/Substrate/GLints/dict_16_192_64_0p5_0p02_0009_0010.uasset" 5564
"../../../Engine/Content/EngineMaterials/Substrate/GLints/dict_16_192_64_0p5_0p02_0009_0011.uasset" 5565
"../../../Engine/Content/EngineMaterials/Substrate/GLints/dict_16_192_64_0p5_0p02_0009_0012.uasset" 5566
"../../../Engine/Content/EngineMaterials/Substrate/GLints/dict_16_192_64_0p5_0p02_0009_0013.uasset" 5567
"../../../Engine/Content/EngineMaterials/Substrate/GLints/dict_16_192_64_0p5_0p02_0009_0014.uasset" 5568
"../../../Engine/Content/EngineMaterials/Substrate/GLints/dict_16_192_64_0p5_0p02_0009_0015.uasset" 5569
"../../../Engine/Content/EngineMaterials/Substrate/GLints/dict_16_192_64_0p5_0p02_0010_0000.uasset" 5570
"../../../Engine/Content/EngineMaterials/Substrate/GLints/dict_16_192_64_0p5_0p02_0010_0001.uasset" 5571
"../../../Engine/Content/EngineMaterials/Substrate/GLints/dict_16_192_64_0p5_0p02_0010_0002.uasset" 5572
"../../../Engine/Content/EngineMaterials/Substrate/GLints/dict_16_192_64_0p5_0p02_0010_0003.uasset" 5573
"../../../Engine/Content/EngineMaterials/Substrate/GLints/dict_16_192_64_0p5_0p02_0010_0004.uasset" 5574
"../../../Engine/Content/EngineMaterials/Substrate/GLints/dict_16_192_64_0p5_0p02_0010_0005.uasset" 5575
"../../../Engine/Content/EngineMaterials/Substrate/GLints/dict_16_192_64_0p5_0p02_0010_0006.uasset" 5576
"../../../Engine/Content/EngineMaterials/Substrate/GLints/dict_16_192_64_0p5_0p02_0010_0007.uasset" 5577
"../../../Engine/Content/EngineMaterials/Substrate/GLints/dict_16_192_64_0p5_0p02_0010_0008.uasset" 5578
"../../../Engine/Content/EngineMaterials/Substrate/GLints/dict_16_192_64_0p5_0p02_0010_0009.uasset" 5579
"../../../Engine/Content/EngineMaterials/Substrate/GLints/dict_16_192_64_0p5_0p02_0010_0010.uasset" 5580
"../../../Engine/Content/EngineMaterials/Substrate/GLints/dict_16_192_64_0p5_0p02_0010_0011.uasset" 5581
"../../../Engine/Content/EngineMaterials/Substrate/GLints/dict_16_192_64_0p5_0p02_0010_0012.uasset" 5582
"../../../Engine/Content/EngineMaterials/Substrate/GLints/dict_16_192_64_0p5_0p02_0010_0013.uasset" 5583
"../../../Engine/Content/EngineMaterials/Substrate/GLints/dict_16_192_64_0p5_0p02_0010_0014.uasset" 5584
"../../../Engine/Content/EngineMaterials/Substrate/GLints/dict_16_192_64_0p5_0p02_0010_0015.uasset" 5585
"../../../Engine/Content/EngineMaterials/Substrate/GLints/dict_16_192_64_0p5_0p02_0011_0000.uasset" 5586
"../../../Engine/Content/EngineMaterials/Substrate/GLints/dict_16_192_64_0p5_0p02_0011_0001.uasset" 5587
"../../../Engine/Content/EngineMaterials/Substrate/GLints/dict_16_192_64_0p5_0p02_0011_0002.uasset" 5588
"../../../Engine/Content/EngineMaterials/Substrate/GLints/dict_16_192_64_0p5_0p02_0011_0003.uasset" 5589
"../../../Engine/Content/EngineMaterials/Substrate/GLints/dict_16_192_64_0p5_0p02_0011_0004.uasset" 5590
"../../../Engine/Content/EngineMaterials/Substrate/GLints/dict_16_192_64_0p5_0p02_0011_0005.uasset" 5591
"../../../Engine/Content/EngineMaterials/Substrate/GLints/dict_16_192_64_0p5_0p02_0011_0006.uasset" 5592
"../../../Engine/Content/EngineMaterials/Substrate/GLints/dict_16_192_64_0p5_0p02_0011_0007.uasset" 5593
"../../../Engine/Content/EngineMaterials/Substrate/GLints/dict_16_192_64_0p5_0p02_0011_0008.uasset" 5594
"../../../Engine/Content/EngineMaterials/Substrate/GLints/dict_16_192_64_0p5_0p02_0011_0009.uasset" 5595
"../../../Engine/Content/EngineMaterials/Substrate/GLints/dict_16_192_64_0p5_0p02_0011_0010.uasset" 5596
"../../../Engine/Content/EngineMaterials/Substrate/GLints/dict_16_192_64_0p5_0p02_0011_0011.uasset" 5597
"../../../Engine/Content/EngineMaterials/Substrate/GLints/dict_16_192_64_0p5_0p02_0011_0012.uasset" 5598
"../../../Engine/Content/EngineMaterials/Substrate/GLints/dict_16_192_64_0p5_0p02_0011_0013.uasset" 5599
"../../../Engine/Content/EngineMaterials/Substrate/GLints/dict_16_192_64_0p5_0p02_0011_0014.uasset" 5600
"../../../Engine/Content/EngineMaterials/Substrate/GLints/dict_16_192_64_0p5_0p02_0011_0015.uasset" 5601
"../../../Engine/Content/EngineMaterials/Substrate/GLints/dict_16_192_64_0p5_0p02_0012_0000.uasset" 5602
"../../../Engine/Content/EngineMaterials/Substrate/GLints/dict_16_192_64_0p5_0p02_0012_0001.uasset" 5603
"../../../Engine/Content/EngineMaterials/Substrate/GLints/dict_16_192_64_0p5_0p02_0012_0002.uasset" 5604
"../../../Engine/Content/EngineMaterials/Substrate/GLints/dict_16_192_64_0p5_0p02_0012_0003.uasset" 5605
"../../../Engine/Content/EngineMaterials/Substrate/GLints/dict_16_192_64_0p5_0p02_0012_0004.uasset" 5606
"../../../Engine/Content/EngineMaterials/Substrate/GLints/dict_16_192_64_0p5_0p02_0012_0005.uasset" 5607
"../../../Engine/Content/EngineMaterials/Substrate/GLints/dict_16_192_64_0p5_0p02_0012_0006.uasset" 5608
"../../../Engine/Content/EngineMaterials/Substrate/GLints/dict_16_192_64_0p5_0p02_0012_0007.uasset" 5609
"../../../Engine/Content/EngineMaterials/Substrate/GLints/dict_16_192_64_0p5_0p02_0012_0008.uasset" 5610
"../../../Engine/Content/EngineMaterials/Substrate/GLints/dict_16_192_64_0p5_0p02_0012_0009.uasset" 5611
"../../../Engine/Content/EngineMaterials/Substrate/GLints/dict_16_192_64_0p5_0p02_0012_0010.uasset" 5612
"../../../Engine/Content/EngineMaterials/Substrate/GLints/dict_16_192_64_0p5_0p02_0012_0011.uasset" 5613
"../../../Engine/Content/EngineMaterials/Substrate/GLints/dict_16_192_64_0p5_0p02_0012_0012.uasset" 5614
"../../../Engine/Content/EngineMaterials/Substrate/GLints/dict_16_192_64_0p5_0p02_0012_0013.uasset" 5615
"../../../Engine/Content/EngineMaterials/Substrate/GLints/dict_16_192_64_0p5_0p02_0012_0014.uasset" 5616
"../../../Engine/Content/EngineMaterials/Substrate/GLints/dict_16_192_64_0p5_0p02_0012_0015.uasset" 5617
"../../../Engine/Content/EngineMaterials/Substrate/GLints/dict_16_192_64_0p5_0p02_0013_0000.uasset" 5618
"../../../Engine/Content/EngineMaterials/Substrate/GLints/dict_16_192_64_0p5_0p02_0013_0001.uasset" 5619
"../../../Engine/Content/EngineMaterials/Substrate/GLints/dict_16_192_64_0p5_0p02_0013_0002.uasset" 5620
"../../../Engine/Content/EngineMaterials/Substrate/GLints/dict_16_192_64_0p5_0p02_0013_0003.uasset" 5621
"../../../Engine/Content/EngineMaterials/Substrate/GLints/dict_16_192_64_0p5_0p02_0013_0004.uasset" 5622
"../../../Engine/Content/EngineMaterials/Substrate/GLints/dict_16_192_64_0p5_0p02_0013_0005.uasset" 5623
"../../../Engine/Content/EngineMaterials/Substrate/GLints/dict_16_192_64_0p5_0p02_0013_0006.uasset" 5624
"../../../Engine/Content/EngineMaterials/Substrate/GLints/dict_16_192_64_0p5_0p02_0013_0007.uasset" 5625
"../../../Engine/Content/EngineMaterials/Substrate/GLints/dict_16_192_64_0p5_0p02_0013_0008.uasset" 5626
"../../../Engine/Content/EngineMaterials/Substrate/GLints/dict_16_192_64_0p5_0p02_0013_0009.uasset" 5627
"../../../Engine/Content/EngineMaterials/Substrate/GLints/dict_16_192_64_0p5_0p02_0013_0010.uasset" 5628
"../../../Engine/Content/EngineMaterials/Substrate/GLints/dict_16_192_64_0p5_0p02_0013_0011.uasset" 5629
"../../../Engine/Content/EngineMaterials/Substrate/GLints/dict_16_192_64_0p5_0p02_0013_0012.uasset" 5630
"../../../Engine/Content/EngineMaterials/Substrate/GLints/dict_16_192_64_0p5_0p02_0013_0013.uasset" 5631
"../../../Engine/Content/EngineMaterials/Substrate/GLints/dict_16_192_64_0p5_0p02_0013_0014.uasset" 5632
"../../../Engine/Content/EngineMaterials/Substrate/GLints/dict_16_192_64_0p5_0p02_0013_0015.uasset" 5633
"../../../Engine/Content/EngineMaterials/Substrate/GLints/dict_16_192_64_0p5_0p02_0014_0000.uasset" 5634
"../../../Engine/Content/EngineMaterials/Substrate/GLints/dict_16_192_64_0p5_0p02_0014_0001.uasset" 5635
"../../../Engine/Content/EngineMaterials/Substrate/GLints/dict_16_192_64_0p5_0p02_0014_0002.uasset" 5636
"../../../Engine/Content/EngineMaterials/Substrate/GLints/dict_16_192_64_0p5_0p02_0014_0003.uasset" 5637
"../../../Engine/Content/EngineMaterials/Substrate/GLints/dict_16_192_64_0p5_0p02_0014_0004.uasset" 5638
"../../../Engine/Content/EngineMaterials/Substrate/GLints/dict_16_192_64_0p5_0p02_0014_0005.uasset" 5639
"../../../Engine/Content/EngineMaterials/Substrate/GLints/dict_16_192_64_0p5_0p02_0014_0006.uasset" 5640
"../../../Engine/Content/EngineMaterials/Substrate/GLints/dict_16_192_64_0p5_0p02_0014_0007.uasset" 5641
"../../../Engine/Content/EngineMaterials/Substrate/GLints/dict_16_192_64_0p5_0p02_0014_0008.uasset" 5642
"../../../Engine/Content/EngineMaterials/Substrate/GLints/dict_16_192_64_0p5_0p02_0014_0009.uasset" 5643
"../../../Engine/Content/EngineMaterials/Substrate/GLints/dict_16_192_64_0p5_0p02_0014_0010.uasset" 5644
"../../../Engine/Content/EngineMaterials/Substrate/GLints/dict_16_192_64_0p5_0p02_0014_0011.uasset" 5645
"../../../Engine/Content/EngineMaterials/Substrate/GLints/dict_16_192_64_0p5_0p02_0014_0012.uasset" 5646
"../../../Engine/Content/EngineMaterials/Substrate/GLints/dict_16_192_64_0p5_0p02_0014_0013.uasset" 5647
"../../../Engine/Content/EngineMaterials/Substrate/GLints/dict_16_192_64_0p5_0p02_0014_0014.uasset" 5648
"../../../Engine/Content/EngineMaterials/Substrate/GLints/dict_16_192_64_0p5_0p02_0014_0015.uasset" 5649
"../../../Engine/Content/EngineMaterials/Substrate/GLints/dict_16_192_64_0p5_0p02_0015_0000.uasset" 5650
"../../../Engine/Content/EngineMaterials/Substrate/GLints/dict_16_192_64_0p5_0p02_0015_0001.uasset" 5651
"../../../Engine/Content/EngineMaterials/Substrate/GLints/dict_16_192_64_0p5_0p02_0015_0002.uasset" 5652
"../../../Engine/Content/EngineMaterials/Substrate/GLints/dict_16_192_64_0p5_0p02_0015_0003.uasset" 5653
"../../../Engine/Content/EngineMaterials/Substrate/GLints/dict_16_192_64_0p5_0p02_0015_0004.uasset" 5654
"../../../Engine/Content/EngineMaterials/Substrate/GLints/dict_16_192_64_0p5_0p02_0015_0005.uasset" 5655
"../../../Engine/Content/EngineMaterials/Substrate/GLints/dict_16_192_64_0p5_0p02_0015_0006.uasset" 5656
"../../../Engine/Content/EngineMaterials/Substrate/GLints/dict_16_192_64_0p5_0p02_0015_0007.uasset" 5657
"../../../Engine/Content/EngineMaterials/Substrate/GLints/dict_16_192_64_0p5_0p02_0015_0008.uasset" 5658
"../../../Engine/Content/EngineMaterials/Substrate/GLints/dict_16_192_64_0p5_0p02_0015_0009.uasset" 5659
"../../../Engine/Content/EngineMaterials/Substrate/GLints/dict_16_192_64_0p5_0p02_0015_0010.uasset" 5660
"../../../Engine/Content/EngineMaterials/Substrate/GLints/dict_16_192_64_0p5_0p02_0015_0011.uasset" 5661
"../../../Engine/Content/EngineMaterials/Substrate/GLints/dict_16_192_64_0p5_0p02_0015_0012.uasset" 5662
"../../../Engine/Content/EngineMaterials/Substrate/GLints/dict_16_192_64_0p5_0p02_0015_0013.uasset" 5663
"../../../Engine/Content/EngineMaterials/Substrate/GLints/dict_16_192_64_0p5_0p02_0015_0014.uasset" 5664
"../../../Engine/Content/EngineMaterials/Substrate/GLints/dict_16_192_64_0p5_0p02_0015_0015.uasset" 5665
"../../../Engine/Content/EngineMaterials/Substrate/GLints/dict_16_192_64_0p5_0p02_0016_0000.uasset" 5666
"../../../Engine/Content/EngineMaterials/Substrate/GLints/dict_16_192_64_0p5_0p02_0016_0001.uasset" 5667
"../../../Engine/Content/EngineMaterials/Substrate/GLints/dict_16_192_64_0p5_0p02_0016_0002.uasset" 5668
"../../../Engine/Content/EngineMaterials/Substrate/GLints/dict_16_192_64_0p5_0p02_0016_0003.uasset" 5669
"../../../Engine/Content/EngineMaterials/Substrate/GLints/dict_16_192_64_0p5_0p02_0016_0004.uasset" 5670
"../../../Engine/Content/EngineMaterials/Substrate/GLints/dict_16_192_64_0p5_0p02_0016_0005.uasset" 5671
"../../../Engine/Content/EngineMaterials/Substrate/GLints/dict_16_192_64_0p5_0p02_0016_0006.uasset" 5672
"../../../Engine/Content/EngineMaterials/Substrate/GLints/dict_16_192_64_0p5_0p02_0016_0007.uasset" 5673
"../../../Engine/Content/EngineMaterials/Substrate/GLints/dict_16_192_64_0p5_0p02_0016_0008.uasset" 5674
"../../../Engine/Content/EngineMaterials/Substrate/GLints/dict_16_192_64_0p5_0p02_0016_0009.uasset" 5675
"../../../Engine/Content/EngineMaterials/Substrate/GLints/dict_16_192_64_0p5_0p02_0016_0010.uasset" 5676
"../../../Engine/Content/EngineMaterials/Substrate/GLints/dict_16_192_64_0p5_0p02_0016_0011.uasset" 5677
"../../../Engine/Content/EngineMaterials/Substrate/GLints/dict_16_192_64_0p5_0p02_0016_0012.uasset" 5678
"../../../Engine/Content/EngineMaterials/Substrate/GLints/dict_16_192_64_0p5_0p02_0016_0013.uasset" 5679
"../../../Engine/Content/EngineMaterials/Substrate/GLints/dict_16_192_64_0p5_0p02_0016_0014.uasset" 5680
"../../../Engine/Content/EngineMaterials/Substrate/GLints/dict_16_192_64_0p5_0p02_0016_0015.uasset" 5681
"../../../Engine/Content/EngineMaterials/Substrate/GLints/dict_16_192_64_0p5_0p02_0017_0000.uasset" 5682
"../../../Engine/Content/EngineMaterials/Substrate/GLints/dict_16_192_64_0p5_0p02_0017_0001.uasset" 5683
"../../../Engine/Content/EngineMaterials/Substrate/GLints/dict_16_192_64_0p5_0p02_0017_0002.uasset" 5684
"../../../Engine/Content/EngineMaterials/Substrate/GLints/dict_16_192_64_0p5_0p02_0017_0003.uasset" 5685
"../../../Engine/Content/EngineMaterials/Substrate/GLints/dict_16_192_64_0p5_0p02_0017_0004.uasset" 5686
"../../../Engine/Content/EngineMaterials/Substrate/GLints/dict_16_192_64_0p5_0p02_0017_0005.uasset" 5687
"../../../Engine/Content/EngineMaterials/Substrate/GLints/dict_16_192_64_0p5_0p02_0017_0006.uasset" 5688
"../../../Engine/Content/EngineMaterials/Substrate/GLints/dict_16_192_64_0p5_0p02_0017_0007.uasset" 5689
"../../../Engine/Content/EngineMaterials/Substrate/GLints/dict_16_192_64_0p5_0p02_0017_0008.uasset" 5690
"../../../Engine/Content/EngineMaterials/Substrate/GLints/dict_16_192_64_0p5_0p02_0017_0009.uasset" 5691
"../../../Engine/Content/EngineMaterials/Substrate/GLints/dict_16_192_64_0p5_0p02_0017_0010.uasset" 5692
"../../../Engine/Content/EngineMaterials/Substrate/GLints/dict_16_192_64_0p5_0p02_0017_0011.uasset" 5693
"../../../Engine/Content/EngineMaterials/Substrate/GLints/dict_16_192_64_0p5_0p02_0017_0012.uasset" 5694
"../../../Engine/Content/EngineMaterials/Substrate/GLints/dict_16_192_64_0p5_0p02_0017_0013.uasset" 5695
"../../../Engine/Content/EngineMaterials/Substrate/GLints/dict_16_192_64_0p5_0p02_0017_0014.uasset" 5696
"../../../Engine/Content/EngineMaterials/Substrate/GLints/dict_16_192_64_0p5_0p02_0017_0015.uasset" 5697
"../../../Engine/Content/EngineMaterials/Substrate/GLints/dict_16_192_64_0p5_0p02_0018_0000.uasset" 5698
"../../../Engine/Content/EngineMaterials/Substrate/GLints/dict_16_192_64_0p5_0p02_0018_0001.uasset" 5699
"../../../Engine/Content/EngineMaterials/Substrate/GLints/dict_16_192_64_0p5_0p02_0018_0002.uasset" 5700
"../../../Engine/Content/EngineMaterials/Substrate/GLints/dict_16_192_64_0p5_0p02_0018_0003.uasset" 5701
"../../../Engine/Content/EngineMaterials/Substrate/GLints/dict_16_192_64_0p5_0p02_0018_0004.uasset" 5702
"../../../Engine/Content/EngineMaterials/Substrate/GLints/dict_16_192_64_0p5_0p02_0018_0005.uasset" 5703
"../../../Engine/Content/EngineMaterials/Substrate/GLints/dict_16_192_64_0p5_0p02_0018_0006.uasset" 5704
"../../../Engine/Content/EngineMaterials/Substrate/GLints/dict_16_192_64_0p5_0p02_0018_0007.uasset" 5705
"../../../Engine/Content/EngineMaterials/Substrate/GLints/dict_16_192_64_0p5_0p02_0018_0008.uasset" 5706
"../../../Engine/Content/EngineMaterials/Substrate/GLints/dict_16_192_64_0p5_0p02_0018_0009.uasset" 5707
"../../../Engine/Content/EngineMaterials/Substrate/GLints/dict_16_192_64_0p5_0p02_0018_0010.uasset" 5708
"../../../Engine/Content/EngineMaterials/Substrate/GLints/dict_16_192_64_0p5_0p02_0018_0011.uasset" 5709
"../../../Engine/Content/EngineMaterials/Substrate/GLints/dict_16_192_64_0p5_0p02_0018_0012.uasset" 5710
"../../../Engine/Content/EngineMaterials/Substrate/GLints/dict_16_192_64_0p5_0p02_0018_0013.uasset" 5711
"../../../Engine/Content/EngineMaterials/Substrate/GLints/dict_16_192_64_0p5_0p02_0018_0014.uasset" 5712
"../../../Engine/Content/EngineMaterials/Substrate/GLints/dict_16_192_64_0p5_0p02_0018_0015.uasset" 5713
"../../../Engine/Content/EngineMaterials/Substrate/GLints/dict_16_192_64_0p5_0p02_0019_0000.uasset" 5714
"../../../Engine/Content/EngineMaterials/Substrate/GLints/dict_16_192_64_0p5_0p02_0019_0001.uasset" 5715
"../../../Engine/Content/EngineMaterials/Substrate/GLints/dict_16_192_64_0p5_0p02_0019_0002.uasset" 5716
"../../../Engine/Content/EngineMaterials/Substrate/GLints/dict_16_192_64_0p5_0p02_0019_0003.uasset" 5717
"../../../Engine/Content/EngineMaterials/Substrate/GLints/dict_16_192_64_0p5_0p02_0019_0004.uasset" 5718
"../../../Engine/Content/EngineMaterials/Substrate/GLints/dict_16_192_64_0p5_0p02_0019_0005.uasset" 5719
"../../../Engine/Content/EngineMaterials/Substrate/GLints/dict_16_192_64_0p5_0p02_0019_0006.uasset" 5720
"../../../Engine/Content/EngineMaterials/Substrate/GLints/dict_16_192_64_0p5_0p02_0019_0007.uasset" 5721
"../../../Engine/Content/EngineMaterials/Substrate/GLints/dict_16_192_64_0p5_0p02_0019_0008.uasset" 5722
"../../../Engine/Content/EngineMaterials/Substrate/GLints/dict_16_192_64_0p5_0p02_0019_0009.uasset" 5723
"../../../Engine/Content/EngineMaterials/Substrate/GLints/dict_16_192_64_0p5_0p02_0019_0010.uasset" 5724
"../../../Engine/Content/EngineMaterials/Substrate/GLints/dict_16_192_64_0p5_0p02_0019_0011.uasset" 5725
"../../../Engine/Content/EngineMaterials/Substrate/GLints/dict_16_192_64_0p5_0p02_0019_0012.uasset" 5726
"../../../Engine/Content/EngineMaterials/Substrate/GLints/dict_16_192_64_0p5_0p02_0019_0013.uasset" 5727
"../../../Engine/Content/EngineMaterials/Substrate/GLints/dict_16_192_64_0p5_0p02_0019_0014.uasset" 5728
"../../../Engine/Content/EngineMaterials/Substrate/GLints/dict_16_192_64_0p5_0p02_0019_0015.uasset" 5729
"../../../Engine/Content/EngineMaterials/Substrate/GLints/dict_16_192_64_0p5_0p02_0020_0000.uasset" 5730
"../../../Engine/Content/EngineMaterials/Substrate/GLints/dict_16_192_64_0p5_0p02_0020_0001.uasset" 5731
"../../../Engine/Content/EngineMaterials/Substrate/GLints/dict_16_192_64_0p5_0p02_0020_0002.uasset" 5732
"../../../Engine/Content/EngineMaterials/Substrate/GLints/dict_16_192_64_0p5_0p02_0020_0003.uasset" 5733
"../../../Engine/Content/EngineMaterials/Substrate/GLints/dict_16_192_64_0p5_0p02_0020_0004.uasset" 5734
"../../../Engine/Content/EngineMaterials/Substrate/GLints/dict_16_192_64_0p5_0p02_0020_0005.uasset" 5735
"../../../Engine/Content/EngineMaterials/Substrate/GLints/dict_16_192_64_0p5_0p02_0020_0006.uasset" 5736
"../../../Engine/Content/EngineMaterials/Substrate/GLints/dict_16_192_64_0p5_0p02_0020_0007.uasset" 5737
"../../../Engine/Content/EngineMaterials/Substrate/GLints/dict_16_192_64_0p5_0p02_0020_0008.uasset" 5738
"../../../Engine/Content/EngineMaterials/Substrate/GLints/dict_16_192_64_0p5_0p02_0020_0009.uasset" 5739
"../../../Engine/Content/EngineMaterials/Substrate/GLints/dict_16_192_64_0p5_0p02_0020_0010.uasset" 5740
"../../../Engine/Content/EngineMaterials/Substrate/GLints/dict_16_192_64_0p5_0p02_0020_0011.uasset" 5741
"../../../Engine/Content/EngineMaterials/Substrate/GLints/dict_16_192_64_0p5_0p02_0020_0012.uasset" 5742
"../../../Engine/Content/EngineMaterials/Substrate/GLints/dict_16_192_64_0p5_0p02_0020_0013.uasset" 5743
"../../../Engine/Content/EngineMaterials/Substrate/GLints/dict_16_192_64_0p5_0p02_0020_0014.uasset" 5744
"../../../Engine/Content/EngineMaterials/Substrate/GLints/dict_16_192_64_0p5_0p02_0020_0015.uasset" 5745
"../../../Engine/Content/EngineMaterials/Substrate/GLints/dict_16_192_64_0p5_0p02_0021_0000.uasset" 5746
"../../../Engine/Content/EngineMaterials/Substrate/GLints/dict_16_192_64_0p5_0p02_0021_0001.uasset" 5747
"../../../Engine/Content/EngineMaterials/Substrate/GLints/dict_16_192_64_0p5_0p02_0021_0002.uasset" 5748
"../../../Engine/Content/EngineMaterials/Substrate/GLints/dict_16_192_64_0p5_0p02_0021_0003.uasset" 5749
"../../../Engine/Content/EngineMaterials/Substrate/GLints/dict_16_192_64_0p5_0p02_0021_0004.uasset" 5750
"../../../Engine/Content/EngineMaterials/Substrate/GLints/dict_16_192_64_0p5_0p02_0021_0005.uasset" 5751
"../../../Engine/Content/EngineMaterials/Substrate/GLints/dict_16_192_64_0p5_0p02_0021_0006.uasset" 5752
"../../../Engine/Content/EngineMaterials/Substrate/GLints/dict_16_192_64_0p5_0p02_0021_0007.uasset" 5753
"../../../Engine/Content/EngineMaterials/Substrate/GLints/dict_16_192_64_0p5_0p02_0021_0008.uasset" 5754
"../../../Engine/Content/EngineMaterials/Substrate/GLints/dict_16_192_64_0p5_0p02_0021_0009.uasset" 5755
"../../../Engine/Content/EngineMaterials/Substrate/GLints/dict_16_192_64_0p5_0p02_0021_0010.uasset" 5756
"../../../Engine/Content/EngineMaterials/Substrate/GLints/dict_16_192_64_0p5_0p02_0021_0011.uasset" 5757
"../../../Engine/Content/EngineMaterials/Substrate/GLints/dict_16_192_64_0p5_0p02_0021_0012.uasset" 5758
"../../../Engine/Content/EngineMaterials/Substrate/GLints/dict_16_192_64_0p5_0p02_0021_0013.uasset" 5759
"../../../Engine/Content/EngineMaterials/Substrate/GLints/dict_16_192_64_0p5_0p02_0021_0014.uasset" 5760
"../../../Engine/Content/EngineMaterials/Substrate/GLints/dict_16_192_64_0p5_0p02_0021_0015.uasset" 5761
"../../../Engine/Content/EngineMaterials/Substrate/GLints/dict_16_192_64_0p5_0p02_0022_0000.uasset" 5762
"../../../Engine/Content/EngineMaterials/Substrate/GLints/dict_16_192_64_0p5_0p02_0022_0001.uasset" 5763
"../../../Engine/Content/EngineMaterials/Substrate/GLints/dict_16_192_64_0p5_0p02_0022_0002.uasset" 5764
"../../../Engine/Content/EngineMaterials/Substrate/GLints/dict_16_192_64_0p5_0p02_0022_0003.uasset" 5765
"../../../Engine/Content/EngineMaterials/Substrate/GLints/dict_16_192_64_0p5_0p02_0022_0004.uasset" 5766
"../../../Engine/Content/EngineMaterials/Substrate/GLints/dict_16_192_64_0p5_0p02_0022_0005.uasset" 5767
"../../../Engine/Content/EngineMaterials/Substrate/GLints/dict_16_192_64_0p5_0p02_0022_0006.uasset" 5768
"../../../Engine/Content/EngineMaterials/Substrate/GLints/dict_16_192_64_0p5_0p02_0022_0007.uasset" 5769
"../../../Engine/Content/EngineMaterials/Substrate/GLints/dict_16_192_64_0p5_0p02_0022_0008.uasset" 5770
"../../../Engine/Content/EngineMaterials/Substrate/GLints/dict_16_192_64_0p5_0p02_0022_0009.uasset" 5771
"../../../Engine/Content/EngineMaterials/Substrate/GLints/dict_16_192_64_0p5_0p02_0022_0010.uasset" 5772
"../../../Engine/Content/EngineMaterials/Substrate/GLints/dict_16_192_64_0p5_0p02_0022_0011.uasset" 5773
"../../../Engine/Content/EngineMaterials/Substrate/GLints/dict_16_192_64_0p5_0p02_0022_0012.uasset" 5774
"../../../Engine/Content/EngineMaterials/Substrate/GLints/dict_16_192_64_0p5_0p02_0022_0013.uasset" 5775
"../../../Engine/Content/EngineMaterials/Substrate/GLints/dict_16_192_64_0p5_0p02_0022_0014.uasset" 5776
"../../../Engine/Content/EngineMaterials/Substrate/GLints/dict_16_192_64_0p5_0p02_0022_0015.uasset" 5777
"../../../Engine/Content/EngineMaterials/Substrate/GLints/dict_16_192_64_0p5_0p02_0023_0000.uasset" 5778
"../../../Engine/Content/EngineMaterials/Substrate/GLints/dict_16_192_64_0p5_0p02_0023_0001.uasset" 5779
"../../../Engine/Content/EngineMaterials/Substrate/GLints/dict_16_192_64_0p5_0p02_0023_0002.uasset" 5780
"../../../Engine/Content/EngineMaterials/Substrate/GLints/dict_16_192_64_0p5_0p02_0023_0003.uasset" 5781
"../../../Engine/Content/EngineMaterials/Substrate/GLints/dict_16_192_64_0p5_0p02_0023_0004.uasset" 5782
"../../../Engine/Content/EngineMaterials/Substrate/GLints/dict_16_192_64_0p5_0p02_0023_0005.uasset" 5783
"../../../Engine/Content/EngineMaterials/Substrate/GLints/dict_16_192_64_0p5_0p02_0023_0006.uasset" 5784
"../../../Engine/Content/EngineMaterials/Substrate/GLints/dict_16_192_64_0p5_0p02_0023_0007.uasset" 5785
"../../../Engine/Content/EngineMaterials/Substrate/GLints/dict_16_192_64_0p5_0p02_0023_0008.uasset" 5786
"../../../Engine/Content/EngineMaterials/Substrate/GLints/dict_16_192_64_0p5_0p02_0023_0009.uasset" 5787
"../../../Engine/Content/EngineMaterials/Substrate/GLints/dict_16_192_64_0p5_0p02_0023_0010.uasset" 5788
"../../../Engine/Content/EngineMaterials/Substrate/GLints/dict_16_192_64_0p5_0p02_0023_0011.uasset" 5789
"../../../Engine/Content/EngineMaterials/Substrate/GLints/dict_16_192_64_0p5_0p02_0023_0012.uasset" 5790
"../../../Engine/Content/EngineMaterials/Substrate/GLints/dict_16_192_64_0p5_0p02_0023_0013.uasset" 5791
"../../../Engine/Content/EngineMaterials/Substrate/GLints/dict_16_192_64_0p5_0p02_0023_0014.uasset" 5792
"../../../Engine/Content/EngineMaterials/Substrate/GLints/dict_16_192_64_0p5_0p02_0023_0015.uasset" 5793
"../../../Engine/Content/EngineMaterials/Substrate/GLints/dict_16_192_64_0p5_0p02_0024_0000.uasset" 5794
"../../../Engine/Content/EngineMaterials/Substrate/GLints/dict_16_192_64_0p5_0p02_0024_0001.uasset" 5795
"../../../Engine/Content/EngineMaterials/Substrate/GLints/dict_16_192_64_0p5_0p02_0024_0002.uasset" 5796
"../../../Engine/Content/EngineMaterials/Substrate/GLints/dict_16_192_64_0p5_0p02_0024_0003.uasset" 5797
"../../../Engine/Content/EngineMaterials/Substrate/GLints/dict_16_192_64_0p5_0p02_0024_0004.uasset" 5798
"../../../Engine/Content/EngineMaterials/Substrate/GLints/dict_16_192_64_0p5_0p02_0024_0005.uasset" 5799
"../../../Engine/Content/EngineMaterials/Substrate/GLints/dict_16_192_64_0p5_0p02_0024_0006.uasset" 5800
"../../../Engine/Content/EngineMaterials/Substrate/GLints/dict_16_192_64_0p5_0p02_0024_0007.uasset" 5801
"../../../Engine/Content/EngineMaterials/Substrate/GLints/dict_16_192_64_0p5_0p02_0024_0008.uasset" 5802
"../../../Engine/Content/EngineMaterials/Substrate/GLints/dict_16_192_64_0p5_0p02_0024_0009.uasset" 5803
"../../../Engine/Content/EngineMaterials/Substrate/GLints/dict_16_192_64_0p5_0p02_0024_0010.uasset" 5804
"../../../Engine/Content/EngineMaterials/Substrate/GLints/dict_16_192_64_0p5_0p02_0024_0011.uasset" 5805
"../../../Engine/Content/EngineMaterials/Substrate/GLints/dict_16_192_64_0p5_0p02_0024_0012.uasset" 5806
"../../../Engine/Content/EngineMaterials/Substrate/GLints/dict_16_192_64_0p5_0p02_0024_0013.uasset" 5807
"../../../Engine/Content/EngineMaterials/Substrate/GLints/dict_16_192_64_0p5_0p02_0024_0014.uasset" 5808
"../../../Engine/Content/EngineMaterials/Substrate/GLints/dict_16_192_64_0p5_0p02_0024_0015.uasset" 5809
"../../../Engine/Content/EngineMaterials/Substrate/GLints/dict_16_192_64_0p5_0p02_0025_0000.uasset" 5810
"../../../Engine/Content/EngineMaterials/Substrate/GLints/dict_16_192_64_0p5_0p02_0025_0001.uasset" 5811
"../../../Engine/Content/EngineMaterials/Substrate/GLints/dict_16_192_64_0p5_0p02_0025_0002.uasset" 5812
"../../../Engine/Content/EngineMaterials/Substrate/GLints/dict_16_192_64_0p5_0p02_0025_0003.uasset" 5813
"../../../Engine/Content/EngineMaterials/Substrate/GLints/dict_16_192_64_0p5_0p02_0025_0004.uasset" 5814
"../../../Engine/Content/EngineMaterials/Substrate/GLints/dict_16_192_64_0p5_0p02_0025_0005.uasset" 5815
"../../../Engine/Content/EngineMaterials/Substrate/GLints/dict_16_192_64_0p5_0p02_0025_0006.uasset" 5816
"../../../Engine/Content/EngineMaterials/Substrate/GLints/dict_16_192_64_0p5_0p02_0025_0007.uasset" 5817
"../../../Engine/Content/EngineMaterials/Substrate/GLints/dict_16_192_64_0p5_0p02_0025_0008.uasset" 5818
"../../../Engine/Content/EngineMaterials/Substrate/GLints/dict_16_192_64_0p5_0p02_0025_0009.uasset" 5819
"../../../Engine/Content/EngineMaterials/Substrate/GLints/dict_16_192_64_0p5_0p02_0025_0010.uasset" 5820
"../../../Engine/Content/EngineMaterials/Substrate/GLints/dict_16_192_64_0p5_0p02_0025_0011.uasset" 5821
"../../../Engine/Content/EngineMaterials/Substrate/GLints/dict_16_192_64_0p5_0p02_0025_0012.uasset" 5822
"../../../Engine/Content/EngineMaterials/Substrate/GLints/dict_16_192_64_0p5_0p02_0025_0013.uasset" 5823
"../../../Engine/Content/EngineMaterials/Substrate/GLints/dict_16_192_64_0p5_0p02_0025_0014.uasset" 5824
"../../../Engine/Content/EngineMaterials/Substrate/GLints/dict_16_192_64_0p5_0p02_0025_0015.uasset" 5825
"../../../Engine/Content/EngineMaterials/Substrate/GLints/dict_16_192_64_0p5_0p02_0026_0000.uasset" 5826
"../../../Engine/Content/EngineMaterials/Substrate/GLints/dict_16_192_64_0p5_0p02_0026_0001.uasset" 5827
"../../../Engine/Content/EngineMaterials/Substrate/GLints/dict_16_192_64_0p5_0p02_0026_0002.uasset" 5828
"../../../Engine/Content/EngineMaterials/Substrate/GLints/dict_16_192_64_0p5_0p02_0026_0003.uasset" 5829
"../../../Engine/Content/EngineMaterials/Substrate/GLints/dict_16_192_64_0p5_0p02_0026_0004.uasset" 5830
"../../../Engine/Content/EngineMaterials/Substrate/GLints/dict_16_192_64_0p5_0p02_0026_0005.uasset" 5831
"../../../Engine/Content/EngineMaterials/Substrate/GLints/dict_16_192_64_0p5_0p02_0026_0006.uasset" 5832
"../../../Engine/Content/EngineMaterials/Substrate/GLints/dict_16_192_64_0p5_0p02_0026_0007.uasset" 5833
"../../../Engine/Content/EngineMaterials/Substrate/GLints/dict_16_192_64_0p5_0p02_0026_0008.uasset" 5834
"../../../Engine/Content/EngineMaterials/Substrate/GLints/dict_16_192_64_0p5_0p02_0026_0009.uasset" 5835
"../../../Engine/Content/EngineMaterials/Substrate/GLints/dict_16_192_64_0p5_0p02_0026_0010.uasset" 5836
"../../../Engine/Content/EngineMaterials/Substrate/GLints/dict_16_192_64_0p5_0p02_0026_0011.uasset" 5837
"../../../Engine/Content/EngineMaterials/Substrate/GLints/dict_16_192_64_0p5_0p02_0026_0012.uasset" 5838
"../../../Engine/Content/EngineMaterials/Substrate/GLints/dict_16_192_64_0p5_0p02_0026_0013.uasset" 5839
"../../../Engine/Content/EngineMaterials/Substrate/GLints/dict_16_192_64_0p5_0p02_0026_0014.uasset" 5840
"../../../Engine/Content/EngineMaterials/Substrate/GLints/dict_16_192_64_0p5_0p02_0026_0015.uasset" 5841
"../../../Engine/Content/EngineMaterials/Substrate/GLints/dict_16_192_64_0p5_0p02_0027_0000.uasset" 5842
"../../../Engine/Content/EngineMaterials/Substrate/GLints/dict_16_192_64_0p5_0p02_0027_0001.uasset" 5843
"../../../Engine/Content/EngineMaterials/Substrate/GLints/dict_16_192_64_0p5_0p02_0027_0002.uasset" 5844
"../../../Engine/Content/EngineMaterials/Substrate/GLints/dict_16_192_64_0p5_0p02_0027_0003.uasset" 5845
"../../../Engine/Content/EngineMaterials/Substrate/GLints/dict_16_192_64_0p5_0p02_0027_0004.uasset" 5846
"../../../Engine/Content/EngineMaterials/Substrate/GLints/dict_16_192_64_0p5_0p02_0027_0005.uasset" 5847
"../../../Engine/Content/EngineMaterials/Substrate/GLints/dict_16_192_64_0p5_0p02_0027_0006.uasset" 5848
"../../../Engine/Content/EngineMaterials/Substrate/GLints/dict_16_192_64_0p5_0p02_0027_0007.uasset" 5849
"../../../Engine/Content/EngineMaterials/Substrate/GLints/dict_16_192_64_0p5_0p02_0027_0008.uasset" 5850
"../../../Engine/Content/EngineMaterials/Substrate/GLints/dict_16_192_64_0p5_0p02_0027_0009.uasset" 5851
"../../../Engine/Content/EngineMaterials/Substrate/GLints/dict_16_192_64_0p5_0p02_0027_0010.uasset" 5852
"../../../Engine/Content/EngineMaterials/Substrate/GLints/dict_16_192_64_0p5_0p02_0027_0011.uasset" 5853
"../../../Engine/Content/EngineMaterials/Substrate/GLints/dict_16_192_64_0p5_0p02_0027_0012.uasset" 5854
"../../../Engine/Content/EngineMaterials/Substrate/GLints/dict_16_192_64_0p5_0p02_0027_0013.uasset" 5855
"../../../Engine/Content/EngineMaterials/Substrate/GLints/dict_16_192_64_0p5_0p02_0027_0014.uasset" 5856
"../../../Engine/Content/EngineMaterials/Substrate/GLints/dict_16_192_64_0p5_0p02_0027_0015.uasset" 5857
"../../../Engine/Content/EngineMaterials/Substrate/GLints/dict_16_192_64_0p5_0p02_0028_0000.uasset" 5858
"../../../Engine/Content/EngineMaterials/Substrate/GLints/dict_16_192_64_0p5_0p02_0028_0001.uasset" 5859
"../../../Engine/Content/EngineMaterials/Substrate/GLints/dict_16_192_64_0p5_0p02_0028_0002.uasset" 5860
"../../../Engine/Content/EngineMaterials/Substrate/GLints/dict_16_192_64_0p5_0p02_0028_0003.uasset" 5861
"../../../Engine/Content/EngineMaterials/Substrate/GLints/dict_16_192_64_0p5_0p02_0028_0004.uasset" 5862
"../../../Engine/Content/EngineMaterials/Substrate/GLints/dict_16_192_64_0p5_0p02_0028_0005.uasset" 5863
"../../../Engine/Content/EngineMaterials/Substrate/GLints/dict_16_192_64_0p5_0p02_0028_0006.uasset" 5864
"../../../Engine/Content/EngineMaterials/Substrate/GLints/dict_16_192_64_0p5_0p02_0028_0007.uasset" 5865
"../../../Engine/Content/EngineMaterials/Substrate/GLints/dict_16_192_64_0p5_0p02_0028_0008.uasset" 5866
"../../../Engine/Content/EngineMaterials/Substrate/GLints/dict_16_192_64_0p5_0p02_0028_0009.uasset" 5867
"../../../Engine/Content/EngineMaterials/Substrate/GLints/dict_16_192_64_0p5_0p02_0028_0010.uasset" 5868
"../../../Engine/Content/EngineMaterials/Substrate/GLints/dict_16_192_64_0p5_0p02_0028_0011.uasset" 5869
"../../../Engine/Content/EngineMaterials/Substrate/GLints/dict_16_192_64_0p5_0p02_0028_0012.uasset" 5870
"../../../Engine/Content/EngineMaterials/Substrate/GLints/dict_16_192_64_0p5_0p02_0028_0013.uasset" 5871
"../../../Engine/Content/EngineMaterials/Substrate/GLints/dict_16_192_64_0p5_0p02_0028_0014.uasset" 5872
"../../../Engine/Content/EngineMaterials/Substrate/GLints/dict_16_192_64_0p5_0p02_0028_0015.uasset" 5873
"../../../Engine/Content/EngineMaterials/Substrate/GLints/dict_16_192_64_0p5_0p02_0029_0000.uasset" 5874
"../../../Engine/Content/EngineMaterials/Substrate/GLints/dict_16_192_64_0p5_0p02_0029_0001.uasset" 5875
"../../../Engine/Content/EngineMaterials/Substrate/GLints/dict_16_192_64_0p5_0p02_0029_0002.uasset" 5876
"../../../Engine/Content/EngineMaterials/Substrate/GLints/dict_16_192_64_0p5_0p02_0029_0003.uasset" 5877
"../../../Engine/Content/EngineMaterials/Substrate/GLints/dict_16_192_64_0p5_0p02_0029_0004.uasset" 5878
"../../../Engine/Content/EngineMaterials/Substrate/GLints/dict_16_192_64_0p5_0p02_0029_0005.uasset" 5879
"../../../Engine/Content/EngineMaterials/Substrate/GLints/dict_16_192_64_0p5_0p02_0029_0006.uasset" 5880
"../../../Engine/Content/EngineMaterials/Substrate/GLints/dict_16_192_64_0p5_0p02_0029_0007.uasset" 5881
"../../../Engine/Content/EngineMaterials/Substrate/GLints/dict_16_192_64_0p5_0p02_0029_0008.uasset" 5882
"../../../Engine/Content/EngineMaterials/Substrate/GLints/dict_16_192_64_0p5_0p02_0029_0009.uasset" 5883
"../../../Engine/Content/EngineMaterials/Substrate/GLints/dict_16_192_64_0p5_0p02_0029_0010.uasset" 5884
"../../../Engine/Content/EngineMaterials/Substrate/GLints/dict_16_192_64_0p5_0p02_0029_0011.uasset" 5885
"../../../Engine/Content/EngineMaterials/Substrate/GLints/dict_16_192_64_0p5_0p02_0029_0012.uasset" 5886
"../../../Engine/Content/EngineMaterials/Substrate/GLints/dict_16_192_64_0p5_0p02_0029_0013.uasset" 5887
"../../../Engine/Content/EngineMaterials/Substrate/GLints/dict_16_192_64_0p5_0p02_0029_0014.uasset" 5888
"../../../Engine/Content/EngineMaterials/Substrate/GLints/dict_16_192_64_0p5_0p02_0029_0015.uasset" 5889
"../../../Engine/Content/EngineMaterials/Substrate/GLints/dict_16_192_64_0p5_0p02_0030_0000.uasset" 5890
"../../../Engine/Content/EngineMaterials/Substrate/GLints/dict_16_192_64_0p5_0p02_0030_0001.uasset" 5891
"../../../Engine/Content/EngineMaterials/Substrate/GLints/dict_16_192_64_0p5_0p02_0030_0002.uasset" 5892
"../../../Engine/Content/EngineMaterials/Substrate/GLints/dict_16_192_64_0p5_0p02_0030_0003.uasset" 5893
"../../../Engine/Content/EngineMaterials/Substrate/GLints/dict_16_192_64_0p5_0p02_0030_0004.uasset" 5894
"../../../Engine/Content/EngineMaterials/Substrate/GLints/dict_16_192_64_0p5_0p02_0030_0005.uasset" 5895
"../../../Engine/Content/EngineMaterials/Substrate/GLints/dict_16_192_64_0p5_0p02_0030_0006.uasset" 5896
"../../../Engine/Content/EngineMaterials/Substrate/GLints/dict_16_192_64_0p5_0p02_0030_0007.uasset" 5897
"../../../Engine/Content/EngineMaterials/Substrate/GLints/dict_16_192_64_0p5_0p02_0030_0008.uasset" 5898
"../../../Engine/Content/EngineMaterials/Substrate/GLints/dict_16_192_64_0p5_0p02_0030_0009.uasset" 5899
"../../../Engine/Content/EngineMaterials/Substrate/GLints/dict_16_192_64_0p5_0p02_0030_0010.uasset" 5900
"../../../Engine/Content/EngineMaterials/Substrate/GLints/dict_16_192_64_0p5_0p02_0030_0011.uasset" 5901
"../../../Engine/Content/EngineMaterials/Substrate/GLints/dict_16_192_64_0p5_0p02_0030_0012.uasset" 5902
"../../../Engine/Content/EngineMaterials/Substrate/GLints/dict_16_192_64_0p5_0p02_0030_0013.uasset" 5903
"../../../Engine/Content/EngineMaterials/Substrate/GLints/dict_16_192_64_0p5_0p02_0030_0014.uasset" 5904
"../../../Engine/Content/EngineMaterials/Substrate/GLints/dict_16_192_64_0p5_0p02_0030_0015.uasset" 5905
"../../../Engine/Content/EngineMaterials/Substrate/GLints/dict_16_192_64_0p5_0p02_0031_0000.uasset" 5906
"../../../Engine/Content/EngineMaterials/Substrate/GLints/dict_16_192_64_0p5_0p02_0031_0001.uasset" 5907
"../../../Engine/Content/EngineMaterials/Substrate/GLints/dict_16_192_64_0p5_0p02_0031_0002.uasset" 5908
"../../../Engine/Content/EngineMaterials/Substrate/GLints/dict_16_192_64_0p5_0p02_0031_0003.uasset" 5909
"../../../Engine/Content/EngineMaterials/Substrate/GLints/dict_16_192_64_0p5_0p02_0031_0004.uasset" 5910
"../../../Engine/Content/EngineMaterials/Substrate/GLints/dict_16_192_64_0p5_0p02_0031_0005.uasset" 5911
"../../../Engine/Content/EngineMaterials/Substrate/GLints/dict_16_192_64_0p5_0p02_0031_0006.uasset" 5912
"../../../Engine/Content/EngineMaterials/Substrate/GLints/dict_16_192_64_0p5_0p02_0031_0007.uasset" 5913
"../../../Engine/Content/EngineMaterials/Substrate/GLints/dict_16_192_64_0p5_0p02_0031_0008.uasset" 5914
"../../../Engine/Content/EngineMaterials/Substrate/GLints/dict_16_192_64_0p5_0p02_0031_0009.uasset" 5915
"../../../Engine/Content/EngineMaterials/Substrate/GLints/dict_16_192_64_0p5_0p02_0031_0010.uasset" 5916
"../../../Engine/Content/EngineMaterials/Substrate/GLints/dict_16_192_64_0p5_0p02_0031_0011.uasset" 5917
"../../../Engine/Content/EngineMaterials/Substrate/GLints/dict_16_192_64_0p5_0p02_0031_0012.uasset" 5918
"../../../Engine/Content/EngineMaterials/Substrate/GLints/dict_16_192_64_0p5_0p02_0031_0013.uasset" 5919
"../../../Engine/Content/EngineMaterials/Substrate/GLints/dict_16_192_64_0p5_0p02_0031_0014.uasset" 5920
"../../../Engine/Content/EngineMaterials/Substrate/GLints/dict_16_192_64_0p5_0p02_0031_0015.uasset" 5921
"../../../Engine/Content/EngineMaterials/Substrate/GLints/dict_16_192_64_0p5_0p02_0032_0000.uasset" 5922
"../../../Engine/Content/EngineMaterials/Substrate/GLints/dict_16_192_64_0p5_0p02_0032_0001.uasset" 5923
"../../../Engine/Content/EngineMaterials/Substrate/GLints/dict_16_192_64_0p5_0p02_0032_0002.uasset" 5924
"../../../Engine/Content/EngineMaterials/Substrate/GLints/dict_16_192_64_0p5_0p02_0032_0003.uasset" 5925
"../../../Engine/Content/EngineMaterials/Substrate/GLints/dict_16_192_64_0p5_0p02_0032_0004.uasset" 5926
"../../../Engine/Content/EngineMaterials/Substrate/GLints/dict_16_192_64_0p5_0p02_0032_0005.uasset" 5927
"../../../Engine/Content/EngineMaterials/Substrate/GLints/dict_16_192_64_0p5_0p02_0032_0006.uasset" 5928
"../../../Engine/Content/EngineMaterials/Substrate/GLints/dict_16_192_64_0p5_0p02_0032_0007.uasset" 5929
"../../../Engine/Content/EngineMaterials/Substrate/GLints/dict_16_192_64_0p5_0p02_0032_0008.uasset" 5930
"../../../Engine/Content/EngineMaterials/Substrate/GLints/dict_16_192_64_0p5_0p02_0032_0009.uasset" 5931
"../../../Engine/Content/EngineMaterials/Substrate/GLints/dict_16_192_64_0p5_0p02_0032_0010.uasset" 5932
"../../../Engine/Content/EngineMaterials/Substrate/GLints/dict_16_192_64_0p5_0p02_0032_0011.uasset" 5933
"../../../Engine/Content/EngineMaterials/Substrate/GLints/dict_16_192_64_0p5_0p02_0032_0012.uasset" 5934
"../../../Engine/Content/EngineMaterials/Substrate/GLints/dict_16_192_64_0p5_0p02_0032_0013.uasset" 5935
"../../../Engine/Content/EngineMaterials/Substrate/GLints/dict_16_192_64_0p5_0p02_0032_0014.uasset" 5936
"../../../Engine/Content/EngineMaterials/Substrate/GLints/dict_16_192_64_0p5_0p02_0032_0015.uasset" 5937
"../../../Engine/Content/EngineMaterials/Substrate/GLints/dict_16_192_64_0p5_0p02_0033_0000.uasset" 5938
"../../../Engine/Content/EngineMaterials/Substrate/GLints/dict_16_192_64_0p5_0p02_0033_0001.uasset" 5939
"../../../Engine/Content/EngineMaterials/Substrate/GLints/dict_16_192_64_0p5_0p02_0033_0002.uasset" 5940
"../../../Engine/Content/EngineMaterials/Substrate/GLints/dict_16_192_64_0p5_0p02_0033_0003.uasset" 5941
"../../../Engine/Content/EngineMaterials/Substrate/GLints/dict_16_192_64_0p5_0p02_0033_0004.uasset" 5942
"../../../Engine/Content/EngineMaterials/Substrate/GLints/dict_16_192_64_0p5_0p02_0033_0005.uasset" 5943
"../../../Engine/Content/EngineMaterials/Substrate/GLints/dict_16_192_64_0p5_0p02_0033_0006.uasset" 5944
"../../../Engine/Content/EngineMaterials/Substrate/GLints/dict_16_192_64_0p5_0p02_0033_0007.uasset" 5945
"../../../Engine/Content/EngineMaterials/Substrate/GLints/dict_16_192_64_0p5_0p02_0033_0008.uasset" 5946
"../../../Engine/Content/EngineMaterials/Substrate/GLints/dict_16_192_64_0p5_0p02_0033_0009.uasset" 5947
"../../../Engine/Content/EngineMaterials/Substrate/GLints/dict_16_192_64_0p5_0p02_0033_0010.uasset" 5948
"../../../Engine/Content/EngineMaterials/Substrate/GLints/dict_16_192_64_0p5_0p02_0033_0011.uasset" 5949
"../../../Engine/Content/EngineMaterials/Substrate/GLints/dict_16_192_64_0p5_0p02_0033_0012.uasset" 5950
"../../../Engine/Content/EngineMaterials/Substrate/GLints/dict_16_192_64_0p5_0p02_0033_0013.uasset" 5951
"../../../Engine/Content/EngineMaterials/Substrate/GLints/dict_16_192_64_0p5_0p02_0033_0014.uasset" 5952
"../../../Engine/Content/EngineMaterials/Substrate/GLints/dict_16_192_64_0p5_0p02_0033_0015.uasset" 5953
"../../../Engine/Content/EngineMaterials/Substrate/GLints/dict_16_192_64_0p5_0p02_0034_0000.uasset" 5954
"../../../Engine/Content/EngineMaterials/Substrate/GLints/dict_16_192_64_0p5_0p02_0034_0001.uasset" 5955
"../../../Engine/Content/EngineMaterials/Substrate/GLints/dict_16_192_64_0p5_0p02_0034_0002.uasset" 5956
"../../../Engine/Content/EngineMaterials/Substrate/GLints/dict_16_192_64_0p5_0p02_0034_0003.uasset" 5957
"../../../Engine/Content/EngineMaterials/Substrate/GLints/dict_16_192_64_0p5_0p02_0034_0004.uasset" 5958
"../../../Engine/Content/EngineMaterials/Substrate/GLints/dict_16_192_64_0p5_0p02_0034_0005.uasset" 5959
"../../../Engine/Content/EngineMaterials/Substrate/GLints/dict_16_192_64_0p5_0p02_0034_0006.uasset" 5960
"../../../Engine/Content/EngineMaterials/Substrate/GLints/dict_16_192_64_0p5_0p02_0034_0007.uasset" 5961
"../../../Engine/Content/EngineMaterials/Substrate/GLints/dict_16_192_64_0p5_0p02_0034_0008.uasset" 5962
"../../../Engine/Content/EngineMaterials/Substrate/GLints/dict_16_192_64_0p5_0p02_0034_0009.uasset" 5963
"../../../Engine/Content/EngineMaterials/Substrate/GLints/dict_16_192_64_0p5_0p02_0034_0010.uasset" 5964
"../../../Engine/Content/EngineMaterials/Substrate/GLints/dict_16_192_64_0p5_0p02_0034_0011.uasset" 5965
"../../../Engine/Content/EngineMaterials/Substrate/GLints/dict_16_192_64_0p5_0p02_0034_0012.uasset" 5966
"../../../Engine/Content/EngineMaterials/Substrate/GLints/dict_16_192_64_0p5_0p02_0034_0013.uasset" 5967
"../../../Engine/Content/EngineMaterials/Substrate/GLints/dict_16_192_64_0p5_0p02_0034_0014.uasset" 5968
"../../../Engine/Content/EngineMaterials/Substrate/GLints/dict_16_192_64_0p5_0p02_0034_0015.uasset" 5969
"../../../Engine/Content/EngineMaterials/Substrate/GLints/dict_16_192_64_0p5_0p02_0035_0000.uasset" 5970
"../../../Engine/Content/EngineMaterials/Substrate/GLints/dict_16_192_64_0p5_0p02_0035_0001.uasset" 5971
"../../../Engine/Content/EngineMaterials/Substrate/GLints/dict_16_192_64_0p5_0p02_0035_0002.uasset" 5972
"../../../Engine/Content/EngineMaterials/Substrate/GLints/dict_16_192_64_0p5_0p02_0035_0003.uasset" 5973
"../../../Engine/Content/EngineMaterials/Substrate/GLints/dict_16_192_64_0p5_0p02_0035_0004.uasset" 5974
"../../../Engine/Content/EngineMaterials/Substrate/GLints/dict_16_192_64_0p5_0p02_0035_0005.uasset" 5975
"../../../Engine/Content/EngineMaterials/Substrate/GLints/dict_16_192_64_0p5_0p02_0035_0006.uasset" 5976
"../../../Engine/Content/EngineMaterials/Substrate/GLints/dict_16_192_64_0p5_0p02_0035_0007.uasset" 5977
"../../../Engine/Content/EngineMaterials/Substrate/GLints/dict_16_192_64_0p5_0p02_0035_0008.uasset" 5978
"../../../Engine/Content/EngineMaterials/Substrate/GLints/dict_16_192_64_0p5_0p02_0035_0009.uasset" 5979
"../../../Engine/Content/EngineMaterials/Substrate/GLints/dict_16_192_64_0p5_0p02_0035_0010.uasset" 5980
"../../../Engine/Content/EngineMaterials/Substrate/GLints/dict_16_192_64_0p5_0p02_0035_0011.uasset" 5981
"../../../Engine/Content/EngineMaterials/Substrate/GLints/dict_16_192_64_0p5_0p02_0035_0012.uasset" 5982
"../../../Engine/Content/EngineMaterials/Substrate/GLints/dict_16_192_64_0p5_0p02_0035_0013.uasset" 5983
"../../../Engine/Content/EngineMaterials/Substrate/GLints/dict_16_192_64_0p5_0p02_0035_0014.uasset" 5984
"../../../Engine/Content/EngineMaterials/Substrate/GLints/dict_16_192_64_0p5_0p02_0035_0015.uasset" 5985
"../../../Engine/Content/EngineMaterials/Substrate/GLints/dict_16_192_64_0p5_0p02_0036_0000.uasset" 5986
"../../../Engine/Content/EngineMaterials/Substrate/GLints/dict_16_192_64_0p5_0p02_0036_0001.uasset" 5987
"../../../Engine/Content/EngineMaterials/Substrate/GLints/dict_16_192_64_0p5_0p02_0036_0002.uasset" 5988
"../../../Engine/Content/EngineMaterials/Substrate/GLints/dict_16_192_64_0p5_0p02_0036_0003.uasset" 5989
"../../../Engine/Content/EngineMaterials/Substrate/GLints/dict_16_192_64_0p5_0p02_0036_0004.uasset" 5990
"../../../Engine/Content/EngineMaterials/Substrate/GLints/dict_16_192_64_0p5_0p02_0036_0005.uasset" 5991
"../../../Engine/Content/EngineMaterials/Substrate/GLints/dict_16_192_64_0p5_0p02_0036_0006.uasset" 5992
"../../../Engine/Content/EngineMaterials/Substrate/GLints/dict_16_192_64_0p5_0p02_0036_0007.uasset" 5993
"../../../Engine/Content/EngineMaterials/Substrate/GLints/dict_16_192_64_0p5_0p02_0036_0008.uasset" 5994
"../../../Engine/Content/EngineMaterials/Substrate/GLints/dict_16_192_64_0p5_0p02_0036_0009.uasset" 5995
"../../../Engine/Content/EngineMaterials/Substrate/GLints/dict_16_192_64_0p5_0p02_0036_0010.uasset" 5996
"../../../Engine/Content/EngineMaterials/Substrate/GLints/dict_16_192_64_0p5_0p02_0036_0011.uasset" 5997
"../../../Engine/Content/EngineMaterials/Substrate/GLints/dict_16_192_64_0p5_0p02_0036_0012.uasset" 5998
"../../../Engine/Content/EngineMaterials/Substrate/GLints/dict_16_192_64_0p5_0p02_0036_0013.uasset" 5999
"../../../Engine/Content/EngineMaterials/Substrate/GLints/dict_16_192_64_0p5_0p02_0036_0014.uasset" 6000
"../../../Engine/Content/EngineMaterials/Substrate/GLints/dict_16_192_64_0p5_0p02_0036_0015.uasset" 6001
"../../../Engine/Content/EngineMaterials/Substrate/GLints/dict_16_192_64_0p5_0p02_0037_0000.uasset" 6002
"../../../Engine/Content/EngineMaterials/Substrate/GLints/dict_16_192_64_0p5_0p02_0037_0001.uasset" 6003
"../../../Engine/Content/EngineMaterials/Substrate/GLints/dict_16_192_64_0p5_0p02_0037_0002.uasset" 6004
"../../../Engine/Content/EngineMaterials/Substrate/GLints/dict_16_192_64_0p5_0p02_0037_0003.uasset" 6005
"../../../Engine/Content/EngineMaterials/Substrate/GLints/dict_16_192_64_0p5_0p02_0037_0004.uasset" 6006
"../../../Engine/Content/EngineMaterials/Substrate/GLints/dict_16_192_64_0p5_0p02_0037_0005.uasset" 6007
"../../../Engine/Content/EngineMaterials/Substrate/GLints/dict_16_192_64_0p5_0p02_0037_0006.uasset" 6008
"../../../Engine/Content/EngineMaterials/Substrate/GLints/dict_16_192_64_0p5_0p02_0037_0007.uasset" 6009
"../../../Engine/Content/EngineMaterials/Substrate/GLints/dict_16_192_64_0p5_0p02_0037_0008.uasset" 6010
"../../../Engine/Content/EngineMaterials/Substrate/GLints/dict_16_192_64_0p5_0p02_0037_0009.uasset" 6011
"../../../Engine/Content/EngineMaterials/Substrate/GLints/dict_16_192_64_0p5_0p02_0037_0010.uasset" 6012
"../../../Engine/Content/EngineMaterials/Substrate/GLints/dict_16_192_64_0p5_0p02_0037_0011.uasset" 6013
"../../../Engine/Content/EngineMaterials/Substrate/GLints/dict_16_192_64_0p5_0p02_0037_0012.uasset" 6014
"../../../Engine/Content/EngineMaterials/Substrate/GLints/dict_16_192_64_0p5_0p02_0037_0013.uasset" 6015
"../../../Engine/Content/EngineMaterials/Substrate/GLints/dict_16_192_64_0p5_0p02_0037_0014.uasset" 6016
"../../../Engine/Content/EngineMaterials/Substrate/GLints/dict_16_192_64_0p5_0p02_0037_0015.uasset" 6017
"../../../Engine/Content/EngineMaterials/Substrate/GLints/dict_16_192_64_0p5_0p02_0038_0000.uasset" 6018
"../../../Engine/Content/EngineMaterials/Substrate/GLints/dict_16_192_64_0p5_0p02_0038_0001.uasset" 6019
"../../../Engine/Content/EngineMaterials/Substrate/GLints/dict_16_192_64_0p5_0p02_0038_0002.uasset" 6020
"../../../Engine/Content/EngineMaterials/Substrate/GLints/dict_16_192_64_0p5_0p02_0038_0003.uasset" 6021
"../../../Engine/Content/EngineMaterials/Substrate/GLints/dict_16_192_64_0p5_0p02_0038_0004.uasset" 6022
"../../../Engine/Content/EngineMaterials/Substrate/GLints/dict_16_192_64_0p5_0p02_0038_0005.uasset" 6023
"../../../Engine/Content/EngineMaterials/Substrate/GLints/dict_16_192_64_0p5_0p02_0038_0006.uasset" 6024
"../../../Engine/Content/EngineMaterials/Substrate/GLints/dict_16_192_64_0p5_0p02_0038_0007.uasset" 6025
"../../../Engine/Content/EngineMaterials/Substrate/GLints/dict_16_192_64_0p5_0p02_0038_0008.uasset" 6026
"../../../Engine/Content/EngineMaterials/Substrate/GLints/dict_16_192_64_0p5_0p02_0038_0009.uasset" 6027
"../../../Engine/Content/EngineMaterials/Substrate/GLints/dict_16_192_64_0p5_0p02_0038_0010.uasset" 6028
"../../../Engine/Content/EngineMaterials/Substrate/GLints/dict_16_192_64_0p5_0p02_0038_0011.uasset" 6029
"../../../Engine/Content/EngineMaterials/Substrate/GLints/dict_16_192_64_0p5_0p02_0038_0012.uasset" 6030
"../../../Engine/Content/EngineMaterials/Substrate/GLints/dict_16_192_64_0p5_0p02_0038_0013.uasset" 6031
"../../../Engine/Content/EngineMaterials/Substrate/GLints/dict_16_192_64_0p5_0p02_0038_0014.uasset" 6032
"../../../Engine/Content/EngineMaterials/Substrate/GLints/dict_16_192_64_0p5_0p02_0038_0015.uasset" 6033
"../../../Engine/Content/EngineMaterials/Substrate/GLints/dict_16_192_64_0p5_0p02_0039_0000.uasset" 6034
"../../../Engine/Content/EngineMaterials/Substrate/GLints/dict_16_192_64_0p5_0p02_0039_0001.uasset" 6035
"../../../Engine/Content/EngineMaterials/Substrate/GLints/dict_16_192_64_0p5_0p02_0039_0002.uasset" 6036
"../../../Engine/Content/EngineMaterials/Substrate/GLints/dict_16_192_64_0p5_0p02_0039_0003.uasset" 6037
"../../../Engine/Content/EngineMaterials/Substrate/GLints/dict_16_192_64_0p5_0p02_0039_0004.uasset" 6038
"../../../Engine/Content/EngineMaterials/Substrate/GLints/dict_16_192_64_0p5_0p02_0039_0005.uasset" 6039
"../../../Engine/Content/EngineMaterials/Substrate/GLints/dict_16_192_64_0p5_0p02_0039_0006.uasset" 6040
"../../../Engine/Content/EngineMaterials/Substrate/GLints/dict_16_192_64_0p5_0p02_0039_0007.uasset" 6041
"../../../Engine/Content/EngineMaterials/Substrate/GLints/dict_16_192_64_0p5_0p02_0039_0008.uasset" 6042
"../../../Engine/Content/EngineMaterials/Substrate/GLints/dict_16_192_64_0p5_0p02_0039_0009.uasset" 6043
"../../../Engine/Content/EngineMaterials/Substrate/GLints/dict_16_192_64_0p5_0p02_0039_0010.uasset" 6044
"../../../Engine/Content/EngineMaterials/Substrate/GLints/dict_16_192_64_0p5_0p02_0039_0011.uasset" 6045
"../../../Engine/Content/EngineMaterials/Substrate/GLints/dict_16_192_64_0p5_0p02_0039_0012.uasset" 6046
"../../../Engine/Content/EngineMaterials/Substrate/GLints/dict_16_192_64_0p5_0p02_0039_0013.uasset" 6047
"../../../Engine/Content/EngineMaterials/Substrate/GLints/dict_16_192_64_0p5_0p02_0039_0014.uasset" 6048
"../../../Engine/Content/EngineMaterials/Substrate/GLints/dict_16_192_64_0p5_0p02_0039_0015.uasset" 6049
"../../../Engine/Content/EngineMaterials/Substrate/GLints/dict_16_192_64_0p5_0p02_0040_0000.uasset" 6050
"../../../Engine/Content/EngineMaterials/Substrate/GLints/dict_16_192_64_0p5_0p02_0040_0001.uasset" 6051
"../../../Engine/Content/EngineMaterials/Substrate/GLints/dict_16_192_64_0p5_0p02_0040_0002.uasset" 6052
"../../../Engine/Content/EngineMaterials/Substrate/GLints/dict_16_192_64_0p5_0p02_0040_0003.uasset" 6053
"../../../Engine/Content/EngineMaterials/Substrate/GLints/dict_16_192_64_0p5_0p02_0040_0004.uasset" 6054
"../../../Engine/Content/EngineMaterials/Substrate/GLints/dict_16_192_64_0p5_0p02_0040_0005.uasset" 6055
"../../../Engine/Content/EngineMaterials/Substrate/GLints/dict_16_192_64_0p5_0p02_0040_0006.uasset" 6056
"../../../Engine/Content/EngineMaterials/Substrate/GLints/dict_16_192_64_0p5_0p02_0040_0007.uasset" 6057
"../../../Engine/Content/EngineMaterials/Substrate/GLints/dict_16_192_64_0p5_0p02_0040_0008.uasset" 6058
"../../../Engine/Content/EngineMaterials/Substrate/GLints/dict_16_192_64_0p5_0p02_0040_0009.uasset" 6059
"../../../Engine/Content/EngineMaterials/Substrate/GLints/dict_16_192_64_0p5_0p02_0040_0010.uasset" 6060
"../../../Engine/Content/EngineMaterials/Substrate/GLints/dict_16_192_64_0p5_0p02_0040_0011.uasset" 6061
"../../../Engine/Content/EngineMaterials/Substrate/GLints/dict_16_192_64_0p5_0p02_0040_0012.uasset" 6062
"../../../Engine/Content/EngineMaterials/Substrate/GLints/dict_16_192_64_0p5_0p02_0040_0013.uasset" 6063
"../../../Engine/Content/EngineMaterials/Substrate/GLints/dict_16_192_64_0p5_0p02_0040_0014.uasset" 6064
"../../../Engine/Content/EngineMaterials/Substrate/GLints/dict_16_192_64_0p5_0p02_0040_0015.uasset" 6065
"../../../Engine/Content/EngineMaterials/Substrate/GLints/dict_16_192_64_0p5_0p02_0041_0000.uasset" 6066
"../../../Engine/Content/EngineMaterials/Substrate/GLints/dict_16_192_64_0p5_0p02_0041_0001.uasset" 6067
"../../../Engine/Content/EngineMaterials/Substrate/GLints/dict_16_192_64_0p5_0p02_0041_0002.uasset" 6068
"../../../Engine/Content/EngineMaterials/Substrate/GLints/dict_16_192_64_0p5_0p02_0041_0003.uasset" 6069
"../../../Engine/Content/EngineMaterials/Substrate/GLints/dict_16_192_64_0p5_0p02_0041_0004.uasset" 6070
"../../../Engine/Content/EngineMaterials/Substrate/GLints/dict_16_192_64_0p5_0p02_0041_0005.uasset" 6071
"../../../Engine/Content/EngineMaterials/Substrate/GLints/dict_16_192_64_0p5_0p02_0041_0006.uasset" 6072
"../../../Engine/Content/EngineMaterials/Substrate/GLints/dict_16_192_64_0p5_0p02_0041_0007.uasset" 6073
"../../../Engine/Content/EngineMaterials/Substrate/GLints/dict_16_192_64_0p5_0p02_0041_0008.uasset" 6074
"../../../Engine/Content/EngineMaterials/Substrate/GLints/dict_16_192_64_0p5_0p02_0041_0009.uasset" 6075
"../../../Engine/Content/EngineMaterials/Substrate/GLints/dict_16_192_64_0p5_0p02_0041_0010.uasset" 6076
"../../../Engine/Content/EngineMaterials/Substrate/GLints/dict_16_192_64_0p5_0p02_0041_0011.uasset" 6077
"../../../Engine/Content/EngineMaterials/Substrate/GLints/dict_16_192_64_0p5_0p02_0041_0012.uasset" 6078
"../../../Engine/Content/EngineMaterials/Substrate/GLints/dict_16_192_64_0p5_0p02_0041_0013.uasset" 6079
"../../../Engine/Content/EngineMaterials/Substrate/GLints/dict_16_192_64_0p5_0p02_0041_0014.uasset" 6080
"../../../Engine/Content/EngineMaterials/Substrate/GLints/dict_16_192_64_0p5_0p02_0041_0015.uasset" 6081
"../../../Engine/Content/EngineMaterials/Substrate/GLints/dict_16_192_64_0p5_0p02_0042_0000.uasset" 6082
"../../../Engine/Content/EngineMaterials/Substrate/GLints/dict_16_192_64_0p5_0p02_0042_0001.uasset" 6083
"../../../Engine/Content/EngineMaterials/Substrate/GLints/dict_16_192_64_0p5_0p02_0042_0002.uasset" 6084
"../../../Engine/Content/EngineMaterials/Substrate/GLints/dict_16_192_64_0p5_0p02_0042_0003.uasset" 6085
"../../../Engine/Content/EngineMaterials/Substrate/GLints/dict_16_192_64_0p5_0p02_0042_0004.uasset" 6086
"../../../Engine/Content/EngineMaterials/Substrate/GLints/dict_16_192_64_0p5_0p02_0042_0005.uasset" 6087
"../../../Engine/Content/EngineMaterials/Substrate/GLints/dict_16_192_64_0p5_0p02_0042_0006.uasset" 6088
"../../../Engine/Content/EngineMaterials/Substrate/GLints/dict_16_192_64_0p5_0p02_0042_0007.uasset" 6089
"../../../Engine/Content/EngineMaterials/Substrate/GLints/dict_16_192_64_0p5_0p02_0042_0008.uasset" 6090
"../../../Engine/Content/EngineMaterials/Substrate/GLints/dict_16_192_64_0p5_0p02_0042_0009.uasset" 6091
"../../../Engine/Content/EngineMaterials/Substrate/GLints/dict_16_192_64_0p5_0p02_0042_0010.uasset" 6092
"../../../Engine/Content/EngineMaterials/Substrate/GLints/dict_16_192_64_0p5_0p02_0042_0011.uasset" 6093
"../../../Engine/Content/EngineMaterials/Substrate/GLints/dict_16_192_64_0p5_0p02_0042_0012.uasset" 6094
"../../../Engine/Content/EngineMaterials/Substrate/GLints/dict_16_192_64_0p5_0p02_0042_0013.uasset" 6095
"../../../Engine/Content/EngineMaterials/Substrate/GLints/dict_16_192_64_0p5_0p02_0042_0014.uasset" 6096
"../../../Engine/Content/EngineMaterials/Substrate/GLints/dict_16_192_64_0p5_0p02_0042_0015.uasset" 6097
"../../../Engine/Content/EngineMaterials/Substrate/GLints/dict_16_192_64_0p5_0p02_0043_0000.uasset" 6098
"../../../Engine/Content/EngineMaterials/Substrate/GLints/dict_16_192_64_0p5_0p02_0043_0001.uasset" 6099
"../../../Engine/Content/EngineMaterials/Substrate/GLints/dict_16_192_64_0p5_0p02_0043_0002.uasset" 6100
"../../../Engine/Content/EngineMaterials/Substrate/GLints/dict_16_192_64_0p5_0p02_0043_0003.uasset" 6101
"../../../Engine/Content/EngineMaterials/Substrate/GLints/dict_16_192_64_0p5_0p02_0043_0004.uasset" 6102
"../../../Engine/Content/EngineMaterials/Substrate/GLints/dict_16_192_64_0p5_0p02_0043_0005.uasset" 6103
"../../../Engine/Content/EngineMaterials/Substrate/GLints/dict_16_192_64_0p5_0p02_0043_0006.uasset" 6104
"../../../Engine/Content/EngineMaterials/Substrate/GLints/dict_16_192_64_0p5_0p02_0043_0007.uasset" 6105
"../../../Engine/Content/EngineMaterials/Substrate/GLints/dict_16_192_64_0p5_0p02_0043_0008.uasset" 6106
"../../../Engine/Content/EngineMaterials/Substrate/GLints/dict_16_192_64_0p5_0p02_0043_0009.uasset" 6107
"../../../Engine/Content/EngineMaterials/Substrate/GLints/dict_16_192_64_0p5_0p02_0043_0010.uasset" 6108
"../../../Engine/Content/EngineMaterials/Substrate/GLints/dict_16_192_64_0p5_0p02_0043_0011.uasset" 6109
"../../../Engine/Content/EngineMaterials/Substrate/GLints/dict_16_192_64_0p5_0p02_0043_0012.uasset" 6110
"../../../Engine/Content/EngineMaterials/Substrate/GLints/dict_16_192_64_0p5_0p02_0043_0013.uasset" 6111
"../../../Engine/Content/EngineMaterials/Substrate/GLints/dict_16_192_64_0p5_0p02_0043_0014.uasset" 6112
"../../../Engine/Content/EngineMaterials/Substrate/GLints/dict_16_192_64_0p5_0p02_0043_0015.uasset" 6113
"../../../Engine/Content/EngineMaterials/Substrate/GLints/dict_16_192_64_0p5_0p02_0044_0000.uasset" 6114
"../../../Engine/Content/EngineMaterials/Substrate/GLints/dict_16_192_64_0p5_0p02_0044_0001.uasset" 6115
"../../../Engine/Content/EngineMaterials/Substrate/GLints/dict_16_192_64_0p5_0p02_0044_0002.uasset" 6116
"../../../Engine/Content/EngineMaterials/Substrate/GLints/dict_16_192_64_0p5_0p02_0044_0003.uasset" 6117
"../../../Engine/Content/EngineMaterials/Substrate/GLints/dict_16_192_64_0p5_0p02_0044_0004.uasset" 6118
"../../../Engine/Content/EngineMaterials/Substrate/GLints/dict_16_192_64_0p5_0p02_0044_0005.uasset" 6119
"../../../Engine/Content/EngineMaterials/Substrate/GLints/dict_16_192_64_0p5_0p02_0044_0006.uasset" 6120
"../../../Engine/Content/EngineMaterials/Substrate/GLints/dict_16_192_64_0p5_0p02_0044_0007.uasset" 6121
"../../../Engine/Content/EngineMaterials/Substrate/GLints/dict_16_192_64_0p5_0p02_0044_0008.uasset" 6122
"../../../Engine/Content/EngineMaterials/Substrate/GLints/dict_16_192_64_0p5_0p02_0044_0009.uasset" 6123
"../../../Engine/Content/EngineMaterials/Substrate/GLints/dict_16_192_64_0p5_0p02_0044_0010.uasset" 6124
"../../../Engine/Content/EngineMaterials/Substrate/GLints/dict_16_192_64_0p5_0p02_0044_0011.uasset" 6125
"../../../Engine/Content/EngineMaterials/Substrate/GLints/dict_16_192_64_0p5_0p02_0044_0012.uasset" 6126
"../../../Engine/Content/EngineMaterials/Substrate/GLints/dict_16_192_64_0p5_0p02_0044_0013.uasset" 6127
"../../../Engine/Content/EngineMaterials/Substrate/GLints/dict_16_192_64_0p5_0p02_0044_0014.uasset" 6128
"../../../Engine/Content/EngineMaterials/Substrate/GLints/dict_16_192_64_0p5_0p02_0044_0015.uasset" 6129
"../../../Engine/Content/EngineMaterials/Substrate/GLints/dict_16_192_64_0p5_0p02_0045_0000.uasset" 6130
"../../../Engine/Content/EngineMaterials/Substrate/GLints/dict_16_192_64_0p5_0p02_0045_0001.uasset" 6131
"../../../Engine/Content/EngineMaterials/Substrate/GLints/dict_16_192_64_0p5_0p02_0045_0002.uasset" 6132
"../../../Engine/Content/EngineMaterials/Substrate/GLints/dict_16_192_64_0p5_0p02_0045_0003.uasset" 6133
"../../../Engine/Content/EngineMaterials/Substrate/GLints/dict_16_192_64_0p5_0p02_0045_0004.uasset" 6134
"../../../Engine/Content/EngineMaterials/Substrate/GLints/dict_16_192_64_0p5_0p02_0045_0005.uasset" 6135
"../../../Engine/Content/EngineMaterials/Substrate/GLints/dict_16_192_64_0p5_0p02_0045_0006.uasset" 6136
"../../../Engine/Content/EngineMaterials/Substrate/GLints/dict_16_192_64_0p5_0p02_0045_0007.uasset" 6137
"../../../Engine/Content/EngineMaterials/Substrate/GLints/dict_16_192_64_0p5_0p02_0045_0008.uasset" 6138
"../../../Engine/Content/EngineMaterials/Substrate/GLints/dict_16_192_64_0p5_0p02_0045_0009.uasset" 6139
"../../../Engine/Content/EngineMaterials/Substrate/GLints/dict_16_192_64_0p5_0p02_0045_0010.uasset" 6140
"../../../Engine/Content/EngineMaterials/Substrate/GLints/dict_16_192_64_0p5_0p02_0045_0011.uasset" 6141
"../../../Engine/Content/EngineMaterials/Substrate/GLints/dict_16_192_64_0p5_0p02_0045_0012.uasset" 6142
"../../../Engine/Content/EngineMaterials/Substrate/GLints/dict_16_192_64_0p5_0p02_0045_0013.uasset" 6143
"../../../Engine/Content/EngineMaterials/Substrate/GLints/dict_16_192_64_0p5_0p02_0045_0014.uasset" 6144
"../../../Engine/Content/EngineMaterials/Substrate/GLints/dict_16_192_64_0p5_0p02_0045_0015.uasset" 6145
"../../../Engine/Content/EngineMaterials/Substrate/GLints/dict_16_192_64_0p5_0p02_0046_0000.uasset" 6146
"../../../Engine/Content/EngineMaterials/Substrate/GLints/dict_16_192_64_0p5_0p02_0046_0001.uasset" 6147
"../../../Engine/Content/EngineMaterials/Substrate/GLints/dict_16_192_64_0p5_0p02_0046_0002.uasset" 6148
"../../../Engine/Content/EngineMaterials/Substrate/GLints/dict_16_192_64_0p5_0p02_0046_0003.uasset" 6149
"../../../Engine/Content/EngineMaterials/Substrate/GLints/dict_16_192_64_0p5_0p02_0046_0004.uasset" 6150
"../../../Engine/Content/EngineMaterials/Substrate/GLints/dict_16_192_64_0p5_0p02_0046_0005.uasset" 6151
"../../../Engine/Content/EngineMaterials/Substrate/GLints/dict_16_192_64_0p5_0p02_0046_0006.uasset" 6152
"../../../Engine/Content/EngineMaterials/Substrate/GLints/dict_16_192_64_0p5_0p02_0046_0007.uasset" 6153
"../../../Engine/Content/EngineMaterials/Substrate/GLints/dict_16_192_64_0p5_0p02_0046_0008.uasset" 6154
"../../../Engine/Content/EngineMaterials/Substrate/GLints/dict_16_192_64_0p5_0p02_0046_0009.uasset" 6155
"../../../Engine/Content/EngineMaterials/Substrate/GLints/dict_16_192_64_0p5_0p02_0046_0010.uasset" 6156
"../../../Engine/Content/EngineMaterials/Substrate/GLints/dict_16_192_64_0p5_0p02_0046_0011.uasset" 6157
"../../../Engine/Content/EngineMaterials/Substrate/GLints/dict_16_192_64_0p5_0p02_0046_0012.uasset" 6158
"../../../Engine/Content/EngineMaterials/Substrate/GLints/dict_16_192_64_0p5_0p02_0046_0013.uasset" 6159
"../../../Engine/Content/EngineMaterials/Substrate/GLints/dict_16_192_64_0p5_0p02_0046_0014.uasset" 6160
"../../../Engine/Content/EngineMaterials/Substrate/GLints/dict_16_192_64_0p5_0p02_0046_0015.uasset" 6161
"../../../Engine/Content/EngineMaterials/Substrate/GLints/dict_16_192_64_0p5_0p02_0047_0000.uasset" 6162
"../../../Engine/Content/EngineMaterials/Substrate/GLints/dict_16_192_64_0p5_0p02_0047_0001.uasset" 6163
"../../../Engine/Content/EngineMaterials/Substrate/GLints/dict_16_192_64_0p5_0p02_0047_0002.uasset" 6164
"../../../Engine/Content/EngineMaterials/Substrate/GLints/dict_16_192_64_0p5_0p02_0047_0003.uasset" 6165
"../../../Engine/Content/EngineMaterials/Substrate/GLints/dict_16_192_64_0p5_0p02_0047_0004.uasset" 6166
"../../../Engine/Content/EngineMaterials/Substrate/GLints/dict_16_192_64_0p5_0p02_0047_0005.uasset" 6167
"../../../Engine/Content/EngineMaterials/Substrate/GLints/dict_16_192_64_0p5_0p02_0047_0006.uasset" 6168
"../../../Engine/Content/EngineMaterials/Substrate/GLints/dict_16_192_64_0p5_0p02_0047_0007.uasset" 6169
"../../../Engine/Content/EngineMaterials/Substrate/GLints/dict_16_192_64_0p5_0p02_0047_0008.uasset" 6170
"../../../Engine/Content/EngineMaterials/Substrate/GLints/dict_16_192_64_0p5_0p02_0047_0009.uasset" 6171
"../../../Engine/Content/EngineMaterials/Substrate/GLints/dict_16_192_64_0p5_0p02_0047_0010.uasset" 6172
"../../../Engine/Content/EngineMaterials/Substrate/GLints/dict_16_192_64_0p5_0p02_0047_0011.uasset" 6173
"../../../Engine/Content/EngineMaterials/Substrate/GLints/dict_16_192_64_0p5_0p02_0047_0012.uasset" 6174
"../../../Engine/Content/EngineMaterials/Substrate/GLints/dict_16_192_64_0p5_0p02_0047_0013.uasset" 6175
"../../../Engine/Content/EngineMaterials/Substrate/GLints/dict_16_192_64_0p5_0p02_0047_0014.uasset" 6176
"../../../Engine/Content/EngineMaterials/Substrate/GLints/dict_16_192_64_0p5_0p02_0047_0015.uasset" 6177
"../../../Engine/Content/EngineMaterials/Substrate/GLints/dict_16_192_64_0p5_0p02_0048_0000.uasset" 6178
"../../../Engine/Content/EngineMaterials/Substrate/GLints/dict_16_192_64_0p5_0p02_0048_0001.uasset" 6179
"../../../Engine/Content/EngineMaterials/Substrate/GLints/dict_16_192_64_0p5_0p02_0048_0002.uasset" 6180
"../../../Engine/Content/EngineMaterials/Substrate/GLints/dict_16_192_64_0p5_0p02_0048_0003.uasset" 6181
"../../../Engine/Content/EngineMaterials/Substrate/GLints/dict_16_192_64_0p5_0p02_0048_0004.uasset" 6182
"../../../Engine/Content/EngineMaterials/Substrate/GLints/dict_16_192_64_0p5_0p02_0048_0005.uasset" 6183
"../../../Engine/Content/EngineMaterials/Substrate/GLints/dict_16_192_64_0p5_0p02_0048_0006.uasset" 6184
"../../../Engine/Content/EngineMaterials/Substrate/GLints/dict_16_192_64_0p5_0p02_0048_0007.uasset" 6185
"../../../Engine/Content/EngineMaterials/Substrate/GLints/dict_16_192_64_0p5_0p02_0048_0008.uasset" 6186
"../../../Engine/Content/EngineMaterials/Substrate/GLints/dict_16_192_64_0p5_0p02_0048_0009.uasset" 6187
"../../../Engine/Content/EngineMaterials/Substrate/GLints/dict_16_192_64_0p5_0p02_0048_0010.uasset" 6188
"../../../Engine/Content/EngineMaterials/Substrate/GLints/dict_16_192_64_0p5_0p02_0048_0011.uasset" 6189
"../../../Engine/Content/EngineMaterials/Substrate/GLints/dict_16_192_64_0p5_0p02_0048_0012.uasset" 6190
"../../../Engine/Content/EngineMaterials/Substrate/GLints/dict_16_192_64_0p5_0p02_0048_0013.uasset" 6191
"../../../Engine/Content/EngineMaterials/Substrate/GLints/dict_16_192_64_0p5_0p02_0048_0014.uasset" 6192
"../../../Engine/Content/EngineMaterials/Substrate/GLints/dict_16_192_64_0p5_0p02_0048_0015.uasset" 6193
"../../../Engine/Content/EngineMaterials/Substrate/GLints/dict_16_192_64_0p5_0p02_0049_0000.uasset" 6194
"../../../Engine/Content/EngineMaterials/Substrate/GLints/dict_16_192_64_0p5_0p02_0049_0001.uasset" 6195
"../../../Engine/Content/EngineMaterials/Substrate/GLints/dict_16_192_64_0p5_0p02_0049_0002.uasset" 6196
"../../../Engine/Content/EngineMaterials/Substrate/GLints/dict_16_192_64_0p5_0p02_0049_0003.uasset" 6197
"../../../Engine/Content/EngineMaterials/Substrate/GLints/dict_16_192_64_0p5_0p02_0049_0004.uasset" 6198
"../../../Engine/Content/EngineMaterials/Substrate/GLints/dict_16_192_64_0p5_0p02_0049_0005.uasset" 6199
"../../../Engine/Content/EngineMaterials/Substrate/GLints/dict_16_192_64_0p5_0p02_0049_0006.uasset" 6200
"../../../Engine/Content/EngineMaterials/Substrate/GLints/dict_16_192_64_0p5_0p02_0049_0007.uasset" 6201
"../../../Engine/Content/EngineMaterials/Substrate/GLints/dict_16_192_64_0p5_0p02_0049_0008.uasset" 6202
"../../../Engine/Content/EngineMaterials/Substrate/GLints/dict_16_192_64_0p5_0p02_0049_0009.uasset" 6203
"../../../Engine/Content/EngineMaterials/Substrate/GLints/dict_16_192_64_0p5_0p02_0049_0010.uasset" 6204
"../../../Engine/Content/EngineMaterials/Substrate/GLints/dict_16_192_64_0p5_0p02_0049_0011.uasset" 6205
"../../../Engine/Content/EngineMaterials/Substrate/GLints/dict_16_192_64_0p5_0p02_0049_0012.uasset" 6206
"../../../Engine/Content/EngineMaterials/Substrate/GLints/dict_16_192_64_0p5_0p02_0049_0013.uasset" 6207
"../../../Engine/Content/EngineMaterials/Substrate/GLints/dict_16_192_64_0p5_0p02_0049_0014.uasset" 6208
"../../../Engine/Content/EngineMaterials/Substrate/GLints/dict_16_192_64_0p5_0p02_0049_0015.uasset" 6209
"../../../Engine/Content/EngineMaterials/Substrate/GLints/dict_16_192_64_0p5_0p02_0050_0000.uasset" 6210
"../../../Engine/Content/EngineMaterials/Substrate/GLints/dict_16_192_64_0p5_0p02_0050_0001.uasset" 6211
"../../../Engine/Content/EngineMaterials/Substrate/GLints/dict_16_192_64_0p5_0p02_0050_0002.uasset" 6212
"../../../Engine/Content/EngineMaterials/Substrate/GLints/dict_16_192_64_0p5_0p02_0050_0003.uasset" 6213
"../../../Engine/Content/EngineMaterials/Substrate/GLints/dict_16_192_64_0p5_0p02_0050_0004.uasset" 6214
"../../../Engine/Content/EngineMaterials/Substrate/GLints/dict_16_192_64_0p5_0p02_0050_0005.uasset" 6215
"../../../Engine/Content/EngineMaterials/Substrate/GLints/dict_16_192_64_0p5_0p02_0050_0006.uasset" 6216
"../../../Engine/Content/EngineMaterials/Substrate/GLints/dict_16_192_64_0p5_0p02_0050_0007.uasset" 6217
"../../../Engine/Content/EngineMaterials/Substrate/GLints/dict_16_192_64_0p5_0p02_0050_0008.uasset" 6218
"../../../Engine/Content/EngineMaterials/Substrate/GLints/dict_16_192_64_0p5_0p02_0050_0009.uasset" 6219
"../../../Engine/Content/EngineMaterials/Substrate/GLints/dict_16_192_64_0p5_0p02_0050_0010.uasset" 6220
"../../../Engine/Content/EngineMaterials/Substrate/GLints/dict_16_192_64_0p5_0p02_0050_0011.uasset" 6221
"../../../Engine/Content/EngineMaterials/Substrate/GLints/dict_16_192_64_0p5_0p02_0050_0012.uasset" 6222
"../../../Engine/Content/EngineMaterials/Substrate/GLints/dict_16_192_64_0p5_0p02_0050_0013.uasset" 6223
"../../../Engine/Content/EngineMaterials/Substrate/GLints/dict_16_192_64_0p5_0p02_0050_0014.uasset" 6224
"../../../Engine/Content/EngineMaterials/Substrate/GLints/dict_16_192_64_0p5_0p02_0050_0015.uasset" 6225
"../../../Engine/Content/EngineMaterials/Substrate/GLints/dict_16_192_64_0p5_0p02_0051_0000.uasset" 6226
"../../../Engine/Content/EngineMaterials/Substrate/GLints/dict_16_192_64_0p5_0p02_0051_0001.uasset" 6227
"../../../Engine/Content/EngineMaterials/Substrate/GLints/dict_16_192_64_0p5_0p02_0051_0002.uasset" 6228
"../../../Engine/Content/EngineMaterials/Substrate/GLints/dict_16_192_64_0p5_0p02_0051_0003.uasset" 6229
"../../../Engine/Content/EngineMaterials/Substrate/GLints/dict_16_192_64_0p5_0p02_0051_0004.uasset" 6230
"../../../Engine/Content/EngineMaterials/Substrate/GLints/dict_16_192_64_0p5_0p02_0051_0005.uasset" 6231
"../../../Engine/Content/EngineMaterials/Substrate/GLints/dict_16_192_64_0p5_0p02_0051_0006.uasset" 6232
"../../../Engine/Content/EngineMaterials/Substrate/GLints/dict_16_192_64_0p5_0p02_0051_0007.uasset" 6233
"../../../Engine/Content/EngineMaterials/Substrate/GLints/dict_16_192_64_0p5_0p02_0051_0008.uasset" 6234
"../../../Engine/Content/EngineMaterials/Substrate/GLints/dict_16_192_64_0p5_0p02_0051_0009.uasset" 6235
"../../../Engine/Content/EngineMaterials/Substrate/GLints/dict_16_192_64_0p5_0p02_0051_0010.uasset" 6236
"../../../Engine/Content/EngineMaterials/Substrate/GLints/dict_16_192_64_0p5_0p02_0051_0011.uasset" 6237
"../../../Engine/Content/EngineMaterials/Substrate/GLints/dict_16_192_64_0p5_0p02_0051_0012.uasset" 6238
"../../../Engine/Content/EngineMaterials/Substrate/GLints/dict_16_192_64_0p5_0p02_0051_0013.uasset" 6239
"../../../Engine/Content/EngineMaterials/Substrate/GLints/dict_16_192_64_0p5_0p02_0051_0014.uasset" 6240
"../../../Engine/Content/EngineMaterials/Substrate/GLints/dict_16_192_64_0p5_0p02_0051_0015.uasset" 6241
"../../../Engine/Content/EngineMaterials/Substrate/GLints/dict_16_192_64_0p5_0p02_0052_0000.uasset" 6242
"../../../Engine/Content/EngineMaterials/Substrate/GLints/dict_16_192_64_0p5_0p02_0052_0001.uasset" 6243
"../../../Engine/Content/EngineMaterials/Substrate/GLints/dict_16_192_64_0p5_0p02_0052_0002.uasset" 6244
"../../../Engine/Content/EngineMaterials/Substrate/GLints/dict_16_192_64_0p5_0p02_0052_0003.uasset" 6245
"../../../Engine/Content/EngineMaterials/Substrate/GLints/dict_16_192_64_0p5_0p02_0052_0004.uasset" 6246
"../../../Engine/Content/EngineMaterials/Substrate/GLints/dict_16_192_64_0p5_0p02_0052_0005.uasset" 6247
"../../../Engine/Content/EngineMaterials/Substrate/GLints/dict_16_192_64_0p5_0p02_0052_0006.uasset" 6248
"../../../Engine/Content/EngineMaterials/Substrate/GLints/dict_16_192_64_0p5_0p02_0052_0007.uasset" 6249
"../../../Engine/Content/EngineMaterials/Substrate/GLints/dict_16_192_64_0p5_0p02_0052_0008.uasset" 6250
"../../../Engine/Content/EngineMaterials/Substrate/GLints/dict_16_192_64_0p5_0p02_0052_0009.uasset" 6251
"../../../Engine/Content/EngineMaterials/Substrate/GLints/dict_16_192_64_0p5_0p02_0052_0010.uasset" 6252
"../../../Engine/Content/EngineMaterials/Substrate/GLints/dict_16_192_64_0p5_0p02_0052_0011.uasset" 6253
"../../../Engine/Content/EngineMaterials/Substrate/GLints/dict_16_192_64_0p5_0p02_0052_0012.uasset" 6254
"../../../Engine/Content/EngineMaterials/Substrate/GLints/dict_16_192_64_0p5_0p02_0052_0013.uasset" 6255
"../../../Engine/Content/EngineMaterials/Substrate/GLints/dict_16_192_64_0p5_0p02_0052_0014.uasset" 6256
"../../../Engine/Content/EngineMaterials/Substrate/GLints/dict_16_192_64_0p5_0p02_0052_0015.uasset" 6257
"../../../Engine/Content/EngineMaterials/Substrate/GLints/dict_16_192_64_0p5_0p02_0053_0000.uasset" 6258
"../../../Engine/Content/EngineMaterials/Substrate/GLints/dict_16_192_64_0p5_0p02_0053_0001.uasset" 6259
"../../../Engine/Content/EngineMaterials/Substrate/GLints/dict_16_192_64_0p5_0p02_0053_0002.uasset" 6260
"../../../Engine/Content/EngineMaterials/Substrate/GLints/dict_16_192_64_0p5_0p02_0053_0003.uasset" 6261
"../../../Engine/Content/EngineMaterials/Substrate/GLints/dict_16_192_64_0p5_0p02_0053_0004.uasset" 6262
"../../../Engine/Content/EngineMaterials/Substrate/GLints/dict_16_192_64_0p5_0p02_0053_0005.uasset" 6263
"../../../Engine/Content/EngineMaterials/Substrate/GLints/dict_16_192_64_0p5_0p02_0053_0006.uasset" 6264
"../../../Engine/Content/EngineMaterials/Substrate/GLints/dict_16_192_64_0p5_0p02_0053_0007.uasset" 6265
"../../../Engine/Content/EngineMaterials/Substrate/GLints/dict_16_192_64_0p5_0p02_0053_0008.uasset" 6266
"../../../Engine/Content/EngineMaterials/Substrate/GLints/dict_16_192_64_0p5_0p02_0053_0009.uasset" 6267
"../../../Engine/Content/EngineMaterials/Substrate/GLints/dict_16_192_64_0p5_0p02_0053_0010.uasset" 6268
"../../../Engine/Content/EngineMaterials/Substrate/GLints/dict_16_192_64_0p5_0p02_0053_0011.uasset" 6269
"../../../Engine/Content/EngineMaterials/Substrate/GLints/dict_16_192_64_0p5_0p02_0053_0012.uasset" 6270
"../../../Engine/Content/EngineMaterials/Substrate/GLints/dict_16_192_64_0p5_0p02_0053_0013.uasset" 6271
"../../../Engine/Content/EngineMaterials/Substrate/GLints/dict_16_192_64_0p5_0p02_0053_0014.uasset" 6272
"../../../Engine/Content/EngineMaterials/Substrate/GLints/dict_16_192_64_0p5_0p02_0053_0015.uasset" 6273
"../../../Engine/Content/EngineMaterials/Substrate/GLints/dict_16_192_64_0p5_0p02_0054_0000.uasset" 6274
"../../../Engine/Content/EngineMaterials/Substrate/GLints/dict_16_192_64_0p5_0p02_0054_0001.uasset" 6275
"../../../Engine/Content/EngineMaterials/Substrate/GLints/dict_16_192_64_0p5_0p02_0054_0002.uasset" 6276
"../../../Engine/Content/EngineMaterials/Substrate/GLints/dict_16_192_64_0p5_0p02_0054_0003.uasset" 6277
"../../../Engine/Content/EngineMaterials/Substrate/GLints/dict_16_192_64_0p5_0p02_0054_0004.uasset" 6278
"../../../Engine/Content/EngineMaterials/Substrate/GLints/dict_16_192_64_0p5_0p02_0054_0005.uasset" 6279
"../../../Engine/Content/EngineMaterials/Substrate/GLints/dict_16_192_64_0p5_0p02_0054_0006.uasset" 6280
"../../../Engine/Content/EngineMaterials/Substrate/GLints/dict_16_192_64_0p5_0p02_0054_0007.uasset" 6281
"../../../Engine/Content/EngineMaterials/Substrate/GLints/dict_16_192_64_0p5_0p02_0054_0008.uasset" 6282
"../../../Engine/Content/EngineMaterials/Substrate/GLints/dict_16_192_64_0p5_0p02_0054_0009.uasset" 6283
"../../../Engine/Content/EngineMaterials/Substrate/GLints/dict_16_192_64_0p5_0p02_0054_0010.uasset" 6284
"../../../Engine/Content/EngineMaterials/Substrate/GLints/dict_16_192_64_0p5_0p02_0054_0011.uasset" 6285
"../../../Engine/Content/EngineMaterials/Substrate/GLints/dict_16_192_64_0p5_0p02_0054_0012.uasset" 6286
"../../../Engine/Content/EngineMaterials/Substrate/GLints/dict_16_192_64_0p5_0p02_0054_0013.uasset" 6287
"../../../Engine/Content/EngineMaterials/Substrate/GLints/dict_16_192_64_0p5_0p02_0054_0014.uasset" 6288
"../../../Engine/Content/EngineMaterials/Substrate/GLints/dict_16_192_64_0p5_0p02_0054_0015.uasset" 6289
"../../../Engine/Content/EngineMaterials/Substrate/GLints/dict_16_192_64_0p5_0p02_0055_0000.uasset" 6290
"../../../Engine/Content/EngineMaterials/Substrate/GLints/dict_16_192_64_0p5_0p02_0055_0001.uasset" 6291
"../../../Engine/Content/EngineMaterials/Substrate/GLints/dict_16_192_64_0p5_0p02_0055_0002.uasset" 6292
"../../../Engine/Content/EngineMaterials/Substrate/GLints/dict_16_192_64_0p5_0p02_0055_0003.uasset" 6293
"../../../Engine/Content/EngineMaterials/Substrate/GLints/dict_16_192_64_0p5_0p02_0055_0004.uasset" 6294
"../../../Engine/Content/EngineMaterials/Substrate/GLints/dict_16_192_64_0p5_0p02_0055_0005.uasset" 6295
"../../../Engine/Content/EngineMaterials/Substrate/GLints/dict_16_192_64_0p5_0p02_0055_0006.uasset" 6296
"../../../Engine/Content/EngineMaterials/Substrate/GLints/dict_16_192_64_0p5_0p02_0055_0007.uasset" 6297
"../../../Engine/Content/EngineMaterials/Substrate/GLints/dict_16_192_64_0p5_0p02_0055_0008.uasset" 6298
"../../../Engine/Content/EngineMaterials/Substrate/GLints/dict_16_192_64_0p5_0p02_0055_0009.uasset" 6299
"../../../Engine/Content/EngineMaterials/Substrate/GLints/dict_16_192_64_0p5_0p02_0055_0010.uasset" 6300
"../../../Engine/Content/EngineMaterials/Substrate/GLints/dict_16_192_64_0p5_0p02_0055_0011.uasset" 6301
"../../../Engine/Content/EngineMaterials/Substrate/GLints/dict_16_192_64_0p5_0p02_0055_0012.uasset" 6302
"../../../Engine/Content/EngineMaterials/Substrate/GLints/dict_16_192_64_0p5_0p02_0055_0013.uasset" 6303
"../../../Engine/Content/EngineMaterials/Substrate/GLints/dict_16_192_64_0p5_0p02_0055_0014.uasset" 6304
"../../../Engine/Content/EngineMaterials/Substrate/GLints/dict_16_192_64_0p5_0p02_0055_0015.uasset" 6305
"../../../Engine/Content/EngineMaterials/Substrate/GLints/dict_16_192_64_0p5_0p02_0056_0000.uasset" 6306
"../../../Engine/Content/EngineMaterials/Substrate/GLints/dict_16_192_64_0p5_0p02_0056_0001.uasset" 6307
"../../../Engine/Content/EngineMaterials/Substrate/GLints/dict_16_192_64_0p5_0p02_0056_0002.uasset" 6308
"../../../Engine/Content/EngineMaterials/Substrate/GLints/dict_16_192_64_0p5_0p02_0056_0003.uasset" 6309
"../../../Engine/Content/EngineMaterials/Substrate/GLints/dict_16_192_64_0p5_0p02_0056_0004.uasset" 6310
"../../../Engine/Content/EngineMaterials/Substrate/GLints/dict_16_192_64_0p5_0p02_0056_0005.uasset" 6311
"../../../Engine/Content/EngineMaterials/Substrate/GLints/dict_16_192_64_0p5_0p02_0056_0006.uasset" 6312
"../../../Engine/Content/EngineMaterials/Substrate/GLints/dict_16_192_64_0p5_0p02_0056_0007.uasset" 6313
"../../../Engine/Content/EngineMaterials/Substrate/GLints/dict_16_192_64_0p5_0p02_0056_0008.uasset" 6314
"../../../Engine/Content/EngineMaterials/Substrate/GLints/dict_16_192_64_0p5_0p02_0056_0009.uasset" 6315
"../../../Engine/Content/EngineMaterials/Substrate/GLints/dict_16_192_64_0p5_0p02_0056_0010.uasset" 6316
"../../../Engine/Content/EngineMaterials/Substrate/GLints/dict_16_192_64_0p5_0p02_0056_0011.uasset" 6317
"../../../Engine/Content/EngineMaterials/Substrate/GLints/dict_16_192_64_0p5_0p02_0056_0012.uasset" 6318
"../../../Engine/Content/EngineMaterials/Substrate/GLints/dict_16_192_64_0p5_0p02_0056_0013.uasset" 6319
"../../../Engine/Content/EngineMaterials/Substrate/GLints/dict_16_192_64_0p5_0p02_0056_0014.uasset" 6320
"../../../Engine/Content/EngineMaterials/Substrate/GLints/dict_16_192_64_0p5_0p02_0056_0015.uasset" 6321
"../../../Engine/Content/EngineMaterials/Substrate/GLints/dict_16_192_64_0p5_0p02_0057_0000.uasset" 6322
"../../../Engine/Content/EngineMaterials/Substrate/GLints/dict_16_192_64_0p5_0p02_0057_0001.uasset" 6323
"../../../Engine/Content/EngineMaterials/Substrate/GLints/dict_16_192_64_0p5_0p02_0057_0002.uasset" 6324
"../../../Engine/Content/EngineMaterials/Substrate/GLints/dict_16_192_64_0p5_0p02_0057_0003.uasset" 6325
"../../../Engine/Content/EngineMaterials/Substrate/GLints/dict_16_192_64_0p5_0p02_0057_0004.uasset" 6326
"../../../Engine/Content/EngineMaterials/Substrate/GLints/dict_16_192_64_0p5_0p02_0057_0005.uasset" 6327
"../../../Engine/Content/EngineMaterials/Substrate/GLints/dict_16_192_64_0p5_0p02_0057_0006.uasset" 6328
"../../../Engine/Content/EngineMaterials/Substrate/GLints/dict_16_192_64_0p5_0p02_0057_0007.uasset" 6329
"../../../Engine/Content/EngineMaterials/Substrate/GLints/dict_16_192_64_0p5_0p02_0057_0008.uasset" 6330
"../../../Engine/Content/EngineMaterials/Substrate/GLints/dict_16_192_64_0p5_0p02_0057_0009.uasset" 6331
"../../../Engine/Content/EngineMaterials/Substrate/GLints/dict_16_192_64_0p5_0p02_0057_0010.uasset" 6332
"../../../Engine/Content/EngineMaterials/Substrate/GLints/dict_16_192_64_0p5_0p02_0057_0011.uasset" 6333
"../../../Engine/Content/EngineMaterials/Substrate/GLints/dict_16_192_64_0p5_0p02_0057_0012.uasset" 6334
"../../../Engine/Content/EngineMaterials/Substrate/GLints/dict_16_192_64_0p5_0p02_0057_0013.uasset" 6335
"../../../Engine/Content/EngineMaterials/Substrate/GLints/dict_16_192_64_0p5_0p02_0057_0014.uasset" 6336
"../../../Engine/Content/EngineMaterials/Substrate/GLints/dict_16_192_64_0p5_0p02_0057_0015.uasset" 6337
"../../../Engine/Content/EngineMaterials/Substrate/GLints/dict_16_192_64_0p5_0p02_0058_0000.uasset" 6338
"../../../Engine/Content/EngineMaterials/Substrate/GLints/dict_16_192_64_0p5_0p02_0058_0001.uasset" 6339
"../../../Engine/Content/EngineMaterials/Substrate/GLints/dict_16_192_64_0p5_0p02_0058_0002.uasset" 6340
"../../../Engine/Content/EngineMaterials/Substrate/GLints/dict_16_192_64_0p5_0p02_0058_0003.uasset" 6341
"../../../Engine/Content/EngineMaterials/Substrate/GLints/dict_16_192_64_0p5_0p02_0058_0004.uasset" 6342
"../../../Engine/Content/EngineMaterials/Substrate/GLints/dict_16_192_64_0p5_0p02_0058_0005.uasset" 6343
"../../../Engine/Content/EngineMaterials/Substrate/GLints/dict_16_192_64_0p5_0p02_0058_0006.uasset" 6344
"../../../Engine/Content/EngineMaterials/Substrate/GLints/dict_16_192_64_0p5_0p02_0058_0007.uasset" 6345
"../../../Engine/Content/EngineMaterials/Substrate/GLints/dict_16_192_64_0p5_0p02_0058_0008.uasset" 6346
"../../../Engine/Content/EngineMaterials/Substrate/GLints/dict_16_192_64_0p5_0p02_0058_0009.uasset" 6347
"../../../Engine/Content/EngineMaterials/Substrate/GLints/dict_16_192_64_0p5_0p02_0058_0010.uasset" 6348
"../../../Engine/Content/EngineMaterials/Substrate/GLints/dict_16_192_64_0p5_0p02_0058_0011.uasset" 6349
"../../../Engine/Content/EngineMaterials/Substrate/GLints/dict_16_192_64_0p5_0p02_0058_0012.uasset" 6350
"../../../Engine/Content/EngineMaterials/Substrate/GLints/dict_16_192_64_0p5_0p02_0058_0013.uasset" 6351
"../../../Engine/Content/EngineMaterials/Substrate/GLints/dict_16_192_64_0p5_0p02_0058_0014.uasset" 6352
"../../../Engine/Content/EngineMaterials/Substrate/GLints/dict_16_192_64_0p5_0p02_0058_0015.uasset" 6353
"../../../Engine/Content/EngineMaterials/Substrate/GLints/dict_16_192_64_0p5_0p02_0059_0000.uasset" 6354
"../../../Engine/Content/EngineMaterials/Substrate/GLints/dict_16_192_64_0p5_0p02_0059_0001.uasset" 6355
"../../../Engine/Content/EngineMaterials/Substrate/GLints/dict_16_192_64_0p5_0p02_0059_0002.uasset" 6356
"../../../Engine/Content/EngineMaterials/Substrate/GLints/dict_16_192_64_0p5_0p02_0059_0003.uasset" 6357
"../../../Engine/Content/EngineMaterials/Substrate/GLints/dict_16_192_64_0p5_0p02_0059_0004.uasset" 6358
"../../../Engine/Content/EngineMaterials/Substrate/GLints/dict_16_192_64_0p5_0p02_0059_0005.uasset" 6359
"../../../Engine/Content/EngineMaterials/Substrate/GLints/dict_16_192_64_0p5_0p02_0059_0006.uasset" 6360
"../../../Engine/Content/EngineMaterials/Substrate/GLints/dict_16_192_64_0p5_0p02_0059_0007.uasset" 6361
"../../../Engine/Content/EngineMaterials/Substrate/GLints/dict_16_192_64_0p5_0p02_0059_0008.uasset" 6362
"../../../Engine/Content/EngineMaterials/Substrate/GLints/dict_16_192_64_0p5_0p02_0059_0009.uasset" 6363
"../../../Engine/Content/EngineMaterials/Substrate/GLints/dict_16_192_64_0p5_0p02_0059_0010.uasset" 6364
"../../../Engine/Content/EngineMaterials/Substrate/GLints/dict_16_192_64_0p5_0p02_0059_0011.uasset" 6365
"../../../Engine/Content/EngineMaterials/Substrate/GLints/dict_16_192_64_0p5_0p02_0059_0012.uasset" 6366
"../../../Engine/Content/EngineMaterials/Substrate/GLints/dict_16_192_64_0p5_0p02_0059_0013.uasset" 6367
"../../../Engine/Content/EngineMaterials/Substrate/GLints/dict_16_192_64_0p5_0p02_0059_0014.uasset" 6368
"../../../Engine/Content/EngineMaterials/Substrate/GLints/dict_16_192_64_0p5_0p02_0059_0015.uasset" 6369
"../../../Engine/Content/EngineMaterials/Substrate/GLints/dict_16_192_64_0p5_0p02_0060_0000.uasset" 6370
"../../../Engine/Content/EngineMaterials/Substrate/GLints/dict_16_192_64_0p5_0p02_0060_0001.uasset" 6371
"../../../Engine/Content/EngineMaterials/Substrate/GLints/dict_16_192_64_0p5_0p02_0060_0002.uasset" 6372
"../../../Engine/Content/EngineMaterials/Substrate/GLints/dict_16_192_64_0p5_0p02_0060_0003.uasset" 6373
"../../../Engine/Content/EngineMaterials/Substrate/GLints/dict_16_192_64_0p5_0p02_0060_0004.uasset" 6374
"../../../Engine/Content/EngineMaterials/Substrate/GLints/dict_16_192_64_0p5_0p02_0060_0005.uasset" 6375
"../../../Engine/Content/EngineMaterials/Substrate/GLints/dict_16_192_64_0p5_0p02_0060_0006.uasset" 6376
"../../../Engine/Content/EngineMaterials/Substrate/GLints/dict_16_192_64_0p5_0p02_0060_0007.uasset" 6377
"../../../Engine/Content/EngineMaterials/Substrate/GLints/dict_16_192_64_0p5_0p02_0060_0008.uasset" 6378
"../../../Engine/Content/EngineMaterials/Substrate/GLints/dict_16_192_64_0p5_0p02_0060_0009.uasset" 6379
"../../../Engine/Content/EngineMaterials/Substrate/GLints/dict_16_192_64_0p5_0p02_0060_0010.uasset" 6380
"../../../Engine/Content/EngineMaterials/Substrate/GLints/dict_16_192_64_0p5_0p02_0060_0011.uasset" 6381
"../../../Engine/Content/EngineMaterials/Substrate/GLints/dict_16_192_64_0p5_0p02_0060_0012.uasset" 6382
"../../../Engine/Content/EngineMaterials/Substrate/GLints/dict_16_192_64_0p5_0p02_0060_0013.uasset" 6383
"../../../Engine/Content/EngineMaterials/Substrate/GLints/dict_16_192_64_0p5_0p02_0060_0014.uasset" 6384
"../../../Engine/Content/EngineMaterials/Substrate/GLints/dict_16_192_64_0p5_0p02_0060_0015.uasset" 6385
"../../../Engine/Content/EngineMaterials/Substrate/GLints/dict_16_192_64_0p5_0p02_0061_0000.uasset" 6386
"../../../Engine/Content/EngineMaterials/Substrate/GLints/dict_16_192_64_0p5_0p02_0061_0001.uasset" 6387
"../../../Engine/Content/EngineMaterials/Substrate/GLints/dict_16_192_64_0p5_0p02_0061_0002.uasset" 6388
"../../../Engine/Content/EngineMaterials/Substrate/GLints/dict_16_192_64_0p5_0p02_0061_0003.uasset" 6389
"../../../Engine/Content/EngineMaterials/Substrate/GLints/dict_16_192_64_0p5_0p02_0061_0004.uasset" 6390
"../../../Engine/Content/EngineMaterials/Substrate/GLints/dict_16_192_64_0p5_0p02_0061_0005.uasset" 6391
"../../../Engine/Content/EngineMaterials/Substrate/GLints/dict_16_192_64_0p5_0p02_0061_0006.uasset" 6392
"../../../Engine/Content/EngineMaterials/Substrate/GLints/dict_16_192_64_0p5_0p02_0061_0007.uasset" 6393
"../../../Engine/Content/EngineMaterials/Substrate/GLints/dict_16_192_64_0p5_0p02_0061_0008.uasset" 6394
"../../../Engine/Content/EngineMaterials/Substrate/GLints/dict_16_192_64_0p5_0p02_0061_0009.uasset" 6395
"../../../Engine/Content/EngineMaterials/Substrate/GLints/dict_16_192_64_0p5_0p02_0061_0010.uasset" 6396
"../../../Engine/Content/EngineMaterials/Substrate/GLints/dict_16_192_64_0p5_0p02_0061_0011.uasset" 6397
"../../../Engine/Content/EngineMaterials/Substrate/GLints/dict_16_192_64_0p5_0p02_0061_0012.uasset" 6398
"../../../Engine/Content/EngineMaterials/Substrate/GLints/dict_16_192_64_0p5_0p02_0061_0013.uasset" 6399
"../../../Engine/Content/EngineMaterials/Substrate/GLints/dict_16_192_64_0p5_0p02_0061_0014.uasset" 6400
"../../../Engine/Content/EngineMaterials/Substrate/GLints/dict_16_192_64_0p5_0p02_0061_0015.uasset" 6401
"../../../Engine/Content/EngineMaterials/Substrate/GLints/dict_16_192_64_0p5_0p02_0062_0000.uasset" 6402
"../../../Engine/Content/EngineMaterials/Substrate/GLints/dict_16_192_64_0p5_0p02_0062_0001.uasset" 6403
"../../../Engine/Content/EngineMaterials/Substrate/GLints/dict_16_192_64_0p5_0p02_0062_0002.uasset" 6404
"../../../Engine/Content/EngineMaterials/Substrate/GLints/dict_16_192_64_0p5_0p02_0062_0003.uasset" 6405
"../../../Engine/Content/EngineMaterials/Substrate/GLints/dict_16_192_64_0p5_0p02_0062_0004.uasset" 6406
"../../../Engine/Content/EngineMaterials/Substrate/GLints/dict_16_192_64_0p5_0p02_0062_0005.uasset" 6407
"../../../Engine/Content/EngineMaterials/Substrate/GLints/dict_16_192_64_0p5_0p02_0062_0006.uasset" 6408
"../../../Engine/Content/EngineMaterials/Substrate/GLints/dict_16_192_64_0p5_0p02_0062_0007.uasset" 6409
"../../../Engine/Content/EngineMaterials/Substrate/GLints/dict_16_192_64_0p5_0p02_0062_0008.uasset" 6410
"../../../Engine/Content/EngineMaterials/Substrate/GLints/dict_16_192_64_0p5_0p02_0062_0009.uasset" 6411
"../../../Engine/Content/EngineMaterials/Substrate/GLints/dict_16_192_64_0p5_0p02_0062_0010.uasset" 6412
"../../../Engine/Content/EngineMaterials/Substrate/GLints/dict_16_192_64_0p5_0p02_0062_0011.uasset" 6413
"../../../Engine/Content/EngineMaterials/Substrate/GLints/dict_16_192_64_0p5_0p02_0062_0012.uasset" 6414
"../../../Engine/Content/EngineMaterials/Substrate/GLints/dict_16_192_64_0p5_0p02_0062_0013.uasset" 6415
"../../../Engine/Content/EngineMaterials/Substrate/GLints/dict_16_192_64_0p5_0p02_0062_0014.uasset" 6416
"../../../Engine/Content/EngineMaterials/Substrate/GLints/dict_16_192_64_0p5_0p02_0062_0015.uasset" 6417
"../../../Engine/Content/EngineMaterials/Substrate/GLints/dict_16_192_64_0p5_0p02_0063_0000.uasset" 6418
"../../../Engine/Content/EngineMaterials/Substrate/GLints/dict_16_192_64_0p5_0p02_0063_0001.uasset" 6419
"../../../Engine/Content/EngineMaterials/Substrate/GLints/dict_16_192_64_0p5_0p02_0063_0002.uasset" 6420
"../../../Engine/Content/EngineMaterials/Substrate/GLints/dict_16_192_64_0p5_0p02_0063_0003.uasset" 6421
"../../../Engine/Content/EngineMaterials/Substrate/GLints/dict_16_192_64_0p5_0p02_0063_0004.uasset" 6422
"../../../Engine/Content/EngineMaterials/Substrate/GLints/dict_16_192_64_0p5_0p02_0063_0005.uasset" 6423
"../../../Engine/Content/EngineMaterials/Substrate/GLints/dict_16_192_64_0p5_0p02_0063_0006.uasset" 6424
"../../../Engine/Content/EngineMaterials/Substrate/GLints/dict_16_192_64_0p5_0p02_0063_0007.uasset" 6425
"../../../Engine/Content/EngineMaterials/Substrate/GLints/dict_16_192_64_0p5_0p02_0063_0008.uasset" 6426
"../../../Engine/Content/EngineMaterials/Substrate/GLints/dict_16_192_64_0p5_0p02_0063_0009.uasset" 6427
"../../../Engine/Content/EngineMaterials/Substrate/GLints/dict_16_192_64_0p5_0p02_0063_0010.uasset" 6428
"../../../Engine/Content/EngineMaterials/Substrate/GLints/dict_16_192_64_0p5_0p02_0063_0011.uasset" 6429
"../../../Engine/Content/EngineMaterials/Substrate/GLints/dict_16_192_64_0p5_0p02_0063_0012.uasset" 6430
"../../../Engine/Content/EngineMaterials/Substrate/GLints/dict_16_192_64_0p5_0p02_0063_0013.uasset" 6431
"../../../Engine/Content/EngineMaterials/Substrate/GLints/dict_16_192_64_0p5_0p02_0063_0014.uasset" 6432
"../../../Engine/Content/EngineMaterials/Substrate/GLints/dict_16_192_64_0p5_0p02_0063_0015.uasset" 6433
"/Game/Virtual_Studio_Kit/Materials/Glow/M_Glow" 6434
"/Engine/EngineMaterials/Substrate/Glints2/AGlintTex2dArray2" 6435
"../../../Engine/Content/EngineMaterials/Substrate/Glints2/dict_0000_0000.uasset" 6436
"../../../Engine/Content/EngineMaterials/Substrate/Glints2/dict_0000_0001.uasset" 6437
"../../../Engine/Content/EngineMaterials/Substrate/Glints2/dict_0000_0002.uasset" 6438
"../../../Engine/Content/EngineMaterials/Substrate/Glints2/dict_0000_0003.uasset" 6439
"../../../Engine/Content/EngineMaterials/Substrate/Glints2/dict_0000_0004.uasset" 6440
"../../../Engine/Content/EngineMaterials/Substrate/Glints2/dict_0000_0005.uasset" 6441
"../../../Engine/Content/EngineMaterials/Substrate/Glints2/dict_0000_0006.uasset" 6442
"../../../Engine/Content/EngineMaterials/Substrate/Glints2/dict_0000_0007.uasset" 6443
"../../../Engine/Content/EngineMaterials/Substrate/Glints2/dict_0000_0008.uasset" 6444
"../../../Engine/Content/EngineMaterials/Substrate/Glints2/dict_0000_0009.uasset" 6445
"../../../Engine/Content/EngineMaterials/Substrate/Glints2/dict_0000_0010.uasset" 6446
"../../../Engine/Content/EngineMaterials/Substrate/Glints2/dict_0000_0011.uasset" 6447
"../../../Engine/Content/EngineMaterials/Substrate/Glints2/dict_0000_0012.uasset" 6448
"../../../Engine/Content/EngineMaterials/Substrate/Glints2/dict_0000_0013.uasset" 6449
"../../../Engine/Content/EngineMaterials/Substrate/Glints2/dict_0000_0014.uasset" 6450
"../../../Engine/Content/EngineMaterials/Substrate/Glints2/dict_0000_0015.uasset" 6451
"../../../Engine/Content/EngineMaterials/Substrate/Glints2/dict_0000_0016.uasset" 6452
"../../../Engine/Content/EngineMaterials/Substrate/Glints2/dict_0000_0017.uasset" 6453
"../../../Engine/Content/EngineMaterials/Substrate/Glints2/dict_0000_0018.uasset" 6454
"../../../Engine/Content/EngineMaterials/Substrate/Glints2/dict_0000_0019.uasset" 6455
"../../../Engine/Content/EngineMaterials/Substrate/Glints2/dict_0000_0020.uasset" 6456
"../../../Engine/Content/EngineMaterials/Substrate/Glints2/dict_0000_0021.uasset" 6457
"../../../Engine/Content/EngineMaterials/Substrate/Glints2/dict_0000_0022.uasset" 6458
"../../../Engine/Content/EngineMaterials/Substrate/Glints2/dict_0000_0023.uasset" 6459
"../../../Engine/Content/EngineMaterials/Substrate/Glints2/dict_0000_0024.uasset" 6460
"../../../Engine/Content/EngineMaterials/Substrate/Glints2/dict_0000_0025.uasset" 6461
"../../../Engine/Content/EngineMaterials/Substrate/Glints2/dict_0000_0026.uasset" 6462
"../../../Engine/Content/EngineMaterials/Substrate/Glints2/dict_0000_0027.uasset" 6463
"../../../Engine/Content/EngineMaterials/Substrate/Glints2/dict_0000_0028.uasset" 6464
"../../../Engine/Content/EngineMaterials/Substrate/Glints2/dict_0000_0029.uasset" 6465
"../../../Engine/Content/EngineMaterials/Substrate/Glints2/dict_0000_0030.uasset" 6466
"../../../Engine/Content/EngineMaterials/Substrate/Glints2/dict_0000_0031.uasset" 6467
"../../../Engine/Content/EngineMaterials/Substrate/Glints2/dict_0000_0032.uasset" 6468
"../../../Engine/Content/EngineMaterials/Substrate/Glints2/dict_0000_0033.uasset" 6469
"../../../Engine/Content/EngineMaterials/Substrate/Glints2/dict_0000_0034.uasset" 6470
"../../../Engine/Content/EngineMaterials/Substrate/Glints2/dict_0000_0035.uasset" 6471
"../../../Engine/Content/EngineMaterials/Substrate/Glints2/dict_0000_0036.uasset" 6472
"../../../Engine/Content/EngineMaterials/Substrate/Glints2/dict_0000_0037.uasset" 6473
"../../../Engine/Content/EngineMaterials/Substrate/Glints2/dict_0000_0038.uasset" 6474
"../../../Engine/Content/EngineMaterials/Substrate/Glints2/dict_0000_0039.uasset" 6475
"../../../Engine/Content/EngineMaterials/Substrate/Glints2/dict_0000_0040.uasset" 6476
"../../../Engine/Content/EngineMaterials/Substrate/Glints2/dict_0000_0041.uasset" 6477
"../../../Engine/Content/EngineMaterials/Substrate/Glints2/dict_0000_0042.uasset" 6478
"../../../Engine/Content/EngineMaterials/Substrate/Glints2/dict_0000_0043.uasset" 6479
"../../../Engine/Content/EngineMaterials/Substrate/Glints2/dict_0000_0044.uasset" 6480
"../../../Engine/Content/EngineMaterials/Substrate/Glints2/dict_0000_0045.uasset" 6481
"../../../Engine/Content/EngineMaterials/Substrate/Glints2/dict_0000_0046.uasset" 6482
"../../../Engine/Content/EngineMaterials/Substrate/Glints2/dict_0000_0047.uasset" 6483
"../../../Engine/Content/EngineMaterials/Substrate/Glints2/dict_0000_0048.uasset" 6484
"../../../Engine/Content/EngineMaterials/Substrate/Glints2/dict_0000_0049.uasset" 6485
"../../../Engine/Content/EngineMaterials/Substrate/Glints2/dict_0000_0050.uasset" 6486
"../../../Engine/Content/EngineMaterials/Substrate/Glints2/dict_0000_0051.uasset" 6487
"../../../Engine/Content/EngineMaterials/Substrate/Glints2/dict_0000_0052.uasset" 6488
"../../../Engine/Content/EngineMaterials/Substrate/Glints2/dict_0000_0053.uasset" 6489
"../../../Engine/Content/EngineMaterials/Substrate/Glints2/dict_0000_0054.uasset" 6490
"../../../Engine/Content/EngineMaterials/Substrate/Glints2/dict_0000_0055.uasset" 6491
"../../../Engine/Content/EngineMaterials/Substrate/Glints2/dict_0000_0056.uasset" 6492
"../../../Engine/Content/EngineMaterials/Substrate/Glints2/dict_0000_0057.uasset" 6493
"../../../Engine/Content/EngineMaterials/Substrate/Glints2/dict_0000_0058.uasset" 6494
"../../../Engine/Content/EngineMaterials/Substrate/Glints2/dict_0000_0059.uasset" 6495
"../../../Engine/Content/EngineMaterials/Substrate/Glints2/dict_0000_0060.uasset" 6496
"../../../Engine/Content/EngineMaterials/Substrate/Glints2/dict_0000_0061.uasset" 6497
"../../../Engine/Content/EngineMaterials/Substrate/Glints2/dict_0000_0062.uasset" 6498
"../../../Engine/Content/EngineMaterials/Substrate/Glints2/dict_0000_0063.uasset" 6499
"../../../Engine/Content/EngineMaterials/Substrate/Glints2/dict_0000_0064.uasset" 6500
"../../../Engine/Content/EngineMaterials/Substrate/Glints2/dict_0000_0065.uasset" 6501
"../../../Engine/Content/EngineMaterials/Substrate/Glints2/dict_0000_0066.uasset" 6502
"../../../Engine/Content/EngineMaterials/Substrate/Glints2/dict_0000_0067.uasset" 6503
"../../../Engine/Content/EngineMaterials/Substrate/Glints2/dict_0000_0068.uasset" 6504
"../../../Engine/Content/EngineMaterials/Substrate/Glints2/dict_0000_0069.uasset" 6505
"../../../Engine/Content/EngineMaterials/Substrate/Glints2/dict_0000_0070.uasset" 6506
"../../../Engine/Content/EngineMaterials/Substrate/Glints2/dict_0000_0071.uasset" 6507
"../../../Engine/Content/EngineMaterials/Substrate/Glints2/dict_0000_0072.uasset" 6508
"../../../Engine/Content/EngineMaterials/Substrate/Glints2/dict_0000_0073.uasset" 6509
"../../../Engine/Content/EngineMaterials/Substrate/Glints2/dict_0000_0074.uasset" 6510
"../../../Engine/Content/EngineMaterials/Substrate/Glints2/dict_0000_0075.uasset" 6511
"../../../Engine/Content/EngineMaterials/Substrate/Glints2/dict_0000_0076.uasset" 6512
"../../../Engine/Content/EngineMaterials/Substrate/Glints2/dict_0000_0077.uasset" 6513
"../../../Engine/Content/EngineMaterials/Substrate/Glints2/dict_0000_0078.uasset" 6514
"../../../Engine/Content/EngineMaterials/Substrate/Glints2/dict_0000_0079.uasset" 6515
"../../../Engine/Content/EngineMaterials/Substrate/Glints2/dict_0000_0080.uasset" 6516
"../../../Engine/Content/EngineMaterials/Substrate/Glints2/dict_0000_0081.uasset" 6517
"../../../Engine/Content/EngineMaterials/Substrate/Glints2/dict_0000_0082.uasset" 6518
"../../../Engine/Content/EngineMaterials/Substrate/Glints2/dict_0000_0083.uasset" 6519
"../../../Engine/Content/EngineMaterials/Substrate/Glints2/dict_0000_0084.uasset" 6520
"../../../Engine/Content/EngineMaterials/Substrate/Glints2/dict_0000_0085.uasset" 6521
"../../../Engine/Content/EngineMaterials/Substrate/Glints2/dict_0000_0086.uasset" 6522
"../../../Engine/Content/EngineMaterials/Substrate/Glints2/dict_0000_0087.uasset" 6523
"../../../Engine/Content/EngineMaterials/Substrate/Glints2/dict_0000_0088.uasset" 6524
"../../../Engine/Content/EngineMaterials/Substrate/Glints2/dict_0000_0089.uasset" 6525
"../../../Engine/Content/EngineMaterials/Substrate/Glints2/dict_0000_0090.uasset" 6526
"../../../Engine/Content/EngineMaterials/Substrate/Glints2/dict_0000_0091.uasset" 6527
"../../../Engine/Content/EngineMaterials/Substrate/Glints2/dict_0000_0092.uasset" 6528
"../../../Engine/Content/EngineMaterials/Substrate/Glints2/dict_0000_0093.uasset" 6529
"../../../Engine/Content/EngineMaterials/Substrate/Glints2/dict_0000_0094.uasset" 6530
"../../../Engine/Content/EngineMaterials/Substrate/Glints2/dict_0000_0095.uasset" 6531
"../../../Engine/Content/EngineMaterials/Substrate/Glints2/dict_0000_0096.uasset" 6532
"../../../Engine/Content/EngineMaterials/Substrate/Glints2/dict_0000_0097.uasset" 6533
"../../../Engine/Content/EngineMaterials/Substrate/Glints2/dict_0000_0098.uasset" 6534
"../../../Engine/Content/EngineMaterials/Substrate/Glints2/dict_0000_0099.uasset" 6535
"../../../Engine/Content/EngineMaterials/Substrate/Glints2/dict_0000_0100.uasset" 6536
"../../../Engine/Content/EngineMaterials/Substrate/Glints2/dict_0000_0101.uasset" 6537
"../../../Engine/Content/EngineMaterials/Substrate/Glints2/dict_0000_0102.uasset" 6538
"../../../Engine/Content/EngineMaterials/Substrate/Glints2/dict_0000_0103.uasset" 6539
"../../../Engine/Content/EngineMaterials/Substrate/Glints2/dict_0000_0104.uasset" 6540
"../../../Engine/Content/EngineMaterials/Substrate/Glints2/dict_0000_0105.uasset" 6541
"../../../Engine/Content/EngineMaterials/Substrate/Glints2/dict_0000_0106.uasset" 6542
"../../../Engine/Content/EngineMaterials/Substrate/Glints2/dict_0000_0107.uasset" 6543
"../../../Engine/Content/EngineMaterials/Substrate/Glints2/dict_0000_0108.uasset" 6544
"../../../Engine/Content/EngineMaterials/Substrate/Glints2/dict_0000_0109.uasset" 6545
"../../../Engine/Content/EngineMaterials/Substrate/Glints2/dict_0000_0110.uasset" 6546
"../../../Engine/Content/EngineMaterials/Substrate/Glints2/dict_0000_0111.uasset" 6547
"../../../Engine/Content/EngineMaterials/Substrate/Glints2/dict_0000_0112.uasset" 6548
"../../../Engine/Content/EngineMaterials/Substrate/Glints2/dict_0000_0113.uasset" 6549
"../../../Engine/Content/EngineMaterials/Substrate/Glints2/dict_0000_0114.uasset" 6550
"../../../Engine/Content/EngineMaterials/Substrate/Glints2/dict_0000_0115.uasset" 6551
"../../../Engine/Content/EngineMaterials/Substrate/Glints2/dict_0000_0116.uasset" 6552
"../../../Engine/Content/EngineMaterials/Substrate/Glints2/dict_0000_0117.uasset" 6553
"../../../Engine/Content/EngineMaterials/Substrate/Glints2/dict_0000_0118.uasset" 6554
"../../../Engine/Content/EngineMaterials/Substrate/Glints2/dict_0000_0119.uasset" 6555
"../../../Engine/Content/EngineMaterials/Substrate/Glints2/dict_0000_0120.uasset" 6556
"../../../Engine/Content/EngineMaterials/Substrate/Glints2/dict_0000_0121.uasset" 6557
"../../../Engine/Content/EngineMaterials/Substrate/Glints2/dict_0000_0122.uasset" 6558
"../../../Engine/Content/EngineMaterials/Substrate/Glints2/dict_0000_0123.uasset" 6559
"../../../Engine/Content/EngineMaterials/Substrate/Glints2/dict_0000_0124.uasset" 6560
"../../../Engine/Content/EngineMaterials/Substrate/Glints2/dict_0000_0125.uasset" 6561
"../../../Engine/Content/EngineMaterials/Substrate/Glints2/dict_0000_0126.uasset" 6562
"../../../Engine/Content/EngineMaterials/Substrate/Glints2/dict_0000_0127.uasset" 6563
"../../../Engine/Content/EngineMaterials/Substrate/Glints2/dict_0000_0128.uasset" 6564
"../../../Engine/Content/EngineMaterials/Substrate/Glints2/dict_0000_0129.uasset" 6565
"../../../Engine/Content/EngineMaterials/Substrate/Glints2/dict_0000_0130.uasset" 6566
"../../../Engine/Content/EngineMaterials/Substrate/Glints2/dict_0000_0131.uasset" 6567
"../../../Engine/Content/EngineMaterials/Substrate/Glints2/dict_0000_0132.uasset" 6568
"../../../Engine/Content/EngineMaterials/Substrate/Glints2/dict_0000_0133.uasset" 6569
"../../../Engine/Content/EngineMaterials/Substrate/Glints2/dict_0000_0134.uasset" 6570
"../../../Engine/Content/EngineMaterials/Substrate/Glints2/dict_0000_0135.uasset" 6571
"../../../Engine/Content/EngineMaterials/Substrate/Glints2/dict_0000_0136.uasset" 6572
"../../../Engine/Content/EngineMaterials/Substrate/Glints2/dict_0000_0137.uasset" 6573
"../../../Engine/Content/EngineMaterials/Substrate/Glints2/dict_0000_0138.uasset" 6574
"../../../Engine/Content/EngineMaterials/Substrate/Glints2/dict_0000_0139.uasset" 6575
"../../../Engine/Content/EngineMaterials/Substrate/Glints2/dict_0000_0140.uasset" 6576
"../../../Engine/Content/EngineMaterials/Substrate/Glints2/dict_0000_0141.uasset" 6577
"../../../Engine/Content/EngineMaterials/Substrate/Glints2/dict_0000_0142.uasset" 6578
"../../../Engine/Content/EngineMaterials/Substrate/Glints2/dict_0000_0143.uasset" 6579
"../../../Engine/Content/EngineMaterials/Substrate/Glints2/dict_0000_0144.uasset" 6580
"../../../Engine/Content/EngineMaterials/Substrate/Glints2/dict_0000_0145.uasset" 6581
"../../../Engine/Content/EngineMaterials/Substrate/Glints2/dict_0000_0146.uasset" 6582
"../../../Engine/Content/EngineMaterials/Substrate/Glints2/dict_0000_0147.uasset" 6583
"../../../Engine/Content/EngineMaterials/Substrate/Glints2/dict_0000_0148.uasset" 6584
"../../../Engine/Content/EngineMaterials/Substrate/Glints2/dict_0000_0149.uasset" 6585
"../../../Engine/Content/EngineMaterials/Substrate/Glints2/dict_0000_0150.uasset" 6586
"../../../Engine/Content/EngineMaterials/Substrate/Glints2/dict_0000_0151.uasset" 6587
"../../../Engine/Content/EngineMaterials/Substrate/Glints2/dict_0000_0152.uasset" 6588
"../../../Engine/Content/EngineMaterials/Substrate/Glints2/dict_0000_0153.uasset" 6589
"../../../Engine/Content/EngineMaterials/Substrate/Glints2/dict_0000_0154.uasset" 6590
"../../../Engine/Content/EngineMaterials/Substrate/Glints2/dict_0000_0155.uasset" 6591
"../../../Engine/Content/EngineMaterials/Substrate/Glints2/dict_0000_0156.uasset" 6592
"../../../Engine/Content/EngineMaterials/Substrate/Glints2/dict_0000_0157.uasset" 6593
"../../../Engine/Content/EngineMaterials/Substrate/Glints2/dict_0000_0158.uasset" 6594
"../../../Engine/Content/EngineMaterials/Substrate/Glints2/dict_0000_0159.uasset" 6595
"../../../Engine/Content/EngineMaterials/Substrate/Glints2/dict_0000_0160.uasset" 6596
"../../../Engine/Content/EngineMaterials/Substrate/Glints2/dict_0000_0161.uasset" 6597
"../../../Engine/Content/EngineMaterials/Substrate/Glints2/dict_0000_0162.uasset" 6598
"../../../Engine/Content/EngineMaterials/Substrate/Glints2/dict_0000_0163.uasset" 6599
"../../../Engine/Content/EngineMaterials/Substrate/Glints2/dict_0000_0164.uasset" 6600
"../../../Engine/Content/EngineMaterials/Substrate/Glints2/dict_0000_0165.uasset" 6601
"../../../Engine/Content/EngineMaterials/Substrate/Glints2/dict_0000_0166.uasset" 6602
"../../../Engine/Content/EngineMaterials/Substrate/Glints2/dict_0000_0167.uasset" 6603
"../../../Engine/Content/EngineMaterials/Substrate/Glints2/dict_0000_0168.uasset" 6604
"../../../Engine/Content/EngineMaterials/Substrate/Glints2/dict_0000_0169.uasset" 6605
"../../../Engine/Content/EngineMaterials/Substrate/Glints2/dict_0000_0170.uasset" 6606
"../../../Engine/Content/EngineMaterials/Substrate/Glints2/dict_0000_0171.uasset" 6607
"../../../Engine/Content/EngineMaterials/Substrate/Glints2/dict_0000_0172.uasset" 6608
"../../../Engine/Content/EngineMaterials/Substrate/Glints2/dict_0000_0173.uasset" 6609
"../../../Engine/Content/EngineMaterials/Substrate/Glints2/dict_0000_0174.uasset" 6610
"../../../Engine/Content/EngineMaterials/Substrate/Glints2/dict_0000_0175.uasset" 6611
"../../../Engine/Content/EngineMaterials/Substrate/Glints2/dict_0000_0176.uasset" 6612
"../../../Engine/Content/EngineMaterials/Substrate/Glints2/dict_0000_0177.uasset" 6613
"../../../Engine/Content/EngineMaterials/Substrate/Glints2/dict_0000_0178.uasset" 6614
"../../../Engine/Content/EngineMaterials/Substrate/Glints2/dict_0000_0179.uasset" 6615
"../../../Engine/Content/EngineMaterials/Substrate/Glints2/dict_0000_0180.uasset" 6616
"../../../Engine/Content/EngineMaterials/Substrate/Glints2/dict_0000_0181.uasset" 6617
"../../../Engine/Content/EngineMaterials/Substrate/Glints2/dict_0000_0182.uasset" 6618
"../../../Engine/Content/EngineMaterials/Substrate/Glints2/dict_0000_0183.uasset" 6619
"../../../Engine/Content/EngineMaterials/Substrate/Glints2/dict_0000_0184.uasset" 6620
"../../../Engine/Content/EngineMaterials/Substrate/Glints2/dict_0000_0185.uasset" 6621
"../../../Engine/Content/EngineMaterials/Substrate/Glints2/dict_0000_0186.uasset" 6622
"../../../Engine/Content/EngineMaterials/Substrate/Glints2/dict_0000_0187.uasset" 6623
"../../../Engine/Content/EngineMaterials/Substrate/Glints2/dict_0000_0188.uasset" 6624
"../../../Engine/Content/EngineMaterials/Substrate/Glints2/dict_0000_0189.uasset" 6625
"../../../Engine/Content/EngineMaterials/Substrate/Glints2/dict_0000_0190.uasset" 6626
"../../../Engine/Content/EngineMaterials/Substrate/Glints2/dict_0000_0191.uasset" 6627
"../../../Engine/Content/EngineMaterials/Substrate/Glints2/dict_0000_0192.uasset" 6628
"../../../Engine/Content/EngineMaterials/Substrate/Glints2/dict_0000_0193.uasset" 6629
"../../../Engine/Content/EngineMaterials/Substrate/Glints2/dict_0000_0194.uasset" 6630
"../../../Engine/Content/EngineMaterials/Substrate/Glints2/dict_0000_0195.uasset" 6631
"../../../Engine/Content/EngineMaterials/Substrate/Glints2/dict_0000_0196.uasset" 6632
"../../../Engine/Content/EngineMaterials/Substrate/Glints2/dict_0000_0197.uasset" 6633
"../../../Engine/Content/EngineMaterials/Substrate/Glints2/dict_0000_0198.uasset" 6634
"../../../Engine/Content/EngineMaterials/Substrate/Glints2/dict_0000_0199.uasset" 6635
"../../../Engine/Content/EngineMaterials/Substrate/Glints2/dict_0000_0200.uasset" 6636
"../../../Engine/Content/EngineMaterials/Substrate/Glints2/dict_0000_0201.uasset" 6637
"../../../Engine/Content/EngineMaterials/Substrate/Glints2/dict_0000_0202.uasset" 6638
"../../../Engine/Content/EngineMaterials/Substrate/Glints2/dict_0000_0203.uasset" 6639
"../../../Engine/Content/EngineMaterials/Substrate/Glints2/dict_0000_0204.uasset" 6640
"../../../Engine/Content/EngineMaterials/Substrate/Glints2/dict_0000_0205.uasset" 6641
"../../../Engine/Content/EngineMaterials/Substrate/Glints2/dict_0000_0206.uasset" 6642
"../../../Engine/Content/EngineMaterials/Substrate/Glints2/dict_0000_0207.uasset" 6643
"../../../Engine/Content/EngineMaterials/Substrate/Glints2/dict_0000_0208.uasset" 6644
"../../../Engine/Content/EngineMaterials/Substrate/Glints2/dict_0000_0209.uasset" 6645
"../../../Engine/Content/EngineMaterials/Substrate/Glints2/dict_0000_0210.uasset" 6646
"../../../Engine/Content/EngineMaterials/Substrate/Glints2/dict_0000_0211.uasset" 6647
"../../../Engine/Content/EngineMaterials/Substrate/Glints2/dict_0000_0212.uasset" 6648
"../../../Engine/Content/EngineMaterials/Substrate/Glints2/dict_0000_0213.uasset" 6649
"../../../Engine/Content/EngineMaterials/Substrate/Glints2/dict_0000_0214.uasset" 6650
"../../../Engine/Content/EngineMaterials/Substrate/Glints2/dict_0000_0215.uasset" 6651
"../../../Engine/Content/EngineMaterials/Substrate/Glints2/dict_0000_0216.uasset" 6652
"../../../Engine/Content/EngineMaterials/Substrate/Glints2/dict_0000_0217.uasset" 6653
"../../../Engine/Content/EngineMaterials/Substrate/Glints2/dict_0000_0218.uasset" 6654
"../../../Engine/Content/EngineMaterials/Substrate/Glints2/dict_0000_0219.uasset" 6655
"../../../Engine/Content/EngineMaterials/Substrate/Glints2/dict_0000_0220.uasset" 6656
"../../../Engine/Content/EngineMaterials/Substrate/Glints2/dict_0000_0221.uasset" 6657
"../../../Engine/Content/EngineMaterials/Substrate/Glints2/dict_0000_0222.uasset" 6658
"../../../Engine/Content/EngineMaterials/Substrate/Glints2/dict_0000_0223.uasset" 6659
"../../../Engine/Content/EngineMaterials/Substrate/Glints2/dict_0000_0224.uasset" 6660
"../../../Engine/Content/EngineMaterials/Substrate/Glints2/dict_0000_0225.uasset" 6661
"../../../Engine/Content/EngineMaterials/Substrate/Glints2/dict_0000_0226.uasset" 6662
"../../../Engine/Content/EngineMaterials/Substrate/Glints2/dict_0000_0227.uasset" 6663
"../../../Engine/Content/EngineMaterials/Substrate/Glints2/dict_0000_0228.uasset" 6664
"../../../Engine/Content/EngineMaterials/Substrate/Glints2/dict_0000_0229.uasset" 6665
"../../../Engine/Content/EngineMaterials/Substrate/Glints2/dict_0000_0230.uasset" 6666
"../../../Engine/Content/EngineMaterials/Substrate/Glints2/dict_0000_0231.uasset" 6667
"../../../Engine/Content/EngineMaterials/Substrate/Glints2/dict_0000_0232.uasset" 6668
"../../../Engine/Content/EngineMaterials/Substrate/Glints2/dict_0000_0233.uasset" 6669
"../../../Engine/Content/EngineMaterials/Substrate/Glints2/dict_0000_0234.uasset" 6670
"../../../Engine/Content/EngineMaterials/Substrate/Glints2/dict_0000_0235.uasset" 6671
"../../../Engine/Content/EngineMaterials/Substrate/Glints2/dict_0000_0236.uasset" 6672
"../../../Engine/Content/EngineMaterials/Substrate/Glints2/dict_0000_0237.uasset" 6673
"../../../Engine/Content/EngineMaterials/Substrate/Glints2/dict_0000_0238.uasset" 6674
"../../../Engine/Content/EngineMaterials/Substrate/Glints2/dict_0000_0239.uasset" 6675
"../../../Engine/Content/EngineMaterials/Substrate/Glints2/dict_0000_0240.uasset" 6676
"../../../Engine/Content/EngineMaterials/Substrate/Glints2/dict_0000_0241.uasset" 6677
"../../../Engine/Content/EngineMaterials/Substrate/Glints2/dict_0000_0242.uasset" 6678
"../../../Engine/Content/EngineMaterials/Substrate/Glints2/dict_0000_0243.uasset" 6679
"../../../Engine/Content/EngineMaterials/Substrate/Glints2/dict_0000_0244.uasset" 6680
"../../../Engine/Content/EngineMaterials/Substrate/Glints2/dict_0000_0245.uasset" 6681
"../../../Engine/Content/EngineMaterials/Substrate/Glints2/dict_0000_0246.uasset" 6682
"../../../Engine/Content/EngineMaterials/Substrate/Glints2/dict_0000_0247.uasset" 6683
"../../../Engine/Content/EngineMaterials/Substrate/Glints2/dict_0000_0248.uasset" 6684
"../../../Engine/Content/EngineMaterials/Substrate/Glints2/dict_0000_0249.uasset" 6685
"../../../Engine/Content/EngineMaterials/Substrate/Glints2/dict_0000_0250.uasset" 6686
"../../../Engine/Content/EngineMaterials/Substrate/Glints2/dict_0000_0251.uasset" 6687
"../../../Engine/Content/EngineMaterials/Substrate/Glints2/dict_0000_0252.uasset" 6688
"../../../Engine/Content/EngineMaterials/Substrate/Glints2/dict_0000_0253.uasset" 6689
"../../../Engine/Content/EngineMaterials/Substrate/Glints2/dict_0000_0254.uasset" 6690
"../../../Engine/Content/EngineMaterials/Substrate/Glints2/dict_0000_0255.uasset" 6691
"../../../Engine/Content/EngineMaterials/Substrate/Glints2/dict_0001_0000.uasset" 6692
"../../../Engine/Content/EngineMaterials/Substrate/Glints2/dict_0001_0001.uasset" 6693
"../../../Engine/Content/EngineMaterials/Substrate/Glints2/dict_0001_0002.uasset" 6694
"../../../Engine/Content/EngineMaterials/Substrate/Glints2/dict_0001_0003.uasset" 6695
"../../../Engine/Content/EngineMaterials/Substrate/Glints2/dict_0001_0004.uasset" 6696
"../../../Engine/Content/EngineMaterials/Substrate/Glints2/dict_0001_0005.uasset" 6697
"../../../Engine/Content/EngineMaterials/Substrate/Glints2/dict_0001_0006.uasset" 6698
"../../../Engine/Content/EngineMaterials/Substrate/Glints2/dict_0001_0007.uasset" 6699
"../../../Engine/Content/EngineMaterials/Substrate/Glints2/dict_0001_0008.uasset" 6700
"../../../Engine/Content/EngineMaterials/Substrate/Glints2/dict_0001_0009.uasset" 6701
"../../../Engine/Content/EngineMaterials/Substrate/Glints2/dict_0001_0010.uasset" 6702
"../../../Engine/Content/EngineMaterials/Substrate/Glints2/dict_0001_0011.uasset" 6703
"../../../Engine/Content/EngineMaterials/Substrate/Glints2/dict_0001_0012.uasset" 6704
"../../../Engine/Content/EngineMaterials/Substrate/Glints2/dict_0001_0013.uasset" 6705
"../../../Engine/Content/EngineMaterials/Substrate/Glints2/dict_0001_0014.uasset" 6706
"../../../Engine/Content/EngineMaterials/Substrate/Glints2/dict_0001_0015.uasset" 6707
"../../../Engine/Content/EngineMaterials/Substrate/Glints2/dict_0001_0016.uasset" 6708
"../../../Engine/Content/EngineMaterials/Substrate/Glints2/dict_0001_0017.uasset" 6709
"../../../Engine/Content/EngineMaterials/Substrate/Glints2/dict_0001_0018.uasset" 6710
"../../../Engine/Content/EngineMaterials/Substrate/Glints2/dict_0001_0019.uasset" 6711
"../../../Engine/Content/EngineMaterials/Substrate/Glints2/dict_0001_0020.uasset" 6712
"../../../Engine/Content/EngineMaterials/Substrate/Glints2/dict_0001_0021.uasset" 6713
"../../../Engine/Content/EngineMaterials/Substrate/Glints2/dict_0001_0022.uasset" 6714
"../../../Engine/Content/EngineMaterials/Substrate/Glints2/dict_0001_0023.uasset" 6715
"../../../Engine/Content/EngineMaterials/Substrate/Glints2/dict_0001_0024.uasset" 6716
"../../../Engine/Content/EngineMaterials/Substrate/Glints2/dict_0001_0025.uasset" 6717
"../../../Engine/Content/EngineMaterials/Substrate/Glints2/dict_0001_0026.uasset" 6718
"../../../Engine/Content/EngineMaterials/Substrate/Glints2/dict_0001_0027.uasset" 6719
"../../../Engine/Content/EngineMaterials/Substrate/Glints2/dict_0001_0028.uasset" 6720
"../../../Engine/Content/EngineMaterials/Substrate/Glints2/dict_0001_0029.uasset" 6721
"../../../Engine/Content/EngineMaterials/Substrate/Glints2/dict_0001_0030.uasset" 6722
"../../../Engine/Content/EngineMaterials/Substrate/Glints2/dict_0001_0031.uasset" 6723
"../../../Engine/Content/EngineMaterials/Substrate/Glints2/dict_0001_0032.uasset" 6724
"../../../Engine/Content/EngineMaterials/Substrate/Glints2/dict_0001_0033.uasset" 6725
"../../../Engine/Content/EngineMaterials/Substrate/Glints2/dict_0001_0034.uasset" 6726
"../../../Engine/Content/EngineMaterials/Substrate/Glints2/dict_0001_0035.uasset" 6727
"../../../Engine/Content/EngineMaterials/Substrate/Glints2/dict_0001_0036.uasset" 6728
"../../../Engine/Content/EngineMaterials/Substrate/Glints2/dict_0001_0037.uasset" 6729
"../../../Engine/Content/EngineMaterials/Substrate/Glints2/dict_0001_0038.uasset" 6730
"../../../Engine/Content/EngineMaterials/Substrate/Glints2/dict_0001_0039.uasset" 6731
"../../../Engine/Content/EngineMaterials/Substrate/Glints2/dict_0001_0040.uasset" 6732
"../../../Engine/Content/EngineMaterials/Substrate/Glints2/dict_0001_0041.uasset" 6733
"../../../Engine/Content/EngineMaterials/Substrate/Glints2/dict_0001_0042.uasset" 6734
"../../../Engine/Content/EngineMaterials/Substrate/Glints2/dict_0001_0043.uasset" 6735
"../../../Engine/Content/EngineMaterials/Substrate/Glints2/dict_0001_0044.uasset" 6736
"../../../Engine/Content/EngineMaterials/Substrate/Glints2/dict_0001_0045.uasset" 6737
"../../../Engine/Content/EngineMaterials/Substrate/Glints2/dict_0001_0046.uasset" 6738
"../../../Engine/Content/EngineMaterials/Substrate/Glints2/dict_0001_0047.uasset" 6739
"../../../Engine/Content/EngineMaterials/Substrate/Glints2/dict_0001_0048.uasset" 6740
"../../../Engine/Content/EngineMaterials/Substrate/Glints2/dict_0001_0049.uasset" 6741
"../../../Engine/Content/EngineMaterials/Substrate/Glints2/dict_0001_0050.uasset" 6742
"../../../Engine/Content/EngineMaterials/Substrate/Glints2/dict_0001_0051.uasset" 6743
"../../../Engine/Content/EngineMaterials/Substrate/Glints2/dict_0001_0052.uasset" 6744
"../../../Engine/Content/EngineMaterials/Substrate/Glints2/dict_0001_0053.uasset" 6745
"../../../Engine/Content/EngineMaterials/Substrate/Glints2/dict_0001_0054.uasset" 6746
"../../../Engine/Content/EngineMaterials/Substrate/Glints2/dict_0001_0055.uasset" 6747
"../../../Engine/Content/EngineMaterials/Substrate/Glints2/dict_0001_0056.uasset" 6748
"../../../Engine/Content/EngineMaterials/Substrate/Glints2/dict_0001_0057.uasset" 6749
"../../../Engine/Content/EngineMaterials/Substrate/Glints2/dict_0001_0058.uasset" 6750
"../../../Engine/Content/EngineMaterials/Substrate/Glints2/dict_0001_0059.uasset" 6751
"../../../Engine/Content/EngineMaterials/Substrate/Glints2/dict_0001_0060.uasset" 6752
"../../../Engine/Content/EngineMaterials/Substrate/Glints2/dict_0001_0061.uasset" 6753
"../../../Engine/Content/EngineMaterials/Substrate/Glints2/dict_0001_0062.uasset" 6754
"../../../Engine/Content/EngineMaterials/Substrate/Glints2/dict_0001_0063.uasset" 6755
"../../../Engine/Content/EngineMaterials/Substrate/Glints2/dict_0001_0064.uasset" 6756
"../../../Engine/Content/EngineMaterials/Substrate/Glints2/dict_0001_0065.uasset" 6757
"../../../Engine/Content/EngineMaterials/Substrate/Glints2/dict_0001_0066.uasset" 6758
"../../../Engine/Content/EngineMaterials/Substrate/Glints2/dict_0001_0067.uasset" 6759
"../../../Engine/Content/EngineMaterials/Substrate/Glints2/dict_0001_0068.uasset" 6760
"../../../Engine/Content/EngineMaterials/Substrate/Glints2/dict_0001_0069.uasset" 6761
"../../../Engine/Content/EngineMaterials/Substrate/Glints2/dict_0001_0070.uasset" 6762
"../../../Engine/Content/EngineMaterials/Substrate/Glints2/dict_0001_0071.uasset" 6763
"../../../Engine/Content/EngineMaterials/Substrate/Glints2/dict_0001_0072.uasset" 6764
"../../../Engine/Content/EngineMaterials/Substrate/Glints2/dict_0001_0073.uasset" 6765
"../../../Engine/Content/EngineMaterials/Substrate/Glints2/dict_0001_0074.uasset" 6766
"../../../Engine/Content/EngineMaterials/Substrate/Glints2/dict_0001_0075.uasset" 6767
"../../../Engine/Content/EngineMaterials/Substrate/Glints2/dict_0001_0076.uasset" 6768
"../../../Engine/Content/EngineMaterials/Substrate/Glints2/dict_0001_0077.uasset" 6769
"../../../Engine/Content/EngineMaterials/Substrate/Glints2/dict_0001_0078.uasset" 6770
"../../../Engine/Content/EngineMaterials/Substrate/Glints2/dict_0001_0079.uasset" 6771
"../../../Engine/Content/EngineMaterials/Substrate/Glints2/dict_0001_0080.uasset" 6772
"../../../Engine/Content/EngineMaterials/Substrate/Glints2/dict_0001_0081.uasset" 6773
"../../../Engine/Content/EngineMaterials/Substrate/Glints2/dict_0001_0082.uasset" 6774
"../../../Engine/Content/EngineMaterials/Substrate/Glints2/dict_0001_0083.uasset" 6775
"../../../Engine/Content/EngineMaterials/Substrate/Glints2/dict_0001_0084.uasset" 6776
"../../../Engine/Content/EngineMaterials/Substrate/Glints2/dict_0001_0085.uasset" 6777
"../../../Engine/Content/EngineMaterials/Substrate/Glints2/dict_0001_0086.uasset" 6778
"../../../Engine/Content/EngineMaterials/Substrate/Glints2/dict_0001_0087.uasset" 6779
"../../../Engine/Content/EngineMaterials/Substrate/Glints2/dict_0001_0088.uasset" 6780
"../../../Engine/Content/EngineMaterials/Substrate/Glints2/dict_0001_0089.uasset" 6781
"../../../Engine/Content/EngineMaterials/Substrate/Glints2/dict_0001_0090.uasset" 6782
"../../../Engine/Content/EngineMaterials/Substrate/Glints2/dict_0001_0091.uasset" 6783
"../../../Engine/Content/EngineMaterials/Substrate/Glints2/dict_0001_0092.uasset" 6784
"../../../Engine/Content/EngineMaterials/Substrate/Glints2/dict_0001_0093.uasset" 6785
"../../../Engine/Content/EngineMaterials/Substrate/Glints2/dict_0001_0094.uasset" 6786
"../../../Engine/Content/EngineMaterials/Substrate/Glints2/dict_0001_0095.uasset" 6787
"../../../Engine/Content/EngineMaterials/Substrate/Glints2/dict_0001_0096.uasset" 6788
"../../../Engine/Content/EngineMaterials/Substrate/Glints2/dict_0001_0097.uasset" 6789
"../../../Engine/Content/EngineMaterials/Substrate/Glints2/dict_0001_0098.uasset" 6790
"../../../Engine/Content/EngineMaterials/Substrate/Glints2/dict_0001_0099.uasset" 6791
"../../../Engine/Content/EngineMaterials/Substrate/Glints2/dict_0001_0100.uasset" 6792
"../../../Engine/Content/EngineMaterials/Substrate/Glints2/dict_0001_0101.uasset" 6793
"../../../Engine/Content/EngineMaterials/Substrate/Glints2/dict_0001_0102.uasset" 6794
"../../../Engine/Content/EngineMaterials/Substrate/Glints2/dict_0001_0103.uasset" 6795
"../../../Engine/Content/EngineMaterials/Substrate/Glints2/dict_0001_0104.uasset" 6796
"../../../Engine/Content/EngineMaterials/Substrate/Glints2/dict_0001_0105.uasset" 6797
"../../../Engine/Content/EngineMaterials/Substrate/Glints2/dict_0001_0106.uasset" 6798
"../../../Engine/Content/EngineMaterials/Substrate/Glints2/dict_0001_0107.uasset" 6799
"../../../Engine/Content/EngineMaterials/Substrate/Glints2/dict_0001_0108.uasset" 6800
"../../../Engine/Content/EngineMaterials/Substrate/Glints2/dict_0001_0109.uasset" 6801
"../../../Engine/Content/EngineMaterials/Substrate/Glints2/dict_0001_0110.uasset" 6802
"../../../Engine/Content/EngineMaterials/Substrate/Glints2/dict_0001_0111.uasset" 6803
"../../../Engine/Content/EngineMaterials/Substrate/Glints2/dict_0001_0112.uasset" 6804
"../../../Engine/Content/EngineMaterials/Substrate/Glints2/dict_0001_0113.uasset" 6805
"../../../Engine/Content/EngineMaterials/Substrate/Glints2/dict_0001_0114.uasset" 6806
"../../../Engine/Content/EngineMaterials/Substrate/Glints2/dict_0001_0115.uasset" 6807
"../../../Engine/Content/EngineMaterials/Substrate/Glints2/dict_0001_0116.uasset" 6808
"../../../Engine/Content/EngineMaterials/Substrate/Glints2/dict_0001_0117.uasset" 6809
"../../../Engine/Content/EngineMaterials/Substrate/Glints2/dict_0001_0118.uasset" 6810
"../../../Engine/Content/EngineMaterials/Substrate/Glints2/dict_0001_0119.uasset" 6811
"../../../Engine/Content/EngineMaterials/Substrate/Glints2/dict_0001_0120.uasset" 6812
"../../../Engine/Content/EngineMaterials/Substrate/Glints2/dict_0001_0121.uasset" 6813
"../../../Engine/Content/EngineMaterials/Substrate/Glints2/dict_0001_0122.uasset" 6814
"../../../Engine/Content/EngineMaterials/Substrate/Glints2/dict_0001_0123.uasset" 6815
"../../../Engine/Content/EngineMaterials/Substrate/Glints2/dict_0001_0124.uasset" 6816
"../../../Engine/Content/EngineMaterials/Substrate/Glints2/dict_0001_0125.uasset" 6817
"../../../Engine/Content/EngineMaterials/Substrate/Glints2/dict_0001_0126.uasset" 6818
"../../../Engine/Content/EngineMaterials/Substrate/Glints2/dict_0001_0127.uasset" 6819
"../../../Engine/Content/EngineMaterials/Substrate/Glints2/dict_0001_0128.uasset" 6820
"../../../Engine/Content/EngineMaterials/Substrate/Glints2/dict_0001_0129.uasset" 6821
"../../../Engine/Content/EngineMaterials/Substrate/Glints2/dict_0001_0130.uasset" 6822
"../../../Engine/Content/EngineMaterials/Substrate/Glints2/dict_0001_0131.uasset" 6823
"../../../Engine/Content/EngineMaterials/Substrate/Glints2/dict_0001_0132.uasset" 6824
"../../../Engine/Content/EngineMaterials/Substrate/Glints2/dict_0001_0133.uasset" 6825
"../../../Engine/Content/EngineMaterials/Substrate/Glints2/dict_0001_0134.uasset" 6826
"../../../Engine/Content/EngineMaterials/Substrate/Glints2/dict_0001_0135.uasset" 6827
"../../../Engine/Content/EngineMaterials/Substrate/Glints2/dict_0001_0136.uasset" 6828
"../../../Engine/Content/EngineMaterials/Substrate/Glints2/dict_0001_0137.uasset" 6829
"../../../Engine/Content/EngineMaterials/Substrate/Glints2/dict_0001_0138.uasset" 6830
"../../../Engine/Content/EngineMaterials/Substrate/Glints2/dict_0001_0139.uasset" 6831
"../../../Engine/Content/EngineMaterials/Substrate/Glints2/dict_0001_0140.uasset" 6832
"../../../Engine/Content/EngineMaterials/Substrate/Glints2/dict_0001_0141.uasset" 6833
"../../../Engine/Content/EngineMaterials/Substrate/Glints2/dict_0001_0142.uasset" 6834
"../../../Engine/Content/EngineMaterials/Substrate/Glints2/dict_0001_0143.uasset" 6835
"../../../Engine/Content/EngineMaterials/Substrate/Glints2/dict_0001_0144.uasset" 6836
"../../../Engine/Content/EngineMaterials/Substrate/Glints2/dict_0001_0145.uasset" 6837
"../../../Engine/Content/EngineMaterials/Substrate/Glints2/dict_0001_0146.uasset" 6838
"../../../Engine/Content/EngineMaterials/Substrate/Glints2/dict_0001_0147.uasset" 6839
"../../../Engine/Content/EngineMaterials/Substrate/Glints2/dict_0001_0148.uasset" 6840
"../../../Engine/Content/EngineMaterials/Substrate/Glints2/dict_0001_0149.uasset" 6841
"../../../Engine/Content/EngineMaterials/Substrate/Glints2/dict_0001_0150.uasset" 6842
"../../../Engine/Content/EngineMaterials/Substrate/Glints2/dict_0001_0151.uasset" 6843
"../../../Engine/Content/EngineMaterials/Substrate/Glints2/dict_0001_0152.uasset" 6844
"../../../Engine/Content/EngineMaterials/Substrate/Glints2/dict_0001_0153.uasset" 6845
"../../../Engine/Content/EngineMaterials/Substrate/Glints2/dict_0001_0154.uasset" 6846
"../../../Engine/Content/EngineMaterials/Substrate/Glints2/dict_0001_0155.uasset" 6847
"../../../Engine/Content/EngineMaterials/Substrate/Glints2/dict_0001_0156.uasset" 6848
"../../../Engine/Content/EngineMaterials/Substrate/Glints2/dict_0001_0157.uasset" 6849
"../../../Engine/Content/EngineMaterials/Substrate/Glints2/dict_0001_0158.uasset" 6850
"../../../Engine/Content/EngineMaterials/Substrate/Glints2/dict_0001_0159.uasset" 6851
"../../../Engine/Content/EngineMaterials/Substrate/Glints2/dict_0001_0160.uasset" 6852
"../../../Engine/Content/EngineMaterials/Substrate/Glints2/dict_0001_0161.uasset" 6853
"../../../Engine/Content/EngineMaterials/Substrate/Glints2/dict_0001_0162.uasset" 6854
"../../../Engine/Content/EngineMaterials/Substrate/Glints2/dict_0001_0163.uasset" 6855
"../../../Engine/Content/EngineMaterials/Substrate/Glints2/dict_0001_0164.uasset" 6856
"../../../Engine/Content/EngineMaterials/Substrate/Glints2/dict_0001_0165.uasset" 6857
"../../../Engine/Content/EngineMaterials/Substrate/Glints2/dict_0001_0166.uasset" 6858
"../../../Engine/Content/EngineMaterials/Substrate/Glints2/dict_0001_0167.uasset" 6859
"../../../Engine/Content/EngineMaterials/Substrate/Glints2/dict_0001_0168.uasset" 6860
"../../../Engine/Content/EngineMaterials/Substrate/Glints2/dict_0001_0169.uasset" 6861
"../../../Engine/Content/EngineMaterials/Substrate/Glints2/dict_0001_0170.uasset" 6862
"../../../Engine/Content/EngineMaterials/Substrate/Glints2/dict_0001_0171.uasset" 6863
"../../../Engine/Content/EngineMaterials/Substrate/Glints2/dict_0001_0172.uasset" 6864
"../../../Engine/Content/EngineMaterials/Substrate/Glints2/dict_0001_0173.uasset" 6865
"../../../Engine/Content/EngineMaterials/Substrate/Glints2/dict_0001_0174.uasset" 6866
"../../../Engine/Content/EngineMaterials/Substrate/Glints2/dict_0001_0175.uasset" 6867
"../../../Engine/Content/EngineMaterials/Substrate/Glints2/dict_0001_0176.uasset" 6868
"../../../Engine/Content/EngineMaterials/Substrate/Glints2/dict_0001_0177.uasset" 6869
"../../../Engine/Content/EngineMaterials/Substrate/Glints2/dict_0001_0178.uasset" 6870
"../../../Engine/Content/EngineMaterials/Substrate/Glints2/dict_0001_0179.uasset" 6871
"../../../Engine/Content/EngineMaterials/Substrate/Glints2/dict_0001_0180.uasset" 6872
"../../../Engine/Content/EngineMaterials/Substrate/Glints2/dict_0001_0181.uasset" 6873
"../../../Engine/Content/EngineMaterials/Substrate/Glints2/dict_0001_0182.uasset" 6874
"../../../Engine/Content/EngineMaterials/Substrate/Glints2/dict_0001_0183.uasset" 6875
"../../../Engine/Content/EngineMaterials/Substrate/Glints2/dict_0001_0184.uasset" 6876
"../../../Engine/Content/EngineMaterials/Substrate/Glints2/dict_0001_0185.uasset" 6877
"../../../Engine/Content/EngineMaterials/Substrate/Glints2/dict_0001_0186.uasset" 6878
"../../../Engine/Content/EngineMaterials/Substrate/Glints2/dict_0001_0187.uasset" 6879
"../../../Engine/Content/EngineMaterials/Substrate/Glints2/dict_0001_0188.uasset" 6880
"../../../Engine/Content/EngineMaterials/Substrate/Glints2/dict_0001_0189.uasset" 6881
"../../../Engine/Content/EngineMaterials/Substrate/Glints2/dict_0001_0190.uasset" 6882
"../../../Engine/Content/EngineMaterials/Substrate/Glints2/dict_0001_0191.uasset" 6883
"../../../Engine/Content/EngineMaterials/Substrate/Glints2/dict_0001_0192.uasset" 6884
"../../../Engine/Content/EngineMaterials/Substrate/Glints2/dict_0001_0193.uasset" 6885
"../../../Engine/Content/EngineMaterials/Substrate/Glints2/dict_0001_0194.uasset" 6886
"../../../Engine/Content/EngineMaterials/Substrate/Glints2/dict_0001_0195.uasset" 6887
"../../../Engine/Content/EngineMaterials/Substrate/Glints2/dict_0001_0196.uasset" 6888
"../../../Engine/Content/EngineMaterials/Substrate/Glints2/dict_0001_0197.uasset" 6889
"../../../Engine/Content/EngineMaterials/Substrate/Glints2/dict_0001_0198.uasset" 6890
"../../../Engine/Content/EngineMaterials/Substrate/Glints2/dict_0001_0199.uasset" 6891
"../../../Engine/Content/EngineMaterials/Substrate/Glints2/dict_0001_0200.uasset" 6892
"../../../Engine/Content/EngineMaterials/Substrate/Glints2/dict_0001_0201.uasset" 6893
"../../../Engine/Content/EngineMaterials/Substrate/Glints2/dict_0001_0202.uasset" 6894
"../../../Engine/Content/EngineMaterials/Substrate/Glints2/dict_0001_0203.uasset" 6895
"../../../Engine/Content/EngineMaterials/Substrate/Glints2/dict_0001_0204.uasset" 6896
"../../../Engine/Content/EngineMaterials/Substrate/Glints2/dict_0001_0205.uasset" 6897
"../../../Engine/Content/EngineMaterials/Substrate/Glints2/dict_0001_0206.uasset" 6898
"../../../Engine/Content/EngineMaterials/Substrate/Glints2/dict_0001_0207.uasset" 6899
"../../../Engine/Content/EngineMaterials/Substrate/Glints2/dict_0001_0208.uasset" 6900
"../../../Engine/Content/EngineMaterials/Substrate/Glints2/dict_0001_0209.uasset" 6901
"../../../Engine/Content/EngineMaterials/Substrate/Glints2/dict_0001_0210.uasset" 6902
"../../../Engine/Content/EngineMaterials/Substrate/Glints2/dict_0001_0211.uasset" 6903
"../../../Engine/Content/EngineMaterials/Substrate/Glints2/dict_0001_0212.uasset" 6904
"../../../Engine/Content/EngineMaterials/Substrate/Glints2/dict_0001_0213.uasset" 6905
"../../../Engine/Content/EngineMaterials/Substrate/Glints2/dict_0001_0214.uasset" 6906
"../../../Engine/Content/EngineMaterials/Substrate/Glints2/dict_0001_0215.uasset" 6907
"../../../Engine/Content/EngineMaterials/Substrate/Glints2/dict_0001_0216.uasset" 6908
"../../../Engine/Content/EngineMaterials/Substrate/Glints2/dict_0001_0217.uasset" 6909
"../../../Engine/Content/EngineMaterials/Substrate/Glints2/dict_0001_0218.uasset" 6910
"../../../Engine/Content/EngineMaterials/Substrate/Glints2/dict_0001_0219.uasset" 6911
"../../../Engine/Content/EngineMaterials/Substrate/Glints2/dict_0001_0220.uasset" 6912
"../../../Engine/Content/EngineMaterials/Substrate/Glints2/dict_0001_0221.uasset" 6913
"../../../Engine/Content/EngineMaterials/Substrate/Glints2/dict_0001_0222.uasset" 6914
"../../../Engine/Content/EngineMaterials/Substrate/Glints2/dict_0001_0223.uasset" 6915
"../../../Engine/Content/EngineMaterials/Substrate/Glints2/dict_0001_0224.uasset" 6916
"../../../Engine/Content/EngineMaterials/Substrate/Glints2/dict_0001_0225.uasset" 6917
"../../../Engine/Content/EngineMaterials/Substrate/Glints2/dict_0001_0226.uasset" 6918
"../../../Engine/Content/EngineMaterials/Substrate/Glints2/dict_0001_0227.uasset" 6919
"../../../Engine/Content/EngineMaterials/Substrate/Glints2/dict_0001_0228.uasset" 6920
"../../../Engine/Content/EngineMaterials/Substrate/Glints2/dict_0001_0229.uasset" 6921
"../../../Engine/Content/EngineMaterials/Substrate/Glints2/dict_0001_0230.uasset" 6922
"../../../Engine/Content/EngineMaterials/Substrate/Glints2/dict_0001_0231.uasset" 6923
"../../../Engine/Content/EngineMaterials/Substrate/Glints2/dict_0001_0232.uasset" 6924
"../../../Engine/Content/EngineMaterials/Substrate/Glints2/dict_0001_0233.uasset" 6925
"../../../Engine/Content/EngineMaterials/Substrate/Glints2/dict_0001_0234.uasset" 6926
"../../../Engine/Content/EngineMaterials/Substrate/Glints2/dict_0001_0235.uasset" 6927
"../../../Engine/Content/EngineMaterials/Substrate/Glints2/dict_0001_0236.uasset" 6928
"../../../Engine/Content/EngineMaterials/Substrate/Glints2/dict_0001_0237.uasset" 6929
"../../../Engine/Content/EngineMaterials/Substrate/Glints2/dict_0001_0238.uasset" 6930
"../../../Engine/Content/EngineMaterials/Substrate/Glints2/dict_0001_0239.uasset" 6931
"../../../Engine/Content/EngineMaterials/Substrate/Glints2/dict_0001_0240.uasset" 6932
"../../../Engine/Content/EngineMaterials/Substrate/Glints2/dict_0001_0241.uasset" 6933
"../../../Engine/Content/EngineMaterials/Substrate/Glints2/dict_0001_0242.uasset" 6934
"../../../Engine/Content/EngineMaterials/Substrate/Glints2/dict_0001_0243.uasset" 6935
"../../../Engine/Content/EngineMaterials/Substrate/Glints2/dict_0001_0244.uasset" 6936
"../../../Engine/Content/EngineMaterials/Substrate/Glints2/dict_0001_0245.uasset" 6937
"../../../Engine/Content/EngineMaterials/Substrate/Glints2/dict_0001_0246.uasset" 6938
"../../../Engine/Content/EngineMaterials/Substrate/Glints2/dict_0001_0247.uasset" 6939
"../../../Engine/Content/EngineMaterials/Substrate/Glints2/dict_0001_0248.uasset" 6940
"../../../Engine/Content/EngineMaterials/Substrate/Glints2/dict_0001_0249.uasset" 6941
"../../../Engine/Content/EngineMaterials/Substrate/Glints2/dict_0001_0250.uasset" 6942
"../../../Engine/Content/EngineMaterials/Substrate/Glints2/dict_0001_0251.uasset" 6943
"../../../Engine/Content/EngineMaterials/Substrate/Glints2/dict_0001_0252.uasset" 6944
"../../../Engine/Content/EngineMaterials/Substrate/Glints2/dict_0001_0253.uasset" 6945
"../../../Engine/Content/EngineMaterials/Substrate/Glints2/dict_0001_0254.uasset" 6946
"../../../Engine/Content/EngineMaterials/Substrate/Glints2/dict_0001_0255.uasset" 6947
"../../../Engine/Content/EngineMaterials/Substrate/Glints2/dict_0002_0000.uasset" 6948
"../../../Engine/Content/EngineMaterials/Substrate/Glints2/dict_0002_0001.uasset" 6949
"../../../Engine/Content/EngineMaterials/Substrate/Glints2/dict_0002_0002.uasset" 6950
"../../../Engine/Content/EngineMaterials/Substrate/Glints2/dict_0002_0003.uasset" 6951
"../../../Engine/Content/EngineMaterials/Substrate/Glints2/dict_0002_0004.uasset" 6952
"../../../Engine/Content/EngineMaterials/Substrate/Glints2/dict_0002_0005.uasset" 6953
"../../../Engine/Content/EngineMaterials/Substrate/Glints2/dict_0002_0006.uasset" 6954
"../../../Engine/Content/EngineMaterials/Substrate/Glints2/dict_0002_0007.uasset" 6955
"../../../Engine/Content/EngineMaterials/Substrate/Glints2/dict_0002_0008.uasset" 6956
"../../../Engine/Content/EngineMaterials/Substrate/Glints2/dict_0002_0009.uasset" 6957
"../../../Engine/Content/EngineMaterials/Substrate/Glints2/dict_0002_0010.uasset" 6958
"../../../Engine/Content/EngineMaterials/Substrate/Glints2/dict_0002_0011.uasset" 6959
"../../../Engine/Content/EngineMaterials/Substrate/Glints2/dict_0002_0012.uasset" 6960
"../../../Engine/Content/EngineMaterials/Substrate/Glints2/dict_0002_0013.uasset" 6961
"../../../Engine/Content/EngineMaterials/Substrate/Glints2/dict_0002_0014.uasset" 6962
"../../../Engine/Content/EngineMaterials/Substrate/Glints2/dict_0002_0015.uasset" 6963
"../../../Engine/Content/EngineMaterials/Substrate/Glints2/dict_0002_0016.uasset" 6964
"../../../Engine/Content/EngineMaterials/Substrate/Glints2/dict_0002_0017.uasset" 6965
"../../../Engine/Content/EngineMaterials/Substrate/Glints2/dict_0002_0018.uasset" 6966
"../../../Engine/Content/EngineMaterials/Substrate/Glints2/dict_0002_0019.uasset" 6967
"../../../Engine/Content/EngineMaterials/Substrate/Glints2/dict_0002_0020.uasset" 6968
"../../../Engine/Content/EngineMaterials/Substrate/Glints2/dict_0002_0021.uasset" 6969
"../../../Engine/Content/EngineMaterials/Substrate/Glints2/dict_0002_0022.uasset" 6970
"../../../Engine/Content/EngineMaterials/Substrate/Glints2/dict_0002_0023.uasset" 6971
"../../../Engine/Content/EngineMaterials/Substrate/Glints2/dict_0002_0024.uasset" 6972
"../../../Engine/Content/EngineMaterials/Substrate/Glints2/dict_0002_0025.uasset" 6973
"../../../Engine/Content/EngineMaterials/Substrate/Glints2/dict_0002_0026.uasset" 6974
"../../../Engine/Content/EngineMaterials/Substrate/Glints2/dict_0002_0027.uasset" 6975
"../../../Engine/Content/EngineMaterials/Substrate/Glints2/dict_0002_0028.uasset" 6976
"../../../Engine/Content/EngineMaterials/Substrate/Glints2/dict_0002_0029.uasset" 6977
"../../../Engine/Content/EngineMaterials/Substrate/Glints2/dict_0002_0030.uasset" 6978
"../../../Engine/Content/EngineMaterials/Substrate/Glints2/dict_0002_0031.uasset" 6979
"../../../Engine/Content/EngineMaterials/Substrate/Glints2/dict_0002_0032.uasset" 6980
"../../../Engine/Content/EngineMaterials/Substrate/Glints2/dict_0002_0033.uasset" 6981
"../../../Engine/Content/EngineMaterials/Substrate/Glints2/dict_0002_0034.uasset" 6982
"../../../Engine/Content/EngineMaterials/Substrate/Glints2/dict_0002_0035.uasset" 6983
"../../../Engine/Content/EngineMaterials/Substrate/Glints2/dict_0002_0036.uasset" 6984
"../../../Engine/Content/EngineMaterials/Substrate/Glints2/dict_0002_0037.uasset" 6985
"../../../Engine/Content/EngineMaterials/Substrate/Glints2/dict_0002_0038.uasset" 6986
"../../../Engine/Content/EngineMaterials/Substrate/Glints2/dict_0002_0039.uasset" 6987
"../../../Engine/Content/EngineMaterials/Substrate/Glints2/dict_0002_0040.uasset" 6988
"../../../Engine/Content/EngineMaterials/Substrate/Glints2/dict_0002_0041.uasset" 6989
"../../../Engine/Content/EngineMaterials/Substrate/Glints2/dict_0002_0042.uasset" 6990
"../../../Engine/Content/EngineMaterials/Substrate/Glints2/dict_0002_0043.uasset" 6991
"../../../Engine/Content/EngineMaterials/Substrate/Glints2/dict_0002_0044.uasset" 6992
"../../../Engine/Content/EngineMaterials/Substrate/Glints2/dict_0002_0045.uasset" 6993
"../../../Engine/Content/EngineMaterials/Substrate/Glints2/dict_0002_0046.uasset" 6994
"../../../Engine/Content/EngineMaterials/Substrate/Glints2/dict_0002_0047.uasset" 6995
"../../../Engine/Content/EngineMaterials/Substrate/Glints2/dict_0002_0048.uasset" 6996
"../../../Engine/Content/EngineMaterials/Substrate/Glints2/dict_0002_0049.uasset" 6997
"../../../Engine/Content/EngineMaterials/Substrate/Glints2/dict_0002_0050.uasset" 6998
"../../../Engine/Content/EngineMaterials/Substrate/Glints2/dict_0002_0051.uasset" 6999
"../../../Engine/Content/EngineMaterials/Substrate/Glints2/dict_0002_0052.uasset" 7000
"../../../Engine/Content/EngineMaterials/Substrate/Glints2/dict_0002_0053.uasset" 7001
"../../../Engine/Content/EngineMaterials/Substrate/Glints2/dict_0002_0054.uasset" 7002
"../../../Engine/Content/EngineMaterials/Substrate/Glints2/dict_0002_0055.uasset" 7003
"../../../Engine/Content/EngineMaterials/Substrate/Glints2/dict_0002_0056.uasset" 7004
"../../../Engine/Content/EngineMaterials/Substrate/Glints2/dict_0002_0057.uasset" 7005
"../../../Engine/Content/EngineMaterials/Substrate/Glints2/dict_0002_0058.uasset" 7006
"../../../Engine/Content/EngineMaterials/Substrate/Glints2/dict_0002_0059.uasset" 7007
"../../../Engine/Content/EngineMaterials/Substrate/Glints2/dict_0002_0060.uasset" 7008
"../../../Engine/Content/EngineMaterials/Substrate/Glints2/dict_0002_0061.uasset" 7009
"../../../Engine/Content/EngineMaterials/Substrate/Glints2/dict_0002_0062.uasset" 7010
"../../../Engine/Content/EngineMaterials/Substrate/Glints2/dict_0002_0063.uasset" 7011
"../../../Engine/Content/EngineMaterials/Substrate/Glints2/dict_0002_0064.uasset" 7012
"../../../Engine/Content/EngineMaterials/Substrate/Glints2/dict_0002_0065.uasset" 7013
"../../../Engine/Content/EngineMaterials/Substrate/Glints2/dict_0002_0066.uasset" 7014
"../../../Engine/Content/EngineMaterials/Substrate/Glints2/dict_0002_0067.uasset" 7015
"../../../Engine/Content/EngineMaterials/Substrate/Glints2/dict_0002_0068.uasset" 7016
"../../../Engine/Content/EngineMaterials/Substrate/Glints2/dict_0002_0069.uasset" 7017
"../../../Engine/Content/EngineMaterials/Substrate/Glints2/dict_0002_0070.uasset" 7018
"../../../Engine/Content/EngineMaterials/Substrate/Glints2/dict_0002_0071.uasset" 7019
"../../../Engine/Content/EngineMaterials/Substrate/Glints2/dict_0002_0072.uasset" 7020
"../../../Engine/Content/EngineMaterials/Substrate/Glints2/dict_0002_0073.uasset" 7021
"../../../Engine/Content/EngineMaterials/Substrate/Glints2/dict_0002_0074.uasset" 7022
"../../../Engine/Content/EngineMaterials/Substrate/Glints2/dict_0002_0075.uasset" 7023
"../../../Engine/Content/EngineMaterials/Substrate/Glints2/dict_0002_0076.uasset" 7024
"../../../Engine/Content/EngineMaterials/Substrate/Glints2/dict_0002_0077.uasset" 7025
"../../../Engine/Content/EngineMaterials/Substrate/Glints2/dict_0002_0078.uasset" 7026
"../../../Engine/Content/EngineMaterials/Substrate/Glints2/dict_0002_0079.uasset" 7027
"../../../Engine/Content/EngineMaterials/Substrate/Glints2/dict_0002_0080.uasset" 7028
"../../../Engine/Content/EngineMaterials/Substrate/Glints2/dict_0002_0081.uasset" 7029
"../../../Engine/Content/EngineMaterials/Substrate/Glints2/dict_0002_0082.uasset" 7030
"../../../Engine/Content/EngineMaterials/Substrate/Glints2/dict_0002_0083.uasset" 7031
"../../../Engine/Content/EngineMaterials/Substrate/Glints2/dict_0002_0084.uasset" 7032
"../../../Engine/Content/EngineMaterials/Substrate/Glints2/dict_0002_0085.uasset" 7033
"../../../Engine/Content/EngineMaterials/Substrate/Glints2/dict_0002_0086.uasset" 7034
"../../../Engine/Content/EngineMaterials/Substrate/Glints2/dict_0002_0087.uasset" 7035
"../../../Engine/Content/EngineMaterials/Substrate/Glints2/dict_0002_0088.uasset" 7036
"../../../Engine/Content/EngineMaterials/Substrate/Glints2/dict_0002_0089.uasset" 7037
"../../../Engine/Content/EngineMaterials/Substrate/Glints2/dict_0002_0090.uasset" 7038
"../../../Engine/Content/EngineMaterials/Substrate/Glints2/dict_0002_0091.uasset" 7039
"../../../Engine/Content/EngineMaterials/Substrate/Glints2/dict_0002_0092.uasset" 7040
"../../../Engine/Content/EngineMaterials/Substrate/Glints2/dict_0002_0093.uasset" 7041
"../../../Engine/Content/EngineMaterials/Substrate/Glints2/dict_0002_0094.uasset" 7042
"../../../Engine/Content/EngineMaterials/Substrate/Glints2/dict_0002_0095.uasset" 7043
"../../../Engine/Content/EngineMaterials/Substrate/Glints2/dict_0002_0096.uasset" 7044
"../../../Engine/Content/EngineMaterials/Substrate/Glints2/dict_0002_0097.uasset" 7045
"../../../Engine/Content/EngineMaterials/Substrate/Glints2/dict_0002_0098.uasset" 7046
"../../../Engine/Content/EngineMaterials/Substrate/Glints2/dict_0002_0099.uasset" 7047
"../../../Engine/Content/EngineMaterials/Substrate/Glints2/dict_0002_0100.uasset" 7048
"../../../Engine/Content/EngineMaterials/Substrate/Glints2/dict_0002_0101.uasset" 7049
"../../../Engine/Content/EngineMaterials/Substrate/Glints2/dict_0002_0102.uasset" 7050
"../../../Engine/Content/EngineMaterials/Substrate/Glints2/dict_0002_0103.uasset" 7051
"../../../Engine/Content/EngineMaterials/Substrate/Glints2/dict_0002_0104.uasset" 7052
"../../../Engine/Content/EngineMaterials/Substrate/Glints2/dict_0002_0105.uasset" 7053
"../../../Engine/Content/EngineMaterials/Substrate/Glints2/dict_0002_0106.uasset" 7054
"../../../Engine/Content/EngineMaterials/Substrate/Glints2/dict_0002_0107.uasset" 7055
"../../../Engine/Content/EngineMaterials/Substrate/Glints2/dict_0002_0108.uasset" 7056
"../../../Engine/Content/EngineMaterials/Substrate/Glints2/dict_0002_0109.uasset" 7057
"../../../Engine/Content/EngineMaterials/Substrate/Glints2/dict_0002_0110.uasset" 7058
"../../../Engine/Content/EngineMaterials/Substrate/Glints2/dict_0002_0111.uasset" 7059
"../../../Engine/Content/EngineMaterials/Substrate/Glints2/dict_0002_0112.uasset" 7060
"../../../Engine/Content/EngineMaterials/Substrate/Glints2/dict_0002_0113.uasset" 7061
"../../../Engine/Content/EngineMaterials/Substrate/Glints2/dict_0002_0114.uasset" 7062
"../../../Engine/Content/EngineMaterials/Substrate/Glints2/dict_0002_0115.uasset" 7063
"../../../Engine/Content/EngineMaterials/Substrate/Glints2/dict_0002_0116.uasset" 7064
"../../../Engine/Content/EngineMaterials/Substrate/Glints2/dict_0002_0117.uasset" 7065
"../../../Engine/Content/EngineMaterials/Substrate/Glints2/dict_0002_0118.uasset" 7066
"../../../Engine/Content/EngineMaterials/Substrate/Glints2/dict_0002_0119.uasset" 7067
"../../../Engine/Content/EngineMaterials/Substrate/Glints2/dict_0002_0120.uasset" 7068
"../../../Engine/Content/EngineMaterials/Substrate/Glints2/dict_0002_0121.uasset" 7069
"../../../Engine/Content/EngineMaterials/Substrate/Glints2/dict_0002_0122.uasset" 7070
"../../../Engine/Content/EngineMaterials/Substrate/Glints2/dict_0002_0123.uasset" 7071
"../../../Engine/Content/EngineMaterials/Substrate/Glints2/dict_0002_0124.uasset" 7072
"../../../Engine/Content/EngineMaterials/Substrate/Glints2/dict_0002_0125.uasset" 7073
"../../../Engine/Content/EngineMaterials/Substrate/Glints2/dict_0002_0126.uasset" 7074
"../../../Engine/Content/EngineMaterials/Substrate/Glints2/dict_0002_0127.uasset" 7075
"../../../Engine/Content/EngineMaterials/Substrate/Glints2/dict_0002_0128.uasset" 7076
"../../../Engine/Content/EngineMaterials/Substrate/Glints2/dict_0002_0129.uasset" 7077
"../../../Engine/Content/EngineMaterials/Substrate/Glints2/dict_0002_0130.uasset" 7078
"../../../Engine/Content/EngineMaterials/Substrate/Glints2/dict_0002_0131.uasset" 7079
"../../../Engine/Content/EngineMaterials/Substrate/Glints2/dict_0002_0132.uasset" 7080
"../../../Engine/Content/EngineMaterials/Substrate/Glints2/dict_0002_0133.uasset" 7081
"../../../Engine/Content/EngineMaterials/Substrate/Glints2/dict_0002_0134.uasset" 7082
"../../../Engine/Content/EngineMaterials/Substrate/Glints2/dict_0002_0135.uasset" 7083
"../../../Engine/Content/EngineMaterials/Substrate/Glints2/dict_0002_0136.uasset" 7084
"../../../Engine/Content/EngineMaterials/Substrate/Glints2/dict_0002_0137.uasset" 7085
"../../../Engine/Content/EngineMaterials/Substrate/Glints2/dict_0002_0138.uasset" 7086
"../../../Engine/Content/EngineMaterials/Substrate/Glints2/dict_0002_0139.uasset" 7087
"../../../Engine/Content/EngineMaterials/Substrate/Glints2/dict_0002_0140.uasset" 7088
"../../../Engine/Content/EngineMaterials/Substrate/Glints2/dict_0002_0141.uasset" 7089
"../../../Engine/Content/EngineMaterials/Substrate/Glints2/dict_0002_0142.uasset" 7090
"../../../Engine/Content/EngineMaterials/Substrate/Glints2/dict_0002_0143.uasset" 7091
"../../../Engine/Content/EngineMaterials/Substrate/Glints2/dict_0002_0144.uasset" 7092
"../../../Engine/Content/EngineMaterials/Substrate/Glints2/dict_0002_0145.uasset" 7093
"../../../Engine/Content/EngineMaterials/Substrate/Glints2/dict_0002_0146.uasset" 7094
"../../../Engine/Content/EngineMaterials/Substrate/Glints2/dict_0002_0147.uasset" 7095
"../../../Engine/Content/EngineMaterials/Substrate/Glints2/dict_0002_0148.uasset" 7096
"../../../Engine/Content/EngineMaterials/Substrate/Glints2/dict_0002_0149.uasset" 7097
"../../../Engine/Content/EngineMaterials/Substrate/Glints2/dict_0002_0150.uasset" 7098
"../../../Engine/Content/EngineMaterials/Substrate/Glints2/dict_0002_0151.uasset" 7099
"../../../Engine/Content/EngineMaterials/Substrate/Glints2/dict_0002_0152.uasset" 7100
"../../../Engine/Content/EngineMaterials/Substrate/Glints2/dict_0002_0153.uasset" 7101
"../../../Engine/Content/EngineMaterials/Substrate/Glints2/dict_0002_0154.uasset" 7102
"../../../Engine/Content/EngineMaterials/Substrate/Glints2/dict_0002_0155.uasset" 7103
"../../../Engine/Content/EngineMaterials/Substrate/Glints2/dict_0002_0156.uasset" 7104
"../../../Engine/Content/EngineMaterials/Substrate/Glints2/dict_0002_0157.uasset" 7105
"../../../Engine/Content/EngineMaterials/Substrate/Glints2/dict_0002_0158.uasset" 7106
"../../../Engine/Content/EngineMaterials/Substrate/Glints2/dict_0002_0159.uasset" 7107
"../../../Engine/Content/EngineMaterials/Substrate/Glints2/dict_0002_0160.uasset" 7108
"../../../Engine/Content/EngineMaterials/Substrate/Glints2/dict_0002_0161.uasset" 7109
"../../../Engine/Content/EngineMaterials/Substrate/Glints2/dict_0002_0162.uasset" 7110
"../../../Engine/Content/EngineMaterials/Substrate/Glints2/dict_0002_0163.uasset" 7111
"../../../Engine/Content/EngineMaterials/Substrate/Glints2/dict_0002_0164.uasset" 7112
"../../../Engine/Content/EngineMaterials/Substrate/Glints2/dict_0002_0165.uasset" 7113
"../../../Engine/Content/EngineMaterials/Substrate/Glints2/dict_0002_0166.uasset" 7114
"../../../Engine/Content/EngineMaterials/Substrate/Glints2/dict_0002_0167.uasset" 7115
"../../../Engine/Content/EngineMaterials/Substrate/Glints2/dict_0002_0168.uasset" 7116
"../../../Engine/Content/EngineMaterials/Substrate/Glints2/dict_0002_0169.uasset" 7117
"../../../Engine/Content/EngineMaterials/Substrate/Glints2/dict_0002_0170.uasset" 7118
"../../../Engine/Content/EngineMaterials/Substrate/Glints2/dict_0002_0171.uasset" 7119
"../../../Engine/Content/EngineMaterials/Substrate/Glints2/dict_0002_0172.uasset" 7120
"../../../Engine/Content/EngineMaterials/Substrate/Glints2/dict_0002_0173.uasset" 7121
"../../../Engine/Content/EngineMaterials/Substrate/Glints2/dict_0002_0174.uasset" 7122
"../../../Engine/Content/EngineMaterials/Substrate/Glints2/dict_0002_0175.uasset" 7123
"../../../Engine/Content/EngineMaterials/Substrate/Glints2/dict_0002_0176.uasset" 7124
"../../../Engine/Content/EngineMaterials/Substrate/Glints2/dict_0002_0177.uasset" 7125
"../../../Engine/Content/EngineMaterials/Substrate/Glints2/dict_0002_0178.uasset" 7126
"../../../Engine/Content/EngineMaterials/Substrate/Glints2/dict_0002_0179.uasset" 7127
"../../../Engine/Content/EngineMaterials/Substrate/Glints2/dict_0002_0180.uasset" 7128
"../../../Engine/Content/EngineMaterials/Substrate/Glints2/dict_0002_0181.uasset" 7129
"../../../Engine/Content/EngineMaterials/Substrate/Glints2/dict_0002_0182.uasset" 7130
"../../../Engine/Content/EngineMaterials/Substrate/Glints2/dict_0002_0183.uasset" 7131
"../../../Engine/Content/EngineMaterials/Substrate/Glints2/dict_0002_0184.uasset" 7132
"../../../Engine/Content/EngineMaterials/Substrate/Glints2/dict_0002_0185.uasset" 7133
"../../../Engine/Content/EngineMaterials/Substrate/Glints2/dict_0002_0186.uasset" 7134
"../../../Engine/Content/EngineMaterials/Substrate/Glints2/dict_0002_0187.uasset" 7135
"../../../Engine/Content/EngineMaterials/Substrate/Glints2/dict_0002_0188.uasset" 7136
"../../../Engine/Content/EngineMaterials/Substrate/Glints2/dict_0002_0189.uasset" 7137
"../../../Engine/Content/EngineMaterials/Substrate/Glints2/dict_0002_0190.uasset" 7138
"../../../Engine/Content/EngineMaterials/Substrate/Glints2/dict_0002_0191.uasset" 7139
"../../../Engine/Content/EngineMaterials/Substrate/Glints2/dict_0002_0192.uasset" 7140
"../../../Engine/Content/EngineMaterials/Substrate/Glints2/dict_0002_0193.uasset" 7141
"../../../Engine/Content/EngineMaterials/Substrate/Glints2/dict_0002_0194.uasset" 7142
"../../../Engine/Content/EngineMaterials/Substrate/Glints2/dict_0002_0195.uasset" 7143
"../../../Engine/Content/EngineMaterials/Substrate/Glints2/dict_0002_0196.uasset" 7144
"../../../Engine/Content/EngineMaterials/Substrate/Glints2/dict_0002_0197.uasset" 7145
"../../../Engine/Content/EngineMaterials/Substrate/Glints2/dict_0002_0198.uasset" 7146
"../../../Engine/Content/EngineMaterials/Substrate/Glints2/dict_0002_0199.uasset" 7147
"../../../Engine/Content/EngineMaterials/Substrate/Glints2/dict_0002_0200.uasset" 7148
"../../../Engine/Content/EngineMaterials/Substrate/Glints2/dict_0002_0201.uasset" 7149
"../../../Engine/Content/EngineMaterials/Substrate/Glints2/dict_0002_0202.uasset" 7150
"../../../Engine/Content/EngineMaterials/Substrate/Glints2/dict_0002_0203.uasset" 7151
"../../../Engine/Content/EngineMaterials/Substrate/Glints2/dict_0002_0204.uasset" 7152
"../../../Engine/Content/EngineMaterials/Substrate/Glints2/dict_0002_0205.uasset" 7153
"../../../Engine/Content/EngineMaterials/Substrate/Glints2/dict_0002_0206.uasset" 7154
"../../../Engine/Content/EngineMaterials/Substrate/Glints2/dict_0002_0207.uasset" 7155
"../../../Engine/Content/EngineMaterials/Substrate/Glints2/dict_0002_0208.uasset" 7156
"../../../Engine/Content/EngineMaterials/Substrate/Glints2/dict_0002_0209.uasset" 7157
"../../../Engine/Content/EngineMaterials/Substrate/Glints2/dict_0002_0210.uasset" 7158
"../../../Engine/Content/EngineMaterials/Substrate/Glints2/dict_0002_0211.uasset" 7159
"../../../Engine/Content/EngineMaterials/Substrate/Glints2/dict_0002_0212.uasset" 7160
"../../../Engine/Content/EngineMaterials/Substrate/Glints2/dict_0002_0213.uasset" 7161
"../../../Engine/Content/EngineMaterials/Substrate/Glints2/dict_0002_0214.uasset" 7162
"../../../Engine/Content/EngineMaterials/Substrate/Glints2/dict_0002_0215.uasset" 7163
"../../../Engine/Content/EngineMaterials/Substrate/Glints2/dict_0002_0216.uasset" 7164
"../../../Engine/Content/EngineMaterials/Substrate/Glints2/dict_0002_0217.uasset" 7165
"../../../Engine/Content/EngineMaterials/Substrate/Glints2/dict_0002_0218.uasset" 7166
"../../../Engine/Content/EngineMaterials/Substrate/Glints2/dict_0002_0219.uasset" 7167
"../../../Engine/Content/EngineMaterials/Substrate/Glints2/dict_0002_0220.uasset" 7168
"../../../Engine/Content/EngineMaterials/Substrate/Glints2/dict_0002_0221.uasset" 7169
"../../../Engine/Content/EngineMaterials/Substrate/Glints2/dict_0002_0222.uasset" 7170
"../../../Engine/Content/EngineMaterials/Substrate/Glints2/dict_0002_0223.uasset" 7171
"../../../Engine/Content/EngineMaterials/Substrate/Glints2/dict_0002_0224.uasset" 7172
"../../../Engine/Content/EngineMaterials/Substrate/Glints2/dict_0002_0225.uasset" 7173
"../../../Engine/Content/EngineMaterials/Substrate/Glints2/dict_0002_0226.uasset" 7174
"../../../Engine/Content/EngineMaterials/Substrate/Glints2/dict_0002_0227.uasset" 7175
"../../../Engine/Content/EngineMaterials/Substrate/Glints2/dict_0002_0228.uasset" 7176
"../../../Engine/Content/EngineMaterials/Substrate/Glints2/dict_0002_0229.uasset" 7177
"../../../Engine/Content/EngineMaterials/Substrate/Glints2/dict_0002_0230.uasset" 7178
"../../../Engine/Content/EngineMaterials/Substrate/Glints2/dict_0002_0231.uasset" 7179
"../../../Engine/Content/EngineMaterials/Substrate/Glints2/dict_0002_0232.uasset" 7180
"../../../Engine/Content/EngineMaterials/Substrate/Glints2/dict_0002_0233.uasset" 7181
"../../../Engine/Content/EngineMaterials/Substrate/Glints2/dict_0002_0234.uasset" 7182
"../../../Engine/Content/EngineMaterials/Substrate/Glints2/dict_0002_0235.uasset" 7183
"../../../Engine/Content/EngineMaterials/Substrate/Glints2/dict_0002_0236.uasset" 7184
"../../../Engine/Content/EngineMaterials/Substrate/Glints2/dict_0002_0237.uasset" 7185
"../../../Engine/Content/EngineMaterials/Substrate/Glints2/dict_0002_0238.uasset" 7186
"../../../Engine/Content/EngineMaterials/Substrate/Glints2/dict_0002_0239.uasset" 7187
"../../../Engine/Content/EngineMaterials/Substrate/Glints2/dict_0002_0240.uasset" 7188
"../../../Engine/Content/EngineMaterials/Substrate/Glints2/dict_0002_0241.uasset" 7189
"../../../Engine/Content/EngineMaterials/Substrate/Glints2/dict_0002_0242.uasset" 7190
"../../../Engine/Content/EngineMaterials/Substrate/Glints2/dict_0002_0243.uasset" 7191
"../../../Engine/Content/EngineMaterials/Substrate/Glints2/dict_0002_0244.uasset" 7192
"../../../Engine/Content/EngineMaterials/Substrate/Glints2/dict_0002_0245.uasset" 7193
"../../../Engine/Content/EngineMaterials/Substrate/Glints2/dict_0002_0246.uasset" 7194
"../../../Engine/Content/EngineMaterials/Substrate/Glints2/dict_0002_0247.uasset" 7195
"../../../Engine/Content/EngineMaterials/Substrate/Glints2/dict_0002_0248.uasset" 7196
"../../../Engine/Content/EngineMaterials/Substrate/Glints2/dict_0002_0249.uasset" 7197
"../../../Engine/Content/EngineMaterials/Substrate/Glints2/dict_0002_0250.uasset" 7198
"../../../Engine/Content/EngineMaterials/Substrate/Glints2/dict_0002_0251.uasset" 7199
"../../../Engine/Content/EngineMaterials/Substrate/Glints2/dict_0002_0252.uasset" 7200
"../../../Engine/Content/EngineMaterials/Substrate/Glints2/dict_0002_0253.uasset" 7201
"../../../Engine/Content/EngineMaterials/Substrate/Glints2/dict_0002_0254.uasset" 7202
"../../../Engine/Content/EngineMaterials/Substrate/Glints2/dict_0002_0255.uasset" 7203
"../../../Engine/Content/EngineMaterials/Substrate/Glints2/dict_0003_0000.uasset" 7204
"../../../Engine/Content/EngineMaterials/Substrate/Glints2/dict_0003_0001.uasset" 7205
"../../../Engine/Content/EngineMaterials/Substrate/Glints2/dict_0003_0002.uasset" 7206
"../../../Engine/Content/EngineMaterials/Substrate/Glints2/dict_0003_0003.uasset" 7207
"../../../Engine/Content/EngineMaterials/Substrate/Glints2/dict_0003_0004.uasset" 7208
"../../../Engine/Content/EngineMaterials/Substrate/Glints2/dict_0003_0005.uasset" 7209
"../../../Engine/Content/EngineMaterials/Substrate/Glints2/dict_0003_0006.uasset" 7210
"../../../Engine/Content/EngineMaterials/Substrate/Glints2/dict_0003_0007.uasset" 7211
"../../../Engine/Content/EngineMaterials/Substrate/Glints2/dict_0003_0008.uasset" 7212
"../../../Engine/Content/EngineMaterials/Substrate/Glints2/dict_0003_0009.uasset" 7213
"../../../Engine/Content/EngineMaterials/Substrate/Glints2/dict_0003_0010.uasset" 7214
"../../../Engine/Content/EngineMaterials/Substrate/Glints2/dict_0003_0011.uasset" 7215
"../../../Engine/Content/EngineMaterials/Substrate/Glints2/dict_0003_0012.uasset" 7216
"../../../Engine/Content/EngineMaterials/Substrate/Glints2/dict_0003_0013.uasset" 7217
"../../../Engine/Content/EngineMaterials/Substrate/Glints2/dict_0003_0014.uasset" 7218
"../../../Engine/Content/EngineMaterials/Substrate/Glints2/dict_0003_0015.uasset" 7219
"../../../Engine/Content/EngineMaterials/Substrate/Glints2/dict_0003_0016.uasset" 7220
"../../../Engine/Content/EngineMaterials/Substrate/Glints2/dict_0003_0017.uasset" 7221
"../../../Engine/Content/EngineMaterials/Substrate/Glints2/dict_0003_0018.uasset" 7222
"../../../Engine/Content/EngineMaterials/Substrate/Glints2/dict_0003_0019.uasset" 7223
"../../../Engine/Content/EngineMaterials/Substrate/Glints2/dict_0003_0020.uasset" 7224
"../../../Engine/Content/EngineMaterials/Substrate/Glints2/dict_0003_0021.uasset" 7225
"../../../Engine/Content/EngineMaterials/Substrate/Glints2/dict_0003_0022.uasset" 7226
"../../../Engine/Content/EngineMaterials/Substrate/Glints2/dict_0003_0023.uasset" 7227
"../../../Engine/Content/EngineMaterials/Substrate/Glints2/dict_0003_0024.uasset" 7228
"../../../Engine/Content/EngineMaterials/Substrate/Glints2/dict_0003_0025.uasset" 7229
"../../../Engine/Content/EngineMaterials/Substrate/Glints2/dict_0003_0026.uasset" 7230
"../../../Engine/Content/EngineMaterials/Substrate/Glints2/dict_0003_0027.uasset" 7231
"../../../Engine/Content/EngineMaterials/Substrate/Glints2/dict_0003_0028.uasset" 7232
"../../../Engine/Content/EngineMaterials/Substrate/Glints2/dict_0003_0029.uasset" 7233
"../../../Engine/Content/EngineMaterials/Substrate/Glints2/dict_0003_0030.uasset" 7234
"../../../Engine/Content/EngineMaterials/Substrate/Glints2/dict_0003_0031.uasset" 7235
"../../../Engine/Content/EngineMaterials/Substrate/Glints2/dict_0003_0032.uasset" 7236
"../../../Engine/Content/EngineMaterials/Substrate/Glints2/dict_0003_0033.uasset" 7237
"../../../Engine/Content/EngineMaterials/Substrate/Glints2/dict_0003_0034.uasset" 7238
"../../../Engine/Content/EngineMaterials/Substrate/Glints2/dict_0003_0035.uasset" 7239
"../../../Engine/Content/EngineMaterials/Substrate/Glints2/dict_0003_0036.uasset" 7240
"../../../Engine/Content/EngineMaterials/Substrate/Glints2/dict_0003_0037.uasset" 7241
"../../../Engine/Content/EngineMaterials/Substrate/Glints2/dict_0003_0038.uasset" 7242
"../../../Engine/Content/EngineMaterials/Substrate/Glints2/dict_0003_0039.uasset" 7243
"../../../Engine/Content/EngineMaterials/Substrate/Glints2/dict_0003_0040.uasset" 7244
"../../../Engine/Content/EngineMaterials/Substrate/Glints2/dict_0003_0041.uasset" 7245
"../../../Engine/Content/EngineMaterials/Substrate/Glints2/dict_0003_0042.uasset" 7246
"../../../Engine/Content/EngineMaterials/Substrate/Glints2/dict_0003_0043.uasset" 7247
"../../../Engine/Content/EngineMaterials/Substrate/Glints2/dict_0003_0044.uasset" 7248
"../../../Engine/Content/EngineMaterials/Substrate/Glints2/dict_0003_0045.uasset" 7249
"../../../Engine/Content/EngineMaterials/Substrate/Glints2/dict_0003_0046.uasset" 7250
"../../../Engine/Content/EngineMaterials/Substrate/Glints2/dict_0003_0047.uasset" 7251
"../../../Engine/Content/EngineMaterials/Substrate/Glints2/dict_0003_0048.uasset" 7252
"../../../Engine/Content/EngineMaterials/Substrate/Glints2/dict_0003_0049.uasset" 7253
"../../../Engine/Content/EngineMaterials/Substrate/Glints2/dict_0003_0050.uasset" 7254
"../../../Engine/Content/EngineMaterials/Substrate/Glints2/dict_0003_0051.uasset" 7255
"../../../Engine/Content/EngineMaterials/Substrate/Glints2/dict_0003_0052.uasset" 7256
"../../../Engine/Content/EngineMaterials/Substrate/Glints2/dict_0003_0053.uasset" 7257
"../../../Engine/Content/EngineMaterials/Substrate/Glints2/dict_0003_0054.uasset" 7258
"../../../Engine/Content/EngineMaterials/Substrate/Glints2/dict_0003_0055.uasset" 7259
"../../../Engine/Content/EngineMaterials/Substrate/Glints2/dict_0003_0056.uasset" 7260
"../../../Engine/Content/EngineMaterials/Substrate/Glints2/dict_0003_0057.uasset" 7261
"../../../Engine/Content/EngineMaterials/Substrate/Glints2/dict_0003_0058.uasset" 7262
"../../../Engine/Content/EngineMaterials/Substrate/Glints2/dict_0003_0059.uasset" 7263
"../../../Engine/Content/EngineMaterials/Substrate/Glints2/dict_0003_0060.uasset" 7264
"../../../Engine/Content/EngineMaterials/Substrate/Glints2/dict_0003_0061.uasset" 7265
"../../../Engine/Content/EngineMaterials/Substrate/Glints2/dict_0003_0062.uasset" 7266
"../../../Engine/Content/EngineMaterials/Substrate/Glints2/dict_0003_0063.uasset" 7267
"../../../Engine/Content/EngineMaterials/Substrate/Glints2/dict_0003_0064.uasset" 7268
"../../../Engine/Content/EngineMaterials/Substrate/Glints2/dict_0003_0065.uasset" 7269
"../../../Engine/Content/EngineMaterials/Substrate/Glints2/dict_0003_0066.uasset" 7270
"../../../Engine/Content/EngineMaterials/Substrate/Glints2/dict_0003_0067.uasset" 7271
"../../../Engine/Content/EngineMaterials/Substrate/Glints2/dict_0003_0068.uasset" 7272
"../../../Engine/Content/EngineMaterials/Substrate/Glints2/dict_0003_0069.uasset" 7273
"../../../Engine/Content/EngineMaterials/Substrate/Glints2/dict_0003_0070.uasset" 7274
"../../../Engine/Content/EngineMaterials/Substrate/Glints2/dict_0003_0071.uasset" 7275
"../../../Engine/Content/EngineMaterials/Substrate/Glints2/dict_0003_0072.uasset" 7276
"../../../Engine/Content/EngineMaterials/Substrate/Glints2/dict_0003_0073.uasset" 7277
"../../../Engine/Content/EngineMaterials/Substrate/Glints2/dict_0003_0074.uasset" 7278
"../../../Engine/Content/EngineMaterials/Substrate/Glints2/dict_0003_0075.uasset" 7279
"../../../Engine/Content/EngineMaterials/Substrate/Glints2/dict_0003_0076.uasset" 7280
"../../../Engine/Content/EngineMaterials/Substrate/Glints2/dict_0003_0077.uasset" 7281
"../../../Engine/Content/EngineMaterials/Substrate/Glints2/dict_0003_0078.uasset" 7282
"../../../Engine/Content/EngineMaterials/Substrate/Glints2/dict_0003_0079.uasset" 7283
"../../../Engine/Content/EngineMaterials/Substrate/Glints2/dict_0003_0080.uasset" 7284
"../../../Engine/Content/EngineMaterials/Substrate/Glints2/dict_0003_0081.uasset" 7285
"../../../Engine/Content/EngineMaterials/Substrate/Glints2/dict_0003_0082.uasset" 7286
"../../../Engine/Content/EngineMaterials/Substrate/Glints2/dict_0003_0083.uasset" 7287
"../../../Engine/Content/EngineMaterials/Substrate/Glints2/dict_0003_0084.uasset" 7288
"../../../Engine/Content/EngineMaterials/Substrate/Glints2/dict_0003_0085.uasset" 7289
"../../../Engine/Content/EngineMaterials/Substrate/Glints2/dict_0003_0086.uasset" 7290
"../../../Engine/Content/EngineMaterials/Substrate/Glints2/dict_0003_0087.uasset" 7291
"../../../Engine/Content/EngineMaterials/Substrate/Glints2/dict_0003_0088.uasset" 7292
"../../../Engine/Content/EngineMaterials/Substrate/Glints2/dict_0003_0089.uasset" 7293
"../../../Engine/Content/EngineMaterials/Substrate/Glints2/dict_0003_0090.uasset" 7294
"../../../Engine/Content/EngineMaterials/Substrate/Glints2/dict_0003_0091.uasset" 7295
"../../../Engine/Content/EngineMaterials/Substrate/Glints2/dict_0003_0092.uasset" 7296
"../../../Engine/Content/EngineMaterials/Substrate/Glints2/dict_0003_0093.uasset" 7297
"../../../Engine/Content/EngineMaterials/Substrate/Glints2/dict_0003_0094.uasset" 7298
"../../../Engine/Content/EngineMaterials/Substrate/Glints2/dict_0003_0095.uasset" 7299
"../../../Engine/Content/EngineMaterials/Substrate/Glints2/dict_0003_0096.uasset" 7300
"../../../Engine/Content/EngineMaterials/Substrate/Glints2/dict_0003_0097.uasset" 7301
"../../../Engine/Content/EngineMaterials/Substrate/Glints2/dict_0003_0098.uasset" 7302
"../../../Engine/Content/EngineMaterials/Substrate/Glints2/dict_0003_0099.uasset" 7303
"../../../Engine/Content/EngineMaterials/Substrate/Glints2/dict_0003_0100.uasset" 7304
"../../../Engine/Content/EngineMaterials/Substrate/Glints2/dict_0003_0101.uasset" 7305
"../../../Engine/Content/EngineMaterials/Substrate/Glints2/dict_0003_0102.uasset" 7306
"../../../Engine/Content/EngineMaterials/Substrate/Glints2/dict_0003_0103.uasset" 7307
"../../../Engine/Content/EngineMaterials/Substrate/Glints2/dict_0003_0104.uasset" 7308
"../../../Engine/Content/EngineMaterials/Substrate/Glints2/dict_0003_0105.uasset" 7309
"../../../Engine/Content/EngineMaterials/Substrate/Glints2/dict_0003_0106.uasset" 7310
"../../../Engine/Content/EngineMaterials/Substrate/Glints2/dict_0003_0107.uasset" 7311
"../../../Engine/Content/EngineMaterials/Substrate/Glints2/dict_0003_0108.uasset" 7312
"../../../Engine/Content/EngineMaterials/Substrate/Glints2/dict_0003_0109.uasset" 7313
"../../../Engine/Content/EngineMaterials/Substrate/Glints2/dict_0003_0110.uasset" 7314
"../../../Engine/Content/EngineMaterials/Substrate/Glints2/dict_0003_0111.uasset" 7315
"../../../Engine/Content/EngineMaterials/Substrate/Glints2/dict_0003_0112.uasset" 7316
"../../../Engine/Content/EngineMaterials/Substrate/Glints2/dict_0003_0113.uasset" 7317
"../../../Engine/Content/EngineMaterials/Substrate/Glints2/dict_0003_0114.uasset" 7318
"../../../Engine/Content/EngineMaterials/Substrate/Glints2/dict_0003_0115.uasset" 7319
"../../../Engine/Content/EngineMaterials/Substrate/Glints2/dict_0003_0116.uasset" 7320
"../../../Engine/Content/EngineMaterials/Substrate/Glints2/dict_0003_0117.uasset" 7321
"../../../Engine/Content/EngineMaterials/Substrate/Glints2/dict_0003_0118.uasset" 7322
"../../../Engine/Content/EngineMaterials/Substrate/Glints2/dict_0003_0119.uasset" 7323
"../../../Engine/Content/EngineMaterials/Substrate/Glints2/dict_0003_0120.uasset" 7324
"../../../Engine/Content/EngineMaterials/Substrate/Glints2/dict_0003_0121.uasset" 7325
"../../../Engine/Content/EngineMaterials/Substrate/Glints2/dict_0003_0122.uasset" 7326
"../../../Engine/Content/EngineMaterials/Substrate/Glints2/dict_0003_0123.uasset" 7327
"../../../Engine/Content/EngineMaterials/Substrate/Glints2/dict_0003_0124.uasset" 7328
"../../../Engine/Content/EngineMaterials/Substrate/Glints2/dict_0003_0125.uasset" 7329
"../../../Engine/Content/EngineMaterials/Substrate/Glints2/dict_0003_0126.uasset" 7330
"../../../Engine/Content/EngineMaterials/Substrate/Glints2/dict_0003_0127.uasset" 7331
"../../../Engine/Content/EngineMaterials/Substrate/Glints2/dict_0003_0128.uasset" 7332
"../../../Engine/Content/EngineMaterials/Substrate/Glints2/dict_0003_0129.uasset" 7333
"../../../Engine/Content/EngineMaterials/Substrate/Glints2/dict_0003_0130.uasset" 7334
"../../../Engine/Content/EngineMaterials/Substrate/Glints2/dict_0003_0131.uasset" 7335
"../../../Engine/Content/EngineMaterials/Substrate/Glints2/dict_0003_0132.uasset" 7336
"../../../Engine/Content/EngineMaterials/Substrate/Glints2/dict_0003_0133.uasset" 7337
"../../../Engine/Content/EngineMaterials/Substrate/Glints2/dict_0003_0134.uasset" 7338
"../../../Engine/Content/EngineMaterials/Substrate/Glints2/dict_0003_0135.uasset" 7339
"../../../Engine/Content/EngineMaterials/Substrate/Glints2/dict_0003_0136.uasset" 7340
"../../../Engine/Content/EngineMaterials/Substrate/Glints2/dict_0003_0137.uasset" 7341
"../../../Engine/Content/EngineMaterials/Substrate/Glints2/dict_0003_0138.uasset" 7342
"../../../Engine/Content/EngineMaterials/Substrate/Glints2/dict_0003_0139.uasset" 7343
"../../../Engine/Content/EngineMaterials/Substrate/Glints2/dict_0003_0140.uasset" 7344
"../../../Engine/Content/EngineMaterials/Substrate/Glints2/dict_0003_0141.uasset" 7345
"../../../Engine/Content/EngineMaterials/Substrate/Glints2/dict_0003_0142.uasset" 7346
"../../../Engine/Content/EngineMaterials/Substrate/Glints2/dict_0003_0143.uasset" 7347
"../../../Engine/Content/EngineMaterials/Substrate/Glints2/dict_0003_0144.uasset" 7348
"../../../Engine/Content/EngineMaterials/Substrate/Glints2/dict_0003_0145.uasset" 7349
"../../../Engine/Content/EngineMaterials/Substrate/Glints2/dict_0003_0146.uasset" 7350
"../../../Engine/Content/EngineMaterials/Substrate/Glints2/dict_0003_0147.uasset" 7351
"../../../Engine/Content/EngineMaterials/Substrate/Glints2/dict_0003_0148.uasset" 7352
"../../../Engine/Content/EngineMaterials/Substrate/Glints2/dict_0003_0149.uasset" 7353
"../../../Engine/Content/EngineMaterials/Substrate/Glints2/dict_0003_0150.uasset" 7354
"../../../Engine/Content/EngineMaterials/Substrate/Glints2/dict_0003_0151.uasset" 7355
"../../../Engine/Content/EngineMaterials/Substrate/Glints2/dict_0003_0152.uasset" 7356
"../../../Engine/Content/EngineMaterials/Substrate/Glints2/dict_0003_0153.uasset" 7357
"../../../Engine/Content/EngineMaterials/Substrate/Glints2/dict_0003_0154.uasset" 7358
"../../../Engine/Content/EngineMaterials/Substrate/Glints2/dict_0003_0155.uasset" 7359
"../../../Engine/Content/EngineMaterials/Substrate/Glints2/dict_0003_0156.uasset" 7360
"../../../Engine/Content/EngineMaterials/Substrate/Glints2/dict_0003_0157.uasset" 7361
"../../../Engine/Content/EngineMaterials/Substrate/Glints2/dict_0003_0158.uasset" 7362
"../../../Engine/Content/EngineMaterials/Substrate/Glints2/dict_0003_0159.uasset" 7363
"../../../Engine/Content/EngineMaterials/Substrate/Glints2/dict_0003_0160.uasset" 7364
"../../../Engine/Content/EngineMaterials/Substrate/Glints2/dict_0003_0161.uasset" 7365
"../../../Engine/Content/EngineMaterials/Substrate/Glints2/dict_0003_0162.uasset" 7366
"../../../Engine/Content/EngineMaterials/Substrate/Glints2/dict_0003_0163.uasset" 7367
"../../../Engine/Content/EngineMaterials/Substrate/Glints2/dict_0003_0164.uasset" 7368
"../../../Engine/Content/EngineMaterials/Substrate/Glints2/dict_0003_0165.uasset" 7369
"../../../Engine/Content/EngineMaterials/Substrate/Glints2/dict_0003_0166.uasset" 7370
"../../../Engine/Content/EngineMaterials/Substrate/Glints2/dict_0003_0167.uasset" 7371
"../../../Engine/Content/EngineMaterials/Substrate/Glints2/dict_0003_0168.uasset" 7372
"../../../Engine/Content/EngineMaterials/Substrate/Glints2/dict_0003_0169.uasset" 7373
"../../../Engine/Content/EngineMaterials/Substrate/Glints2/dict_0003_0170.uasset" 7374
"../../../Engine/Content/EngineMaterials/Substrate/Glints2/dict_0003_0171.uasset" 7375
"../../../Engine/Content/EngineMaterials/Substrate/Glints2/dict_0003_0172.uasset" 7376
"../../../Engine/Content/EngineMaterials/Substrate/Glints2/dict_0003_0173.uasset" 7377
"../../../Engine/Content/EngineMaterials/Substrate/Glints2/dict_0003_0174.uasset" 7378
"../../../Engine/Content/EngineMaterials/Substrate/Glints2/dict_0003_0175.uasset" 7379
"../../../Engine/Content/EngineMaterials/Substrate/Glints2/dict_0003_0176.uasset" 7380
"../../../Engine/Content/EngineMaterials/Substrate/Glints2/dict_0003_0177.uasset" 7381
"../../../Engine/Content/EngineMaterials/Substrate/Glints2/dict_0003_0178.uasset" 7382
"../../../Engine/Content/EngineMaterials/Substrate/Glints2/dict_0003_0179.uasset" 7383
"../../../Engine/Content/EngineMaterials/Substrate/Glints2/dict_0003_0180.uasset" 7384
"../../../Engine/Content/EngineMaterials/Substrate/Glints2/dict_0003_0181.uasset" 7385
"../../../Engine/Content/EngineMaterials/Substrate/Glints2/dict_0003_0182.uasset" 7386
"../../../Engine/Content/EngineMaterials/Substrate/Glints2/dict_0003_0183.uasset" 7387
"../../../Engine/Content/EngineMaterials/Substrate/Glints2/dict_0003_0184.uasset" 7388
"../../../Engine/Content/EngineMaterials/Substrate/Glints2/dict_0003_0185.uasset" 7389
"../../../Engine/Content/EngineMaterials/Substrate/Glints2/dict_0003_0186.uasset" 7390
"../../../Engine/Content/EngineMaterials/Substrate/Glints2/dict_0003_0187.uasset" 7391
"../../../Engine/Content/EngineMaterials/Substrate/Glints2/dict_0003_0188.uasset" 7392
"../../../Engine/Content/EngineMaterials/Substrate/Glints2/dict_0003_0189.uasset" 7393
"../../../Engine/Content/EngineMaterials/Substrate/Glints2/dict_0003_0190.uasset" 7394
"../../../Engine/Content/EngineMaterials/Substrate/Glints2/dict_0003_0191.uasset" 7395
"../../../Engine/Content/EngineMaterials/Substrate/Glints2/dict_0003_0192.uasset" 7396
"../../../Engine/Content/EngineMaterials/Substrate/Glints2/dict_0003_0193.uasset" 7397
"../../../Engine/Content/EngineMaterials/Substrate/Glints2/dict_0003_0194.uasset" 7398
"../../../Engine/Content/EngineMaterials/Substrate/Glints2/dict_0003_0195.uasset" 7399
"../../../Engine/Content/EngineMaterials/Substrate/Glints2/dict_0003_0196.uasset" 7400
"../../../Engine/Content/EngineMaterials/Substrate/Glints2/dict_0003_0197.uasset" 7401
"../../../Engine/Content/EngineMaterials/Substrate/Glints2/dict_0003_0198.uasset" 7402
"../../../Engine/Content/EngineMaterials/Substrate/Glints2/dict_0003_0199.uasset" 7403
"../../../Engine/Content/EngineMaterials/Substrate/Glints2/dict_0003_0200.uasset" 7404
"../../../Engine/Content/EngineMaterials/Substrate/Glints2/dict_0003_0201.uasset" 7405
"../../../Engine/Content/EngineMaterials/Substrate/Glints2/dict_0003_0202.uasset" 7406
"../../../Engine/Content/EngineMaterials/Substrate/Glints2/dict_0003_0203.uasset" 7407
"../../../Engine/Content/EngineMaterials/Substrate/Glints2/dict_0003_0204.uasset" 7408
"../../../Engine/Content/EngineMaterials/Substrate/Glints2/dict_0003_0205.uasset" 7409
"../../../Engine/Content/EngineMaterials/Substrate/Glints2/dict_0003_0206.uasset" 7410
"../../../Engine/Content/EngineMaterials/Substrate/Glints2/dict_0003_0207.uasset" 7411
"../../../Engine/Content/EngineMaterials/Substrate/Glints2/dict_0003_0208.uasset" 7412
"../../../Engine/Content/EngineMaterials/Substrate/Glints2/dict_0003_0209.uasset" 7413
"../../../Engine/Content/EngineMaterials/Substrate/Glints2/dict_0003_0210.uasset" 7414
"../../../Engine/Content/EngineMaterials/Substrate/Glints2/dict_0003_0211.uasset" 7415
"../../../Engine/Content/EngineMaterials/Substrate/Glints2/dict_0003_0212.uasset" 7416
"../../../Engine/Content/EngineMaterials/Substrate/Glints2/dict_0003_0213.uasset" 7417
"../../../Engine/Content/EngineMaterials/Substrate/Glints2/dict_0003_0214.uasset" 7418
"../../../Engine/Content/EngineMaterials/Substrate/Glints2/dict_0003_0215.uasset" 7419
"../../../Engine/Content/EngineMaterials/Substrate/Glints2/dict_0003_0216.uasset" 7420
"../../../Engine/Content/EngineMaterials/Substrate/Glints2/dict_0003_0217.uasset" 7421
"../../../Engine/Content/EngineMaterials/Substrate/Glints2/dict_0003_0218.uasset" 7422
"../../../Engine/Content/EngineMaterials/Substrate/Glints2/dict_0003_0219.uasset" 7423
"../../../Engine/Content/EngineMaterials/Substrate/Glints2/dict_0003_0220.uasset" 7424
"../../../Engine/Content/EngineMaterials/Substrate/Glints2/dict_0003_0221.uasset" 7425
"../../../Engine/Content/EngineMaterials/Substrate/Glints2/dict_0003_0222.uasset" 7426
"../../../Engine/Content/EngineMaterials/Substrate/Glints2/dict_0003_0223.uasset" 7427
"../../../Engine/Content/EngineMaterials/Substrate/Glints2/dict_0003_0224.uasset" 7428
"../../../Engine/Content/EngineMaterials/Substrate/Glints2/dict_0003_0225.uasset" 7429
"../../../Engine/Content/EngineMaterials/Substrate/Glints2/dict_0003_0226.uasset" 7430
"../../../Engine/Content/EngineMaterials/Substrate/Glints2/dict_0003_0227.uasset" 7431
"../../../Engine/Content/EngineMaterials/Substrate/Glints2/dict_0003_0228.uasset" 7432
"../../../Engine/Content/EngineMaterials/Substrate/Glints2/dict_0003_0229.uasset" 7433
"../../../Engine/Content/EngineMaterials/Substrate/Glints2/dict_0003_0230.uasset" 7434
"../../../Engine/Content/EngineMaterials/Substrate/Glints2/dict_0003_0231.uasset" 7435
"../../../Engine/Content/EngineMaterials/Substrate/Glints2/dict_0003_0232.uasset" 7436
"../../../Engine/Content/EngineMaterials/Substrate/Glints2/dict_0003_0233.uasset" 7437
"../../../Engine/Content/EngineMaterials/Substrate/Glints2/dict_0003_0234.uasset" 7438
"../../../Engine/Content/EngineMaterials/Substrate/Glints2/dict_0003_0235.uasset" 7439
"../../../Engine/Content/EngineMaterials/Substrate/Glints2/dict_0003_0236.uasset" 7440
"../../../Engine/Content/EngineMaterials/Substrate/Glints2/dict_0003_0237.uasset" 7441
"../../../Engine/Content/EngineMaterials/Substrate/Glints2/dict_0003_0238.uasset" 7442
"../../../Engine/Content/EngineMaterials/Substrate/Glints2/dict_0003_0239.uasset" 7443
"../../../Engine/Content/EngineMaterials/Substrate/Glints2/dict_0003_0240.uasset" 7444
"../../../Engine/Content/EngineMaterials/Substrate/Glints2/dict_0003_0241.uasset" 7445
"../../../Engine/Content/EngineMaterials/Substrate/Glints2/dict_0003_0242.uasset" 7446
"../../../Engine/Content/EngineMaterials/Substrate/Glints2/dict_0003_0243.uasset" 7447
"../../../Engine/Content/EngineMaterials/Substrate/Glints2/dict_0003_0244.uasset" 7448
"../../../Engine/Content/EngineMaterials/Substrate/Glints2/dict_0003_0245.uasset" 7449
"../../../Engine/Content/EngineMaterials/Substrate/Glints2/dict_0003_0246.uasset" 7450
"../../../Engine/Content/EngineMaterials/Substrate/Glints2/dict_0003_0247.uasset" 7451
"../../../Engine/Content/EngineMaterials/Substrate/Glints2/dict_0003_0248.uasset" 7452
"../../../Engine/Content/EngineMaterials/Substrate/Glints2/dict_0003_0249.uasset" 7453
"../../../Engine/Content/EngineMaterials/Substrate/Glints2/dict_0003_0250.uasset" 7454
"../../../Engine/Content/EngineMaterials/Substrate/Glints2/dict_0003_0251.uasset" 7455
"../../../Engine/Content/EngineMaterials/Substrate/Glints2/dict_0003_0252.uasset" 7456
"../../../Engine/Content/EngineMaterials/Substrate/Glints2/dict_0003_0253.uasset" 7457
"../../../Engine/Content/EngineMaterials/Substrate/Glints2/dict_0003_0254.uasset" 7458
"../../../Engine/Content/EngineMaterials/Substrate/Glints2/dict_0003_0255.uasset" 7459
"../../../Engine/Content/EngineMaterials/Substrate/Glints2/dict_0004_0000.uasset" 7460
"../../../Engine/Content/EngineMaterials/Substrate/Glints2/dict_0004_0001.uasset" 7461
"../../../Engine/Content/EngineMaterials/Substrate/Glints2/dict_0004_0002.uasset" 7462
"../../../Engine/Content/EngineMaterials/Substrate/Glints2/dict_0004_0003.uasset" 7463
"../../../Engine/Content/EngineMaterials/Substrate/Glints2/dict_0004_0004.uasset" 7464
"../../../Engine/Content/EngineMaterials/Substrate/Glints2/dict_0004_0005.uasset" 7465
"../../../Engine/Content/EngineMaterials/Substrate/Glints2/dict_0004_0006.uasset" 7466
"../../../Engine/Content/EngineMaterials/Substrate/Glints2/dict_0004_0007.uasset" 7467
"../../../Engine/Content/EngineMaterials/Substrate/Glints2/dict_0004_0008.uasset" 7468
"../../../Engine/Content/EngineMaterials/Substrate/Glints2/dict_0004_0009.uasset" 7469
"../../../Engine/Content/EngineMaterials/Substrate/Glints2/dict_0004_0010.uasset" 7470
"../../../Engine/Content/EngineMaterials/Substrate/Glints2/dict_0004_0011.uasset" 7471
"../../../Engine/Content/EngineMaterials/Substrate/Glints2/dict_0004_0012.uasset" 7472
"../../../Engine/Content/EngineMaterials/Substrate/Glints2/dict_0004_0013.uasset" 7473
"../../../Engine/Content/EngineMaterials/Substrate/Glints2/dict_0004_0014.uasset" 7474
"../../../Engine/Content/EngineMaterials/Substrate/Glints2/dict_0004_0015.uasset" 7475
"../../../Engine/Content/EngineMaterials/Substrate/Glints2/dict_0004_0016.uasset" 7476
"../../../Engine/Content/EngineMaterials/Substrate/Glints2/dict_0004_0017.uasset" 7477
"../../../Engine/Content/EngineMaterials/Substrate/Glints2/dict_0004_0018.uasset" 7478
"../../../Engine/Content/EngineMaterials/Substrate/Glints2/dict_0004_0019.uasset" 7479
"../../../Engine/Content/EngineMaterials/Substrate/Glints2/dict_0004_0020.uasset" 7480
"../../../Engine/Content/EngineMaterials/Substrate/Glints2/dict_0004_0021.uasset" 7481
"../../../Engine/Content/EngineMaterials/Substrate/Glints2/dict_0004_0022.uasset" 7482
"../../../Engine/Content/EngineMaterials/Substrate/Glints2/dict_0004_0023.uasset" 7483
"../../../Engine/Content/EngineMaterials/Substrate/Glints2/dict_0004_0024.uasset" 7484
"../../../Engine/Content/EngineMaterials/Substrate/Glints2/dict_0004_0025.uasset" 7485
"../../../Engine/Content/EngineMaterials/Substrate/Glints2/dict_0004_0026.uasset" 7486
"../../../Engine/Content/EngineMaterials/Substrate/Glints2/dict_0004_0027.uasset" 7487
"../../../Engine/Content/EngineMaterials/Substrate/Glints2/dict_0004_0028.uasset" 7488
"../../../Engine/Content/EngineMaterials/Substrate/Glints2/dict_0004_0029.uasset" 7489
"../../../Engine/Content/EngineMaterials/Substrate/Glints2/dict_0004_0030.uasset" 7490
"../../../Engine/Content/EngineMaterials/Substrate/Glints2/dict_0004_0031.uasset" 7491
"../../../Engine/Content/EngineMaterials/Substrate/Glints2/dict_0004_0032.uasset" 7492
"../../../Engine/Content/EngineMaterials/Substrate/Glints2/dict_0004_0033.uasset" 7493
"../../../Engine/Content/EngineMaterials/Substrate/Glints2/dict_0004_0034.uasset" 7494
"../../../Engine/Content/EngineMaterials/Substrate/Glints2/dict_0004_0035.uasset" 7495
"../../../Engine/Content/EngineMaterials/Substrate/Glints2/dict_0004_0036.uasset" 7496
"../../../Engine/Content/EngineMaterials/Substrate/Glints2/dict_0004_0037.uasset" 7497
"../../../Engine/Content/EngineMaterials/Substrate/Glints2/dict_0004_0038.uasset" 7498
"../../../Engine/Content/EngineMaterials/Substrate/Glints2/dict_0004_0039.uasset" 7499
"../../../Engine/Content/EngineMaterials/Substrate/Glints2/dict_0004_0040.uasset" 7500
"../../../Engine/Content/EngineMaterials/Substrate/Glints2/dict_0004_0041.uasset" 7501
"../../../Engine/Content/EngineMaterials/Substrate/Glints2/dict_0004_0042.uasset" 7502
"../../../Engine/Content/EngineMaterials/Substrate/Glints2/dict_0004_0043.uasset" 7503
"../../../Engine/Content/EngineMaterials/Substrate/Glints2/dict_0004_0044.uasset" 7504
"../../../Engine/Content/EngineMaterials/Substrate/Glints2/dict_0004_0045.uasset" 7505
"../../../Engine/Content/EngineMaterials/Substrate/Glints2/dict_0004_0046.uasset" 7506
"../../../Engine/Content/EngineMaterials/Substrate/Glints2/dict_0004_0047.uasset" 7507
"../../../Engine/Content/EngineMaterials/Substrate/Glints2/dict_0004_0048.uasset" 7508
"../../../Engine/Content/EngineMaterials/Substrate/Glints2/dict_0004_0049.uasset" 7509
"../../../Engine/Content/EngineMaterials/Substrate/Glints2/dict_0004_0050.uasset" 7510
"../../../Engine/Content/EngineMaterials/Substrate/Glints2/dict_0004_0051.uasset" 7511
"../../../Engine/Content/EngineMaterials/Substrate/Glints2/dict_0004_0052.uasset" 7512
"../../../Engine/Content/EngineMaterials/Substrate/Glints2/dict_0004_0053.uasset" 7513
"../../../Engine/Content/EngineMaterials/Substrate/Glints2/dict_0004_0054.uasset" 7514
"../../../Engine/Content/EngineMaterials/Substrate/Glints2/dict_0004_0055.uasset" 7515
"../../../Engine/Content/EngineMaterials/Substrate/Glints2/dict_0004_0056.uasset" 7516
"../../../Engine/Content/EngineMaterials/Substrate/Glints2/dict_0004_0057.uasset" 7517
"../../../Engine/Content/EngineMaterials/Substrate/Glints2/dict_0004_0058.uasset" 7518
"../../../Engine/Content/EngineMaterials/Substrate/Glints2/dict_0004_0059.uasset" 7519
"../../../Engine/Content/EngineMaterials/Substrate/Glints2/dict_0004_0060.uasset" 7520
"../../../Engine/Content/EngineMaterials/Substrate/Glints2/dict_0004_0061.uasset" 7521
"../../../Engine/Content/EngineMaterials/Substrate/Glints2/dict_0004_0062.uasset" 7522
"../../../Engine/Content/EngineMaterials/Substrate/Glints2/dict_0004_0063.uasset" 7523
"../../../Engine/Content/EngineMaterials/Substrate/Glints2/dict_0004_0064.uasset" 7524
"../../../Engine/Content/EngineMaterials/Substrate/Glints2/dict_0004_0065.uasset" 7525
"../../../Engine/Content/EngineMaterials/Substrate/Glints2/dict_0004_0066.uasset" 7526
"../../../Engine/Content/EngineMaterials/Substrate/Glints2/dict_0004_0067.uasset" 7527
"../../../Engine/Content/EngineMaterials/Substrate/Glints2/dict_0004_0068.uasset" 7528
"../../../Engine/Content/EngineMaterials/Substrate/Glints2/dict_0004_0069.uasset" 7529
"../../../Engine/Content/EngineMaterials/Substrate/Glints2/dict_0004_0070.uasset" 7530
"../../../Engine/Content/EngineMaterials/Substrate/Glints2/dict_0004_0071.uasset" 7531
"../../../Engine/Content/EngineMaterials/Substrate/Glints2/dict_0004_0072.uasset" 7532
"../../../Engine/Content/EngineMaterials/Substrate/Glints2/dict_0004_0073.uasset" 7533
"../../../Engine/Content/EngineMaterials/Substrate/Glints2/dict_0004_0074.uasset" 7534
"../../../Engine/Content/EngineMaterials/Substrate/Glints2/dict_0004_0075.uasset" 7535
"../../../Engine/Content/EngineMaterials/Substrate/Glints2/dict_0004_0076.uasset" 7536
"../../../Engine/Content/EngineMaterials/Substrate/Glints2/dict_0004_0077.uasset" 7537
"../../../Engine/Content/EngineMaterials/Substrate/Glints2/dict_0004_0078.uasset" 7538
"../../../Engine/Content/EngineMaterials/Substrate/Glints2/dict_0004_0079.uasset" 7539
"../../../Engine/Content/EngineMaterials/Substrate/Glints2/dict_0004_0080.uasset" 7540
"../../../Engine/Content/EngineMaterials/Substrate/Glints2/dict_0004_0081.uasset" 7541
"../../../Engine/Content/EngineMaterials/Substrate/Glints2/dict_0004_0082.uasset" 7542
"../../../Engine/Content/EngineMaterials/Substrate/Glints2/dict_0004_0083.uasset" 7543
"../../../Engine/Content/EngineMaterials/Substrate/Glints2/dict_0004_0084.uasset" 7544
"../../../Engine/Content/EngineMaterials/Substrate/Glints2/dict_0004_0085.uasset" 7545
"../../../Engine/Content/EngineMaterials/Substrate/Glints2/dict_0004_0086.uasset" 7546
"../../../Engine/Content/EngineMaterials/Substrate/Glints2/dict_0004_0087.uasset" 7547
"../../../Engine/Content/EngineMaterials/Substrate/Glints2/dict_0004_0088.uasset" 7548
"../../../Engine/Content/EngineMaterials/Substrate/Glints2/dict_0004_0089.uasset" 7549
"../../../Engine/Content/EngineMaterials/Substrate/Glints2/dict_0004_0090.uasset" 7550
"../../../Engine/Content/EngineMaterials/Substrate/Glints2/dict_0004_0091.uasset" 7551
"../../../Engine/Content/EngineMaterials/Substrate/Glints2/dict_0004_0092.uasset" 7552
"../../../Engine/Content/EngineMaterials/Substrate/Glints2/dict_0004_0093.uasset" 7553
"../../../Engine/Content/EngineMaterials/Substrate/Glints2/dict_0004_0094.uasset" 7554
"../../../Engine/Content/EngineMaterials/Substrate/Glints2/dict_0004_0095.uasset" 7555
"../../../Engine/Content/EngineMaterials/Substrate/Glints2/dict_0004_0096.uasset" 7556
"../../../Engine/Content/EngineMaterials/Substrate/Glints2/dict_0004_0097.uasset" 7557
"../../../Engine/Content/EngineMaterials/Substrate/Glints2/dict_0004_0098.uasset" 7558
"../../../Engine/Content/EngineMaterials/Substrate/Glints2/dict_0004_0099.uasset" 7559
"../../../Engine/Content/EngineMaterials/Substrate/Glints2/dict_0004_0100.uasset" 7560
"../../../Engine/Content/EngineMaterials/Substrate/Glints2/dict_0004_0101.uasset" 7561
"../../../Engine/Content/EngineMaterials/Substrate/Glints2/dict_0004_0102.uasset" 7562
"../../../Engine/Content/EngineMaterials/Substrate/Glints2/dict_0004_0103.uasset" 7563
"../../../Engine/Content/EngineMaterials/Substrate/Glints2/dict_0004_0104.uasset" 7564
"../../../Engine/Content/EngineMaterials/Substrate/Glints2/dict_0004_0105.uasset" 7565
"../../../Engine/Content/EngineMaterials/Substrate/Glints2/dict_0004_0106.uasset" 7566
"../../../Engine/Content/EngineMaterials/Substrate/Glints2/dict_0004_0107.uasset" 7567
"../../../Engine/Content/EngineMaterials/Substrate/Glints2/dict_0004_0108.uasset" 7568
"../../../Engine/Content/EngineMaterials/Substrate/Glints2/dict_0004_0109.uasset" 7569
"../../../Engine/Content/EngineMaterials/Substrate/Glints2/dict_0004_0110.uasset" 7570
"../../../Engine/Content/EngineMaterials/Substrate/Glints2/dict_0004_0111.uasset" 7571
"../../../Engine/Content/EngineMaterials/Substrate/Glints2/dict_0004_0112.uasset" 7572
"../../../Engine/Content/EngineMaterials/Substrate/Glints2/dict_0004_0113.uasset" 7573
"../../../Engine/Content/EngineMaterials/Substrate/Glints2/dict_0004_0114.uasset" 7574
"../../../Engine/Content/EngineMaterials/Substrate/Glints2/dict_0004_0115.uasset" 7575
"../../../Engine/Content/EngineMaterials/Substrate/Glints2/dict_0004_0116.uasset" 7576
"../../../Engine/Content/EngineMaterials/Substrate/Glints2/dict_0004_0117.uasset" 7577
"../../../Engine/Content/EngineMaterials/Substrate/Glints2/dict_0004_0118.uasset" 7578
"../../../Engine/Content/EngineMaterials/Substrate/Glints2/dict_0004_0119.uasset" 7579
"../../../Engine/Content/EngineMaterials/Substrate/Glints2/dict_0004_0120.uasset" 7580
"../../../Engine/Content/EngineMaterials/Substrate/Glints2/dict_0004_0121.uasset" 7581
"../../../Engine/Content/EngineMaterials/Substrate/Glints2/dict_0004_0122.uasset" 7582
"../../../Engine/Content/EngineMaterials/Substrate/Glints2/dict_0004_0123.uasset" 7583
"../../../Engine/Content/EngineMaterials/Substrate/Glints2/dict_0004_0124.uasset" 7584
"../../../Engine/Content/EngineMaterials/Substrate/Glints2/dict_0004_0125.uasset" 7585
"../../../Engine/Content/EngineMaterials/Substrate/Glints2/dict_0004_0126.uasset" 7586
"../../../Engine/Content/EngineMaterials/Substrate/Glints2/dict_0004_0127.uasset" 7587
"../../../Engine/Content/EngineMaterials/Substrate/Glints2/dict_0004_0128.uasset" 7588
"../../../Engine/Content/EngineMaterials/Substrate/Glints2/dict_0004_0129.uasset" 7589
"../../../Engine/Content/EngineMaterials/Substrate/Glints2/dict_0004_0130.uasset" 7590
"../../../Engine/Content/EngineMaterials/Substrate/Glints2/dict_0004_0131.uasset" 7591
"../../../Engine/Content/EngineMaterials/Substrate/Glints2/dict_0004_0132.uasset" 7592
"../../../Engine/Content/EngineMaterials/Substrate/Glints2/dict_0004_0133.uasset" 7593
"../../../Engine/Content/EngineMaterials/Substrate/Glints2/dict_0004_0134.uasset" 7594
"../../../Engine/Content/EngineMaterials/Substrate/Glints2/dict_0004_0135.uasset" 7595
"../../../Engine/Content/EngineMaterials/Substrate/Glints2/dict_0004_0136.uasset" 7596
"../../../Engine/Content/EngineMaterials/Substrate/Glints2/dict_0004_0137.uasset" 7597
"../../../Engine/Content/EngineMaterials/Substrate/Glints2/dict_0004_0138.uasset" 7598
"../../../Engine/Content/EngineMaterials/Substrate/Glints2/dict_0004_0139.uasset" 7599
"../../../Engine/Content/EngineMaterials/Substrate/Glints2/dict_0004_0140.uasset" 7600
"../../../Engine/Content/EngineMaterials/Substrate/Glints2/dict_0004_0141.uasset" 7601
"../../../Engine/Content/EngineMaterials/Substrate/Glints2/dict_0004_0142.uasset" 7602
"../../../Engine/Content/EngineMaterials/Substrate/Glints2/dict_0004_0143.uasset" 7603
"../../../Engine/Content/EngineMaterials/Substrate/Glints2/dict_0004_0144.uasset" 7604
"../../../Engine/Content/EngineMaterials/Substrate/Glints2/dict_0004_0145.uasset" 7605
"../../../Engine/Content/EngineMaterials/Substrate/Glints2/dict_0004_0146.uasset" 7606
"../../../Engine/Content/EngineMaterials/Substrate/Glints2/dict_0004_0147.uasset" 7607
"../../../Engine/Content/EngineMaterials/Substrate/Glints2/dict_0004_0148.uasset" 7608
"../../../Engine/Content/EngineMaterials/Substrate/Glints2/dict_0004_0149.uasset" 7609
"../../../Engine/Content/EngineMaterials/Substrate/Glints2/dict_0004_0150.uasset" 7610
"../../../Engine/Content/EngineMaterials/Substrate/Glints2/dict_0004_0151.uasset" 7611
"../../../Engine/Content/EngineMaterials/Substrate/Glints2/dict_0004_0152.uasset" 7612
"../../../Engine/Content/EngineMaterials/Substrate/Glints2/dict_0004_0153.uasset" 7613
"../../../Engine/Content/EngineMaterials/Substrate/Glints2/dict_0004_0154.uasset" 7614
"../../../Engine/Content/EngineMaterials/Substrate/Glints2/dict_0004_0155.uasset" 7615
"../../../Engine/Content/EngineMaterials/Substrate/Glints2/dict_0004_0156.uasset" 7616
"../../../Engine/Content/EngineMaterials/Substrate/Glints2/dict_0004_0157.uasset" 7617
"../../../Engine/Content/EngineMaterials/Substrate/Glints2/dict_0004_0158.uasset" 7618
"../../../Engine/Content/EngineMaterials/Substrate/Glints2/dict_0004_0159.uasset" 7619
"../../../Engine/Content/EngineMaterials/Substrate/Glints2/dict_0004_0160.uasset" 7620
"../../../Engine/Content/EngineMaterials/Substrate/Glints2/dict_0004_0161.uasset" 7621
"../../../Engine/Content/EngineMaterials/Substrate/Glints2/dict_0004_0162.uasset" 7622
"../../../Engine/Content/EngineMaterials/Substrate/Glints2/dict_0004_0163.uasset" 7623
"../../../Engine/Content/EngineMaterials/Substrate/Glints2/dict_0004_0164.uasset" 7624
"../../../Engine/Content/EngineMaterials/Substrate/Glints2/dict_0004_0165.uasset" 7625
"../../../Engine/Content/EngineMaterials/Substrate/Glints2/dict_0004_0166.uasset" 7626
"../../../Engine/Content/EngineMaterials/Substrate/Glints2/dict_0004_0167.uasset" 7627
"../../../Engine/Content/EngineMaterials/Substrate/Glints2/dict_0004_0168.uasset" 7628
"../../../Engine/Content/EngineMaterials/Substrate/Glints2/dict_0004_0169.uasset" 7629
"../../../Engine/Content/EngineMaterials/Substrate/Glints2/dict_0004_0170.uasset" 7630
"../../../Engine/Content/EngineMaterials/Substrate/Glints2/dict_0004_0171.uasset" 7631
"../../../Engine/Content/EngineMaterials/Substrate/Glints2/dict_0004_0172.uasset" 7632
"../../../Engine/Content/EngineMaterials/Substrate/Glints2/dict_0004_0173.uasset" 7633
"../../../Engine/Content/EngineMaterials/Substrate/Glints2/dict_0004_0174.uasset" 7634
"../../../Engine/Content/EngineMaterials/Substrate/Glints2/dict_0004_0175.uasset" 7635
"../../../Engine/Content/EngineMaterials/Substrate/Glints2/dict_0004_0176.uasset" 7636
"../../../Engine/Content/EngineMaterials/Substrate/Glints2/dict_0004_0177.uasset" 7637
"../../../Engine/Content/EngineMaterials/Substrate/Glints2/dict_0004_0178.uasset" 7638
"../../../Engine/Content/EngineMaterials/Substrate/Glints2/dict_0004_0179.uasset" 7639
"../../../Engine/Content/EngineMaterials/Substrate/Glints2/dict_0004_0180.uasset" 7640
"../../../Engine/Content/EngineMaterials/Substrate/Glints2/dict_0004_0181.uasset" 7641
"../../../Engine/Content/EngineMaterials/Substrate/Glints2/dict_0004_0182.uasset" 7642
"../../../Engine/Content/EngineMaterials/Substrate/Glints2/dict_0004_0183.uasset" 7643
"../../../Engine/Content/EngineMaterials/Substrate/Glints2/dict_0004_0184.uasset" 7644
"../../../Engine/Content/EngineMaterials/Substrate/Glints2/dict_0004_0185.uasset" 7645
"../../../Engine/Content/EngineMaterials/Substrate/Glints2/dict_0004_0186.uasset" 7646
"../../../Engine/Content/EngineMaterials/Substrate/Glints2/dict_0004_0187.uasset" 7647
"../../../Engine/Content/EngineMaterials/Substrate/Glints2/dict_0004_0188.uasset" 7648
"../../../Engine/Content/EngineMaterials/Substrate/Glints2/dict_0004_0189.uasset" 7649
"../../../Engine/Content/EngineMaterials/Substrate/Glints2/dict_0004_0190.uasset" 7650
"../../../Engine/Content/EngineMaterials/Substrate/Glints2/dict_0004_0191.uasset" 7651
"../../../Engine/Content/EngineMaterials/Substrate/Glints2/dict_0004_0192.uasset" 7652
"../../../Engine/Content/EngineMaterials/Substrate/Glints2/dict_0004_0193.uasset" 7653
"../../../Engine/Content/EngineMaterials/Substrate/Glints2/dict_0004_0194.uasset" 7654
"../../../Engine/Content/EngineMaterials/Substrate/Glints2/dict_0004_0195.uasset" 7655
"../../../Engine/Content/EngineMaterials/Substrate/Glints2/dict_0004_0196.uasset" 7656
"../../../Engine/Content/EngineMaterials/Substrate/Glints2/dict_0004_0197.uasset" 7657
"../../../Engine/Content/EngineMaterials/Substrate/Glints2/dict_0004_0198.uasset" 7658
"../../../Engine/Content/EngineMaterials/Substrate/Glints2/dict_0004_0199.uasset" 7659
"../../../Engine/Content/EngineMaterials/Substrate/Glints2/dict_0004_0200.uasset" 7660
"../../../Engine/Content/EngineMaterials/Substrate/Glints2/dict_0004_0201.uasset" 7661
"../../../Engine/Content/EngineMaterials/Substrate/Glints2/dict_0004_0202.uasset" 7662
"../../../Engine/Content/EngineMaterials/Substrate/Glints2/dict_0004_0203.uasset" 7663
"../../../Engine/Content/EngineMaterials/Substrate/Glints2/dict_0004_0204.uasset" 7664
"../../../Engine/Content/EngineMaterials/Substrate/Glints2/dict_0004_0205.uasset" 7665
"../../../Engine/Content/EngineMaterials/Substrate/Glints2/dict_0004_0206.uasset" 7666
"../../../Engine/Content/EngineMaterials/Substrate/Glints2/dict_0004_0207.uasset" 7667
"../../../Engine/Content/EngineMaterials/Substrate/Glints2/dict_0004_0208.uasset" 7668
"../../../Engine/Content/EngineMaterials/Substrate/Glints2/dict_0004_0209.uasset" 7669
"../../../Engine/Content/EngineMaterials/Substrate/Glints2/dict_0004_0210.uasset" 7670
"../../../Engine/Content/EngineMaterials/Substrate/Glints2/dict_0004_0211.uasset" 7671
"../../../Engine/Content/EngineMaterials/Substrate/Glints2/dict_0004_0212.uasset" 7672
"../../../Engine/Content/EngineMaterials/Substrate/Glints2/dict_0004_0213.uasset" 7673
"../../../Engine/Content/EngineMaterials/Substrate/Glints2/dict_0004_0214.uasset" 7674
"../../../Engine/Content/EngineMaterials/Substrate/Glints2/dict_0004_0215.uasset" 7675
"../../../Engine/Content/EngineMaterials/Substrate/Glints2/dict_0004_0216.uasset" 7676
"../../../Engine/Content/EngineMaterials/Substrate/Glints2/dict_0004_0217.uasset" 7677
"../../../Engine/Content/EngineMaterials/Substrate/Glints2/dict_0004_0218.uasset" 7678
"../../../Engine/Content/EngineMaterials/Substrate/Glints2/dict_0004_0219.uasset" 7679
"../../../Engine/Content/EngineMaterials/Substrate/Glints2/dict_0004_0220.uasset" 7680
"../../../Engine/Content/EngineMaterials/Substrate/Glints2/dict_0004_0221.uasset" 7681
"../../../Engine/Content/EngineMaterials/Substrate/Glints2/dict_0004_0222.uasset" 7682
"../../../Engine/Content/EngineMaterials/Substrate/Glints2/dict_0004_0223.uasset" 7683
"../../../Engine/Content/EngineMaterials/Substrate/Glints2/dict_0004_0224.uasset" 7684
"../../../Engine/Content/EngineMaterials/Substrate/Glints2/dict_0004_0225.uasset" 7685
"../../../Engine/Content/EngineMaterials/Substrate/Glints2/dict_0004_0226.uasset" 7686
"../../../Engine/Content/EngineMaterials/Substrate/Glints2/dict_0004_0227.uasset" 7687
"../../../Engine/Content/EngineMaterials/Substrate/Glints2/dict_0004_0228.uasset" 7688
"../../../Engine/Content/EngineMaterials/Substrate/Glints2/dict_0004_0229.uasset" 7689
"../../../Engine/Content/EngineMaterials/Substrate/Glints2/dict_0004_0230.uasset" 7690
"../../../Engine/Content/EngineMaterials/Substrate/Glints2/dict_0004_0231.uasset" 7691
"../../../Engine/Content/EngineMaterials/Substrate/Glints2/dict_0004_0232.uasset" 7692
"../../../Engine/Content/EngineMaterials/Substrate/Glints2/dict_0004_0233.uasset" 7693
"../../../Engine/Content/EngineMaterials/Substrate/Glints2/dict_0004_0234.uasset" 7694
"../../../Engine/Content/EngineMaterials/Substrate/Glints2/dict_0004_0235.uasset" 7695
"../../../Engine/Content/EngineMaterials/Substrate/Glints2/dict_0004_0236.uasset" 7696
"../../../Engine/Content/EngineMaterials/Substrate/Glints2/dict_0004_0237.uasset" 7697
"../../../Engine/Content/EngineMaterials/Substrate/Glints2/dict_0004_0238.uasset" 7698
"../../../Engine/Content/EngineMaterials/Substrate/Glints2/dict_0004_0239.uasset" 7699
"../../../Engine/Content/EngineMaterials/Substrate/Glints2/dict_0004_0240.uasset" 7700
"../../../Engine/Content/EngineMaterials/Substrate/Glints2/dict_0004_0241.uasset" 7701
"../../../Engine/Content/EngineMaterials/Substrate/Glints2/dict_0004_0242.uasset" 7702
"../../../Engine/Content/EngineMaterials/Substrate/Glints2/dict_0004_0243.uasset" 7703
"../../../Engine/Content/EngineMaterials/Substrate/Glints2/dict_0004_0244.uasset" 7704
"../../../Engine/Content/EngineMaterials/Substrate/Glints2/dict_0004_0245.uasset" 7705
"../../../Engine/Content/EngineMaterials/Substrate/Glints2/dict_0004_0246.uasset" 7706
"../../../Engine/Content/EngineMaterials/Substrate/Glints2/dict_0004_0247.uasset" 7707
"../../../Engine/Content/EngineMaterials/Substrate/Glints2/dict_0004_0248.uasset" 7708
"../../../Engine/Content/EngineMaterials/Substrate/Glints2/dict_0004_0249.uasset" 7709
"../../../Engine/Content/EngineMaterials/Substrate/Glints2/dict_0004_0250.uasset" 7710
"../../../Engine/Content/EngineMaterials/Substrate/Glints2/dict_0004_0251.uasset" 7711
"../../../Engine/Content/EngineMaterials/Substrate/Glints2/dict_0004_0252.uasset" 7712
"../../../Engine/Content/EngineMaterials/Substrate/Glints2/dict_0004_0253.uasset" 7713
"../../../Engine/Content/EngineMaterials/Substrate/Glints2/dict_0004_0254.uasset" 7714
"../../../Engine/Content/EngineMaterials/Substrate/Glints2/dict_0004_0255.uasset" 7715
"../../../Engine/Content/EngineMaterials/Substrate/Glints2/dict_0005_0000.uasset" 7716
"../../../Engine/Content/EngineMaterials/Substrate/Glints2/dict_0005_0001.uasset" 7717
"../../../Engine/Content/EngineMaterials/Substrate/Glints2/dict_0005_0002.uasset" 7718
"../../../Engine/Content/EngineMaterials/Substrate/Glints2/dict_0005_0003.uasset" 7719
"../../../Engine/Content/EngineMaterials/Substrate/Glints2/dict_0005_0004.uasset" 7720
"../../../Engine/Content/EngineMaterials/Substrate/Glints2/dict_0005_0005.uasset" 7721
"../../../Engine/Content/EngineMaterials/Substrate/Glints2/dict_0005_0006.uasset" 7722
"../../../Engine/Content/EngineMaterials/Substrate/Glints2/dict_0005_0007.uasset" 7723
"../../../Engine/Content/EngineMaterials/Substrate/Glints2/dict_0005_0008.uasset" 7724
"../../../Engine/Content/EngineMaterials/Substrate/Glints2/dict_0005_0009.uasset" 7725
"../../../Engine/Content/EngineMaterials/Substrate/Glints2/dict_0005_0010.uasset" 7726
"../../../Engine/Content/EngineMaterials/Substrate/Glints2/dict_0005_0011.uasset" 7727
"../../../Engine/Content/EngineMaterials/Substrate/Glints2/dict_0005_0012.uasset" 7728
"../../../Engine/Content/EngineMaterials/Substrate/Glints2/dict_0005_0013.uasset" 7729
"../../../Engine/Content/EngineMaterials/Substrate/Glints2/dict_0005_0014.uasset" 7730
"../../../Engine/Content/EngineMaterials/Substrate/Glints2/dict_0005_0015.uasset" 7731
"../../../Engine/Content/EngineMaterials/Substrate/Glints2/dict_0005_0016.uasset" 7732
"../../../Engine/Content/EngineMaterials/Substrate/Glints2/dict_0005_0017.uasset" 7733
"../../../Engine/Content/EngineMaterials/Substrate/Glints2/dict_0005_0018.uasset" 7734
"../../../Engine/Content/EngineMaterials/Substrate/Glints2/dict_0005_0019.uasset" 7735
"../../../Engine/Content/EngineMaterials/Substrate/Glints2/dict_0005_0020.uasset" 7736
"../../../Engine/Content/EngineMaterials/Substrate/Glints2/dict_0005_0021.uasset" 7737
"../../../Engine/Content/EngineMaterials/Substrate/Glints2/dict_0005_0022.uasset" 7738
"../../../Engine/Content/EngineMaterials/Substrate/Glints2/dict_0005_0023.uasset" 7739
"../../../Engine/Content/EngineMaterials/Substrate/Glints2/dict_0005_0024.uasset" 7740
"../../../Engine/Content/EngineMaterials/Substrate/Glints2/dict_0005_0025.uasset" 7741
"../../../Engine/Content/EngineMaterials/Substrate/Glints2/dict_0005_0026.uasset" 7742
"../../../Engine/Content/EngineMaterials/Substrate/Glints2/dict_0005_0027.uasset" 7743
"../../../Engine/Content/EngineMaterials/Substrate/Glints2/dict_0005_0028.uasset" 7744
"../../../Engine/Content/EngineMaterials/Substrate/Glints2/dict_0005_0029.uasset" 7745
"../../../Engine/Content/EngineMaterials/Substrate/Glints2/dict_0005_0030.uasset" 7746
"../../../Engine/Content/EngineMaterials/Substrate/Glints2/dict_0005_0031.uasset" 7747
"../../../Engine/Content/EngineMaterials/Substrate/Glints2/dict_0005_0032.uasset" 7748
"../../../Engine/Content/EngineMaterials/Substrate/Glints2/dict_0005_0033.uasset" 7749
"../../../Engine/Content/EngineMaterials/Substrate/Glints2/dict_0005_0034.uasset" 7750
"../../../Engine/Content/EngineMaterials/Substrate/Glints2/dict_0005_0035.uasset" 7751
"../../../Engine/Content/EngineMaterials/Substrate/Glints2/dict_0005_0036.uasset" 7752
"../../../Engine/Content/EngineMaterials/Substrate/Glints2/dict_0005_0037.uasset" 7753
"../../../Engine/Content/EngineMaterials/Substrate/Glints2/dict_0005_0038.uasset" 7754
"../../../Engine/Content/EngineMaterials/Substrate/Glints2/dict_0005_0039.uasset" 7755
"../../../Engine/Content/EngineMaterials/Substrate/Glints2/dict_0005_0040.uasset" 7756
"../../../Engine/Content/EngineMaterials/Substrate/Glints2/dict_0005_0041.uasset" 7757
"../../../Engine/Content/EngineMaterials/Substrate/Glints2/dict_0005_0042.uasset" 7758
"../../../Engine/Content/EngineMaterials/Substrate/Glints2/dict_0005_0043.uasset" 7759
"../../../Engine/Content/EngineMaterials/Substrate/Glints2/dict_0005_0044.uasset" 7760
"../../../Engine/Content/EngineMaterials/Substrate/Glints2/dict_0005_0045.uasset" 7761
"../../../Engine/Content/EngineMaterials/Substrate/Glints2/dict_0005_0046.uasset" 7762
"../../../Engine/Content/EngineMaterials/Substrate/Glints2/dict_0005_0047.uasset" 7763
"../../../Engine/Content/EngineMaterials/Substrate/Glints2/dict_0005_0048.uasset" 7764
"../../../Engine/Content/EngineMaterials/Substrate/Glints2/dict_0005_0049.uasset" 7765
"../../../Engine/Content/EngineMaterials/Substrate/Glints2/dict_0005_0050.uasset" 7766
"../../../Engine/Content/EngineMaterials/Substrate/Glints2/dict_0005_0051.uasset" 7767
"../../../Engine/Content/EngineMaterials/Substrate/Glints2/dict_0005_0052.uasset" 7768
"../../../Engine/Content/EngineMaterials/Substrate/Glints2/dict_0005_0053.uasset" 7769
"../../../Engine/Content/EngineMaterials/Substrate/Glints2/dict_0005_0054.uasset" 7770
"../../../Engine/Content/EngineMaterials/Substrate/Glints2/dict_0005_0055.uasset" 7771
"../../../Engine/Content/EngineMaterials/Substrate/Glints2/dict_0005_0056.uasset" 7772
"../../../Engine/Content/EngineMaterials/Substrate/Glints2/dict_0005_0057.uasset" 7773
"../../../Engine/Content/EngineMaterials/Substrate/Glints2/dict_0005_0058.uasset" 7774
"../../../Engine/Content/EngineMaterials/Substrate/Glints2/dict_0005_0059.uasset" 7775
"../../../Engine/Content/EngineMaterials/Substrate/Glints2/dict_0005_0060.uasset" 7776
"../../../Engine/Content/EngineMaterials/Substrate/Glints2/dict_0005_0061.uasset" 7777
"../../../Engine/Content/EngineMaterials/Substrate/Glints2/dict_0005_0062.uasset" 7778
"../../../Engine/Content/EngineMaterials/Substrate/Glints2/dict_0005_0063.uasset" 7779
"../../../Engine/Content/EngineMaterials/Substrate/Glints2/dict_0005_0064.uasset" 7780
"../../../Engine/Content/EngineMaterials/Substrate/Glints2/dict_0005_0065.uasset" 7781
"../../../Engine/Content/EngineMaterials/Substrate/Glints2/dict_0005_0066.uasset" 7782
"../../../Engine/Content/EngineMaterials/Substrate/Glints2/dict_0005_0067.uasset" 7783
"../../../Engine/Content/EngineMaterials/Substrate/Glints2/dict_0005_0068.uasset" 7784
"../../../Engine/Content/EngineMaterials/Substrate/Glints2/dict_0005_0069.uasset" 7785
"../../../Engine/Content/EngineMaterials/Substrate/Glints2/dict_0005_0070.uasset" 7786
"../../../Engine/Content/EngineMaterials/Substrate/Glints2/dict_0005_0071.uasset" 7787
"../../../Engine/Content/EngineMaterials/Substrate/Glints2/dict_0005_0072.uasset" 7788
"../../../Engine/Content/EngineMaterials/Substrate/Glints2/dict_0005_0073.uasset" 7789
"../../../Engine/Content/EngineMaterials/Substrate/Glints2/dict_0005_0074.uasset" 7790
"../../../Engine/Content/EngineMaterials/Substrate/Glints2/dict_0005_0075.uasset" 7791
"../../../Engine/Content/EngineMaterials/Substrate/Glints2/dict_0005_0076.uasset" 7792
"../../../Engine/Content/EngineMaterials/Substrate/Glints2/dict_0005_0077.uasset" 7793
"../../../Engine/Content/EngineMaterials/Substrate/Glints2/dict_0005_0078.uasset" 7794
"../../../Engine/Content/EngineMaterials/Substrate/Glints2/dict_0005_0079.uasset" 7795
"../../../Engine/Content/EngineMaterials/Substrate/Glints2/dict_0005_0080.uasset" 7796
"../../../Engine/Content/EngineMaterials/Substrate/Glints2/dict_0005_0081.uasset" 7797
"../../../Engine/Content/EngineMaterials/Substrate/Glints2/dict_0005_0082.uasset" 7798
"../../../Engine/Content/EngineMaterials/Substrate/Glints2/dict_0005_0083.uasset" 7799
"../../../Engine/Content/EngineMaterials/Substrate/Glints2/dict_0005_0084.uasset" 7800
"../../../Engine/Content/EngineMaterials/Substrate/Glints2/dict_0005_0085.uasset" 7801
"../../../Engine/Content/EngineMaterials/Substrate/Glints2/dict_0005_0086.uasset" 7802
"../../../Engine/Content/EngineMaterials/Substrate/Glints2/dict_0005_0087.uasset" 7803
"../../../Engine/Content/EngineMaterials/Substrate/Glints2/dict_0005_0088.uasset" 7804
"../../../Engine/Content/EngineMaterials/Substrate/Glints2/dict_0005_0089.uasset" 7805
"../../../Engine/Content/EngineMaterials/Substrate/Glints2/dict_0005_0090.uasset" 7806
"../../../Engine/Content/EngineMaterials/Substrate/Glints2/dict_0005_0091.uasset" 7807
"../../../Engine/Content/EngineMaterials/Substrate/Glints2/dict_0005_0092.uasset" 7808
"../../../Engine/Content/EngineMaterials/Substrate/Glints2/dict_0005_0093.uasset" 7809
"../../../Engine/Content/EngineMaterials/Substrate/Glints2/dict_0005_0094.uasset" 7810
"../../../Engine/Content/EngineMaterials/Substrate/Glints2/dict_0005_0095.uasset" 7811
"../../../Engine/Content/EngineMaterials/Substrate/Glints2/dict_0005_0096.uasset" 7812
"../../../Engine/Content/EngineMaterials/Substrate/Glints2/dict_0005_0097.uasset" 7813
"../../../Engine/Content/EngineMaterials/Substrate/Glints2/dict_0005_0098.uasset" 7814
"../../../Engine/Content/EngineMaterials/Substrate/Glints2/dict_0005_0099.uasset" 7815
"../../../Engine/Content/EngineMaterials/Substrate/Glints2/dict_0005_0100.uasset" 7816
"../../../Engine/Content/EngineMaterials/Substrate/Glints2/dict_0005_0101.uasset" 7817
"../../../Engine/Content/EngineMaterials/Substrate/Glints2/dict_0005_0102.uasset" 7818
"../../../Engine/Content/EngineMaterials/Substrate/Glints2/dict_0005_0103.uasset" 7819
"../../../Engine/Content/EngineMaterials/Substrate/Glints2/dict_0005_0104.uasset" 7820
"../../../Engine/Content/EngineMaterials/Substrate/Glints2/dict_0005_0105.uasset" 7821
"../../../Engine/Content/EngineMaterials/Substrate/Glints2/dict_0005_0106.uasset" 7822
"../../../Engine/Content/EngineMaterials/Substrate/Glints2/dict_0005_0107.uasset" 7823
"../../../Engine/Content/EngineMaterials/Substrate/Glints2/dict_0005_0108.uasset" 7824
"../../../Engine/Content/EngineMaterials/Substrate/Glints2/dict_0005_0109.uasset" 7825
"../../../Engine/Content/EngineMaterials/Substrate/Glints2/dict_0005_0110.uasset" 7826
"../../../Engine/Content/EngineMaterials/Substrate/Glints2/dict_0005_0111.uasset" 7827
"../../../Engine/Content/EngineMaterials/Substrate/Glints2/dict_0005_0112.uasset" 7828
"../../../Engine/Content/EngineMaterials/Substrate/Glints2/dict_0005_0113.uasset" 7829
"../../../Engine/Content/EngineMaterials/Substrate/Glints2/dict_0005_0114.uasset" 7830
"../../../Engine/Content/EngineMaterials/Substrate/Glints2/dict_0005_0115.uasset" 7831
"../../../Engine/Content/EngineMaterials/Substrate/Glints2/dict_0005_0116.uasset" 7832
"../../../Engine/Content/EngineMaterials/Substrate/Glints2/dict_0005_0117.uasset" 7833
"../../../Engine/Content/EngineMaterials/Substrate/Glints2/dict_0005_0118.uasset" 7834
"../../../Engine/Content/EngineMaterials/Substrate/Glints2/dict_0005_0119.uasset" 7835
"../../../Engine/Content/EngineMaterials/Substrate/Glints2/dict_0005_0120.uasset" 7836
"../../../Engine/Content/EngineMaterials/Substrate/Glints2/dict_0005_0121.uasset" 7837
"../../../Engine/Content/EngineMaterials/Substrate/Glints2/dict_0005_0122.uasset" 7838
"../../../Engine/Content/EngineMaterials/Substrate/Glints2/dict_0005_0123.uasset" 7839
"../../../Engine/Content/EngineMaterials/Substrate/Glints2/dict_0005_0124.uasset" 7840
"../../../Engine/Content/EngineMaterials/Substrate/Glints2/dict_0005_0125.uasset" 7841
"../../../Engine/Content/EngineMaterials/Substrate/Glints2/dict_0005_0126.uasset" 7842
"../../../Engine/Content/EngineMaterials/Substrate/Glints2/dict_0005_0127.uasset" 7843
"../../../Engine/Content/EngineMaterials/Substrate/Glints2/dict_0005_0128.uasset" 7844
"../../../Engine/Content/EngineMaterials/Substrate/Glints2/dict_0005_0129.uasset" 7845
"../../../Engine/Content/EngineMaterials/Substrate/Glints2/dict_0005_0130.uasset" 7846
"../../../Engine/Content/EngineMaterials/Substrate/Glints2/dict_0005_0131.uasset" 7847
"../../../Engine/Content/EngineMaterials/Substrate/Glints2/dict_0005_0132.uasset" 7848
"../../../Engine/Content/EngineMaterials/Substrate/Glints2/dict_0005_0133.uasset" 7849
"../../../Engine/Content/EngineMaterials/Substrate/Glints2/dict_0005_0134.uasset" 7850
"../../../Engine/Content/EngineMaterials/Substrate/Glints2/dict_0005_0135.uasset" 7851
"../../../Engine/Content/EngineMaterials/Substrate/Glints2/dict_0005_0136.uasset" 7852
"../../../Engine/Content/EngineMaterials/Substrate/Glints2/dict_0005_0137.uasset" 7853
"../../../Engine/Content/EngineMaterials/Substrate/Glints2/dict_0005_0138.uasset" 7854
"../../../Engine/Content/EngineMaterials/Substrate/Glints2/dict_0005_0139.uasset" 7855
"../../../Engine/Content/EngineMaterials/Substrate/Glints2/dict_0005_0140.uasset" 7856
"../../../Engine/Content/EngineMaterials/Substrate/Glints2/dict_0005_0141.uasset" 7857
"../../../Engine/Content/EngineMaterials/Substrate/Glints2/dict_0005_0142.uasset" 7858
"../../../Engine/Content/EngineMaterials/Substrate/Glints2/dict_0005_0143.uasset" 7859
"../../../Engine/Content/EngineMaterials/Substrate/Glints2/dict_0005_0144.uasset" 7860
"../../../Engine/Content/EngineMaterials/Substrate/Glints2/dict_0005_0145.uasset" 7861
"../../../Engine/Content/EngineMaterials/Substrate/Glints2/dict_0005_0146.uasset" 7862
"../../../Engine/Content/EngineMaterials/Substrate/Glints2/dict_0005_0147.uasset" 7863
"../../../Engine/Content/EngineMaterials/Substrate/Glints2/dict_0005_0148.uasset" 7864
"../../../Engine/Content/EngineMaterials/Substrate/Glints2/dict_0005_0149.uasset" 7865
"../../../Engine/Content/EngineMaterials/Substrate/Glints2/dict_0005_0150.uasset" 7866
"../../../Engine/Content/EngineMaterials/Substrate/Glints2/dict_0005_0151.uasset" 7867
"../../../Engine/Content/EngineMaterials/Substrate/Glints2/dict_0005_0152.uasset" 7868
"../../../Engine/Content/EngineMaterials/Substrate/Glints2/dict_0005_0153.uasset" 7869
"../../../Engine/Content/EngineMaterials/Substrate/Glints2/dict_0005_0154.uasset" 7870
"../../../Engine/Content/EngineMaterials/Substrate/Glints2/dict_0005_0155.uasset" 7871
"../../../Engine/Content/EngineMaterials/Substrate/Glints2/dict_0005_0156.uasset" 7872
"../../../Engine/Content/EngineMaterials/Substrate/Glints2/dict_0005_0157.uasset" 7873
"../../../Engine/Content/EngineMaterials/Substrate/Glints2/dict_0005_0158.uasset" 7874
"../../../Engine/Content/EngineMaterials/Substrate/Glints2/dict_0005_0159.uasset" 7875
"../../../Engine/Content/EngineMaterials/Substrate/Glints2/dict_0005_0160.uasset" 7876
"../../../Engine/Content/EngineMaterials/Substrate/Glints2/dict_0005_0161.uasset" 7877
"../../../Engine/Content/EngineMaterials/Substrate/Glints2/dict_0005_0162.uasset" 7878
"../../../Engine/Content/EngineMaterials/Substrate/Glints2/dict_0005_0163.uasset" 7879
"../../../Engine/Content/EngineMaterials/Substrate/Glints2/dict_0005_0164.uasset" 7880
"../../../Engine/Content/EngineMaterials/Substrate/Glints2/dict_0005_0165.uasset" 7881
"../../../Engine/Content/EngineMaterials/Substrate/Glints2/dict_0005_0166.uasset" 7882
"../../../Engine/Content/EngineMaterials/Substrate/Glints2/dict_0005_0167.uasset" 7883
"../../../Engine/Content/EngineMaterials/Substrate/Glints2/dict_0005_0168.uasset" 7884
"../../../Engine/Content/EngineMaterials/Substrate/Glints2/dict_0005_0169.uasset" 7885
"../../../Engine/Content/EngineMaterials/Substrate/Glints2/dict_0005_0170.uasset" 7886
"../../../Engine/Content/EngineMaterials/Substrate/Glints2/dict_0005_0171.uasset" 7887
"../../../Engine/Content/EngineMaterials/Substrate/Glints2/dict_0005_0172.uasset" 7888
"../../../Engine/Content/EngineMaterials/Substrate/Glints2/dict_0005_0173.uasset" 7889
"../../../Engine/Content/EngineMaterials/Substrate/Glints2/dict_0005_0174.uasset" 7890
"../../../Engine/Content/EngineMaterials/Substrate/Glints2/dict_0005_0175.uasset" 7891
"../../../Engine/Content/EngineMaterials/Substrate/Glints2/dict_0005_0176.uasset" 7892
"../../../Engine/Content/EngineMaterials/Substrate/Glints2/dict_0005_0177.uasset" 7893
"../../../Engine/Content/EngineMaterials/Substrate/Glints2/dict_0005_0178.uasset" 7894
"../../../Engine/Content/EngineMaterials/Substrate/Glints2/dict_0005_0179.uasset" 7895
"../../../Engine/Content/EngineMaterials/Substrate/Glints2/dict_0005_0180.uasset" 7896
"../../../Engine/Content/EngineMaterials/Substrate/Glints2/dict_0005_0181.uasset" 7897
"../../../Engine/Content/EngineMaterials/Substrate/Glints2/dict_0005_0182.uasset" 7898
"../../../Engine/Content/EngineMaterials/Substrate/Glints2/dict_0005_0183.uasset" 7899
"../../../Engine/Content/EngineMaterials/Substrate/Glints2/dict_0005_0184.uasset" 7900
"../../../Engine/Content/EngineMaterials/Substrate/Glints2/dict_0005_0185.uasset" 7901
"../../../Engine/Content/EngineMaterials/Substrate/Glints2/dict_0005_0186.uasset" 7902
"../../../Engine/Content/EngineMaterials/Substrate/Glints2/dict_0005_0187.uasset" 7903
"../../../Engine/Content/EngineMaterials/Substrate/Glints2/dict_0005_0188.uasset" 7904
"../../../Engine/Content/EngineMaterials/Substrate/Glints2/dict_0005_0189.uasset" 7905
"../../../Engine/Content/EngineMaterials/Substrate/Glints2/dict_0005_0190.uasset" 7906
"../../../Engine/Content/EngineMaterials/Substrate/Glints2/dict_0005_0191.uasset" 7907
"../../../Engine/Content/EngineMaterials/Substrate/Glints2/dict_0005_0192.uasset" 7908
"../../../Engine/Content/EngineMaterials/Substrate/Glints2/dict_0005_0193.uasset" 7909
"../../../Engine/Content/EngineMaterials/Substrate/Glints2/dict_0005_0194.uasset" 7910
"../../../Engine/Content/EngineMaterials/Substrate/Glints2/dict_0005_0195.uasset" 7911
"../../../Engine/Content/EngineMaterials/Substrate/Glints2/dict_0005_0196.uasset" 7912
"../../../Engine/Content/EngineMaterials/Substrate/Glints2/dict_0005_0197.uasset" 7913
"../../../Engine/Content/EngineMaterials/Substrate/Glints2/dict_0005_0198.uasset" 7914
"../../../Engine/Content/EngineMaterials/Substrate/Glints2/dict_0005_0199.uasset" 7915
"../../../Engine/Content/EngineMaterials/Substrate/Glints2/dict_0005_0200.uasset" 7916
"../../../Engine/Content/EngineMaterials/Substrate/Glints2/dict_0005_0201.uasset" 7917
"../../../Engine/Content/EngineMaterials/Substrate/Glints2/dict_0005_0202.uasset" 7918
"../../../Engine/Content/EngineMaterials/Substrate/Glints2/dict_0005_0203.uasset" 7919
"../../../Engine/Content/EngineMaterials/Substrate/Glints2/dict_0005_0204.uasset" 7920
"../../../Engine/Content/EngineMaterials/Substrate/Glints2/dict_0005_0205.uasset" 7921
"../../../Engine/Content/EngineMaterials/Substrate/Glints2/dict_0005_0206.uasset" 7922
"../../../Engine/Content/EngineMaterials/Substrate/Glints2/dict_0005_0207.uasset" 7923
"../../../Engine/Content/EngineMaterials/Substrate/Glints2/dict_0005_0208.uasset" 7924
"../../../Engine/Content/EngineMaterials/Substrate/Glints2/dict_0005_0209.uasset" 7925
"../../../Engine/Content/EngineMaterials/Substrate/Glints2/dict_0005_0210.uasset" 7926
"../../../Engine/Content/EngineMaterials/Substrate/Glints2/dict_0005_0211.uasset" 7927
"../../../Engine/Content/EngineMaterials/Substrate/Glints2/dict_0005_0212.uasset" 7928
"../../../Engine/Content/EngineMaterials/Substrate/Glints2/dict_0005_0213.uasset" 7929
"../../../Engine/Content/EngineMaterials/Substrate/Glints2/dict_0005_0214.uasset" 7930
"../../../Engine/Content/EngineMaterials/Substrate/Glints2/dict_0005_0215.uasset" 7931
"../../../Engine/Content/EngineMaterials/Substrate/Glints2/dict_0005_0216.uasset" 7932
"../../../Engine/Content/EngineMaterials/Substrate/Glints2/dict_0005_0217.uasset" 7933
"../../../Engine/Content/EngineMaterials/Substrate/Glints2/dict_0005_0218.uasset" 7934
"../../../Engine/Content/EngineMaterials/Substrate/Glints2/dict_0005_0219.uasset" 7935
"../../../Engine/Content/EngineMaterials/Substrate/Glints2/dict_0005_0220.uasset" 7936
"../../../Engine/Content/EngineMaterials/Substrate/Glints2/dict_0005_0221.uasset" 7937
"../../../Engine/Content/EngineMaterials/Substrate/Glints2/dict_0005_0222.uasset" 7938
"../../../Engine/Content/EngineMaterials/Substrate/Glints2/dict_0005_0223.uasset" 7939
"../../../Engine/Content/EngineMaterials/Substrate/Glints2/dict_0005_0224.uasset" 7940
"../../../Engine/Content/EngineMaterials/Substrate/Glints2/dict_0005_0225.uasset" 7941
"../../../Engine/Content/EngineMaterials/Substrate/Glints2/dict_0005_0226.uasset" 7942
"../../../Engine/Content/EngineMaterials/Substrate/Glints2/dict_0005_0227.uasset" 7943
"../../../Engine/Content/EngineMaterials/Substrate/Glints2/dict_0005_0228.uasset" 7944
"../../../Engine/Content/EngineMaterials/Substrate/Glints2/dict_0005_0229.uasset" 7945
"../../../Engine/Content/EngineMaterials/Substrate/Glints2/dict_0005_0230.uasset" 7946
"../../../Engine/Content/EngineMaterials/Substrate/Glints2/dict_0005_0231.uasset" 7947
"../../../Engine/Content/EngineMaterials/Substrate/Glints2/dict_0005_0232.uasset" 7948
"../../../Engine/Content/EngineMaterials/Substrate/Glints2/dict_0005_0233.uasset" 7949
"../../../Engine/Content/EngineMaterials/Substrate/Glints2/dict_0005_0234.uasset" 7950
"../../../Engine/Content/EngineMaterials/Substrate/Glints2/dict_0005_0235.uasset" 7951
"../../../Engine/Content/EngineMaterials/Substrate/Glints2/dict_0005_0236.uasset" 7952
"../../../Engine/Content/EngineMaterials/Substrate/Glints2/dict_0005_0237.uasset" 7953
"../../../Engine/Content/EngineMaterials/Substrate/Glints2/dict_0005_0238.uasset" 7954
"../../../Engine/Content/EngineMaterials/Substrate/Glints2/dict_0005_0239.uasset" 7955
"../../../Engine/Content/EngineMaterials/Substrate/Glints2/dict_0005_0240.uasset" 7956
"../../../Engine/Content/EngineMaterials/Substrate/Glints2/dict_0005_0241.uasset" 7957
"../../../Engine/Content/EngineMaterials/Substrate/Glints2/dict_0005_0242.uasset" 7958
"../../../Engine/Content/EngineMaterials/Substrate/Glints2/dict_0005_0243.uasset" 7959
"../../../Engine/Content/EngineMaterials/Substrate/Glints2/dict_0005_0244.uasset" 7960
"../../../Engine/Content/EngineMaterials/Substrate/Glints2/dict_0005_0245.uasset" 7961
"../../../Engine/Content/EngineMaterials/Substrate/Glints2/dict_0005_0246.uasset" 7962
"../../../Engine/Content/EngineMaterials/Substrate/Glints2/dict_0005_0247.uasset" 7963
"../../../Engine/Content/EngineMaterials/Substrate/Glints2/dict_0005_0248.uasset" 7964
"../../../Engine/Content/EngineMaterials/Substrate/Glints2/dict_0005_0249.uasset" 7965
"../../../Engine/Content/EngineMaterials/Substrate/Glints2/dict_0005_0250.uasset" 7966
"../../../Engine/Content/EngineMaterials/Substrate/Glints2/dict_0005_0251.uasset" 7967
"../../../Engine/Content/EngineMaterials/Substrate/Glints2/dict_0005_0252.uasset" 7968
"../../../Engine/Content/EngineMaterials/Substrate/Glints2/dict_0005_0253.uasset" 7969
"../../../Engine/Content/EngineMaterials/Substrate/Glints2/dict_0005_0254.uasset" 7970
"../../../Engine/Content/EngineMaterials/Substrate/Glints2/dict_0005_0255.uasset" 7971
"../../../Engine/Content/EngineMaterials/Substrate/Glints2/dict_0006_0000.uasset" 7972
"../../../Engine/Content/EngineMaterials/Substrate/Glints2/dict_0006_0001.uasset" 7973
"../../../Engine/Content/EngineMaterials/Substrate/Glints2/dict_0006_0002.uasset" 7974
"../../../Engine/Content/EngineMaterials/Substrate/Glints2/dict_0006_0003.uasset" 7975
"../../../Engine/Content/EngineMaterials/Substrate/Glints2/dict_0006_0004.uasset" 7976
"../../../Engine/Content/EngineMaterials/Substrate/Glints2/dict_0006_0005.uasset" 7977
"../../../Engine/Content/EngineMaterials/Substrate/Glints2/dict_0006_0006.uasset" 7978
"../../../Engine/Content/EngineMaterials/Substrate/Glints2/dict_0006_0007.uasset" 7979
"../../../Engine/Content/EngineMaterials/Substrate/Glints2/dict_0006_0008.uasset" 7980
"../../../Engine/Content/EngineMaterials/Substrate/Glints2/dict_0006_0009.uasset" 7981
"../../../Engine/Content/EngineMaterials/Substrate/Glints2/dict_0006_0010.uasset" 7982
"../../../Engine/Content/EngineMaterials/Substrate/Glints2/dict_0006_0011.uasset" 7983
"../../../Engine/Content/EngineMaterials/Substrate/Glints2/dict_0006_0012.uasset" 7984
"../../../Engine/Content/EngineMaterials/Substrate/Glints2/dict_0006_0013.uasset" 7985
"../../../Engine/Content/EngineMaterials/Substrate/Glints2/dict_0006_0014.uasset" 7986
"../../../Engine/Content/EngineMaterials/Substrate/Glints2/dict_0006_0015.uasset" 7987
"../../../Engine/Content/EngineMaterials/Substrate/Glints2/dict_0006_0016.uasset" 7988
"../../../Engine/Content/EngineMaterials/Substrate/Glints2/dict_0006_0017.uasset" 7989
"../../../Engine/Content/EngineMaterials/Substrate/Glints2/dict_0006_0018.uasset" 7990
"../../../Engine/Content/EngineMaterials/Substrate/Glints2/dict_0006_0019.uasset" 7991
"../../../Engine/Content/EngineMaterials/Substrate/Glints2/dict_0006_0020.uasset" 7992
"../../../Engine/Content/EngineMaterials/Substrate/Glints2/dict_0006_0021.uasset" 7993
"../../../Engine/Content/EngineMaterials/Substrate/Glints2/dict_0006_0022.uasset" 7994
"../../../Engine/Content/EngineMaterials/Substrate/Glints2/dict_0006_0023.uasset" 7995
"../../../Engine/Content/EngineMaterials/Substrate/Glints2/dict_0006_0024.uasset" 7996
"../../../Engine/Content/EngineMaterials/Substrate/Glints2/dict_0006_0025.uasset" 7997
"../../../Engine/Content/EngineMaterials/Substrate/Glints2/dict_0006_0026.uasset" 7998
"../../../Engine/Content/EngineMaterials/Substrate/Glints2/dict_0006_0027.uasset" 7999
"../../../Engine/Content/EngineMaterials/Substrate/Glints2/dict_0006_0028.uasset" 8000
"../../../Engine/Content/EngineMaterials/Substrate/Glints2/dict_0006_0029.uasset" 8001
"../../../Engine/Content/EngineMaterials/Substrate/Glints2/dict_0006_0030.uasset" 8002
"../../../Engine/Content/EngineMaterials/Substrate/Glints2/dict_0006_0031.uasset" 8003
"../../../Engine/Content/EngineMaterials/Substrate/Glints2/dict_0006_0032.uasset" 8004
"../../../Engine/Content/EngineMaterials/Substrate/Glints2/dict_0006_0033.uasset" 8005
"../../../Engine/Content/EngineMaterials/Substrate/Glints2/dict_0006_0034.uasset" 8006
"../../../Engine/Content/EngineMaterials/Substrate/Glints2/dict_0006_0035.uasset" 8007
"../../../Engine/Content/EngineMaterials/Substrate/Glints2/dict_0006_0036.uasset" 8008
"../../../Engine/Content/EngineMaterials/Substrate/Glints2/dict_0006_0037.uasset" 8009
"../../../Engine/Content/EngineMaterials/Substrate/Glints2/dict_0006_0038.uasset" 8010
"../../../Engine/Content/EngineMaterials/Substrate/Glints2/dict_0006_0039.uasset" 8011
"../../../Engine/Content/EngineMaterials/Substrate/Glints2/dict_0006_0040.uasset" 8012
"../../../Engine/Content/EngineMaterials/Substrate/Glints2/dict_0006_0041.uasset" 8013
"../../../Engine/Content/EngineMaterials/Substrate/Glints2/dict_0006_0042.uasset" 8014
"../../../Engine/Content/EngineMaterials/Substrate/Glints2/dict_0006_0043.uasset" 8015
"../../../Engine/Content/EngineMaterials/Substrate/Glints2/dict_0006_0044.uasset" 8016
"../../../Engine/Content/EngineMaterials/Substrate/Glints2/dict_0006_0045.uasset" 8017
"../../../Engine/Content/EngineMaterials/Substrate/Glints2/dict_0006_0046.uasset" 8018
"../../../Engine/Content/EngineMaterials/Substrate/Glints2/dict_0006_0047.uasset" 8019
"../../../Engine/Content/EngineMaterials/Substrate/Glints2/dict_0006_0048.uasset" 8020
"../../../Engine/Content/EngineMaterials/Substrate/Glints2/dict_0006_0049.uasset" 8021
"../../../Engine/Content/EngineMaterials/Substrate/Glints2/dict_0006_0050.uasset" 8022
"../../../Engine/Content/EngineMaterials/Substrate/Glints2/dict_0006_0051.uasset" 8023
"../../../Engine/Content/EngineMaterials/Substrate/Glints2/dict_0006_0052.uasset" 8024
"../../../Engine/Content/EngineMaterials/Substrate/Glints2/dict_0006_0053.uasset" 8025
"../../../Engine/Content/EngineMaterials/Substrate/Glints2/dict_0006_0054.uasset" 8026
"../../../Engine/Content/EngineMaterials/Substrate/Glints2/dict_0006_0055.uasset" 8027
"../../../Engine/Content/EngineMaterials/Substrate/Glints2/dict_0006_0056.uasset" 8028
"../../../Engine/Content/EngineMaterials/Substrate/Glints2/dict_0006_0057.uasset" 8029
"../../../Engine/Content/EngineMaterials/Substrate/Glints2/dict_0006_0058.uasset" 8030
"../../../Engine/Content/EngineMaterials/Substrate/Glints2/dict_0006_0059.uasset" 8031
"../../../Engine/Content/EngineMaterials/Substrate/Glints2/dict_0006_0060.uasset" 8032
"../../../Engine/Content/EngineMaterials/Substrate/Glints2/dict_0006_0061.uasset" 8033
"../../../Engine/Content/EngineMaterials/Substrate/Glints2/dict_0006_0062.uasset" 8034
"../../../Engine/Content/EngineMaterials/Substrate/Glints2/dict_0006_0063.uasset" 8035
"../../../Engine/Content/EngineMaterials/Substrate/Glints2/dict_0006_0064.uasset" 8036
"../../../Engine/Content/EngineMaterials/Substrate/Glints2/dict_0006_0065.uasset" 8037
"../../../Engine/Content/EngineMaterials/Substrate/Glints2/dict_0006_0066.uasset" 8038
"../../../Engine/Content/EngineMaterials/Substrate/Glints2/dict_0006_0067.uasset" 8039
"../../../Engine/Content/EngineMaterials/Substrate/Glints2/dict_0006_0068.uasset" 8040
"../../../Engine/Content/EngineMaterials/Substrate/Glints2/dict_0006_0069.uasset" 8041
"../../../Engine/Content/EngineMaterials/Substrate/Glints2/dict_0006_0070.uasset" 8042
"../../../Engine/Content/EngineMaterials/Substrate/Glints2/dict_0006_0071.uasset" 8043
"../../../Engine/Content/EngineMaterials/Substrate/Glints2/dict_0006_0072.uasset" 8044
"../../../Engine/Content/EngineMaterials/Substrate/Glints2/dict_0006_0073.uasset" 8045
"../../../Engine/Content/EngineMaterials/Substrate/Glints2/dict_0006_0074.uasset" 8046
"../../../Engine/Content/EngineMaterials/Substrate/Glints2/dict_0006_0075.uasset" 8047
"../../../Engine/Content/EngineMaterials/Substrate/Glints2/dict_0006_0076.uasset" 8048
"../../../Engine/Content/EngineMaterials/Substrate/Glints2/dict_0006_0077.uasset" 8049
"../../../Engine/Content/EngineMaterials/Substrate/Glints2/dict_0006_0078.uasset" 8050
"../../../Engine/Content/EngineMaterials/Substrate/Glints2/dict_0006_0079.uasset" 8051
"../../../Engine/Content/EngineMaterials/Substrate/Glints2/dict_0006_0080.uasset" 8052
"../../../Engine/Content/EngineMaterials/Substrate/Glints2/dict_0006_0081.uasset" 8053
"../../../Engine/Content/EngineMaterials/Substrate/Glints2/dict_0006_0082.uasset" 8054
"../../../Engine/Content/EngineMaterials/Substrate/Glints2/dict_0006_0083.uasset" 8055
"../../../Engine/Content/EngineMaterials/Substrate/Glints2/dict_0006_0084.uasset" 8056
"../../../Engine/Content/EngineMaterials/Substrate/Glints2/dict_0006_0085.uasset" 8057
"../../../Engine/Content/EngineMaterials/Substrate/Glints2/dict_0006_0086.uasset" 8058
"../../../Engine/Content/EngineMaterials/Substrate/Glints2/dict_0006_0087.uasset" 8059
"../../../Engine/Content/EngineMaterials/Substrate/Glints2/dict_0006_0088.uasset" 8060
"../../../Engine/Content/EngineMaterials/Substrate/Glints2/dict_0006_0089.uasset" 8061
"../../../Engine/Content/EngineMaterials/Substrate/Glints2/dict_0006_0090.uasset" 8062
"../../../Engine/Content/EngineMaterials/Substrate/Glints2/dict_0006_0091.uasset" 8063
"../../../Engine/Content/EngineMaterials/Substrate/Glints2/dict_0006_0092.uasset" 8064
"../../../Engine/Content/EngineMaterials/Substrate/Glints2/dict_0006_0093.uasset" 8065
"../../../Engine/Content/EngineMaterials/Substrate/Glints2/dict_0006_0094.uasset" 8066
"../../../Engine/Content/EngineMaterials/Substrate/Glints2/dict_0006_0095.uasset" 8067
"../../../Engine/Content/EngineMaterials/Substrate/Glints2/dict_0006_0096.uasset" 8068
"../../../Engine/Content/EngineMaterials/Substrate/Glints2/dict_0006_0097.uasset" 8069
"../../../Engine/Content/EngineMaterials/Substrate/Glints2/dict_0006_0098.uasset" 8070
"../../../Engine/Content/EngineMaterials/Substrate/Glints2/dict_0006_0099.uasset" 8071
"../../../Engine/Content/EngineMaterials/Substrate/Glints2/dict_0006_0100.uasset" 8072
"../../../Engine/Content/EngineMaterials/Substrate/Glints2/dict_0006_0101.uasset" 8073
"../../../Engine/Content/EngineMaterials/Substrate/Glints2/dict_0006_0102.uasset" 8074
"../../../Engine/Content/EngineMaterials/Substrate/Glints2/dict_0006_0103.uasset" 8075
"../../../Engine/Content/EngineMaterials/Substrate/Glints2/dict_0006_0104.uasset" 8076
"../../../Engine/Content/EngineMaterials/Substrate/Glints2/dict_0006_0105.uasset" 8077
"../../../Engine/Content/EngineMaterials/Substrate/Glints2/dict_0006_0106.uasset" 8078
"../../../Engine/Content/EngineMaterials/Substrate/Glints2/dict_0006_0107.uasset" 8079
"../../../Engine/Content/EngineMaterials/Substrate/Glints2/dict_0006_0108.uasset" 8080
"../../../Engine/Content/EngineMaterials/Substrate/Glints2/dict_0006_0109.uasset" 8081
"../../../Engine/Content/EngineMaterials/Substrate/Glints2/dict_0006_0110.uasset" 8082
"../../../Engine/Content/EngineMaterials/Substrate/Glints2/dict_0006_0111.uasset" 8083
"../../../Engine/Content/EngineMaterials/Substrate/Glints2/dict_0006_0112.uasset" 8084
"../../../Engine/Content/EngineMaterials/Substrate/Glints2/dict_0006_0113.uasset" 8085
"../../../Engine/Content/EngineMaterials/Substrate/Glints2/dict_0006_0114.uasset" 8086
"../../../Engine/Content/EngineMaterials/Substrate/Glints2/dict_0006_0115.uasset" 8087
"../../../Engine/Content/EngineMaterials/Substrate/Glints2/dict_0006_0116.uasset" 8088
"../../../Engine/Content/EngineMaterials/Substrate/Glints2/dict_0006_0117.uasset" 8089
"../../../Engine/Content/EngineMaterials/Substrate/Glints2/dict_0006_0118.uasset" 8090
"../../../Engine/Content/EngineMaterials/Substrate/Glints2/dict_0006_0119.uasset" 8091
"../../../Engine/Content/EngineMaterials/Substrate/Glints2/dict_0006_0120.uasset" 8092
"../../../Engine/Content/EngineMaterials/Substrate/Glints2/dict_0006_0121.uasset" 8093
"../../../Engine/Content/EngineMaterials/Substrate/Glints2/dict_0006_0122.uasset" 8094
"../../../Engine/Content/EngineMaterials/Substrate/Glints2/dict_0006_0123.uasset" 8095
"../../../Engine/Content/EngineMaterials/Substrate/Glints2/dict_0006_0124.uasset" 8096
"../../../Engine/Content/EngineMaterials/Substrate/Glints2/dict_0006_0125.uasset" 8097
"../../../Engine/Content/EngineMaterials/Substrate/Glints2/dict_0006_0126.uasset" 8098
"../../../Engine/Content/EngineMaterials/Substrate/Glints2/dict_0006_0127.uasset" 8099
"../../../Engine/Content/EngineMaterials/Substrate/Glints2/dict_0006_0128.uasset" 8100
"../../../Engine/Content/EngineMaterials/Substrate/Glints2/dict_0006_0129.uasset" 8101
"../../../Engine/Content/EngineMaterials/Substrate/Glints2/dict_0006_0130.uasset" 8102
"../../../Engine/Content/EngineMaterials/Substrate/Glints2/dict_0006_0131.uasset" 8103
"../../../Engine/Content/EngineMaterials/Substrate/Glints2/dict_0006_0132.uasset" 8104
"../../../Engine/Content/EngineMaterials/Substrate/Glints2/dict_0006_0133.uasset" 8105
"../../../Engine/Content/EngineMaterials/Substrate/Glints2/dict_0006_0134.uasset" 8106
"../../../Engine/Content/EngineMaterials/Substrate/Glints2/dict_0006_0135.uasset" 8107
"../../../Engine/Content/EngineMaterials/Substrate/Glints2/dict_0006_0136.uasset" 8108
"../../../Engine/Content/EngineMaterials/Substrate/Glints2/dict_0006_0137.uasset" 8109
"../../../Engine/Content/EngineMaterials/Substrate/Glints2/dict_0006_0138.uasset" 8110
"../../../Engine/Content/EngineMaterials/Substrate/Glints2/dict_0006_0139.uasset" 8111
"../../../Engine/Content/EngineMaterials/Substrate/Glints2/dict_0006_0140.uasset" 8112
"../../../Engine/Content/EngineMaterials/Substrate/Glints2/dict_0006_0141.uasset" 8113
"../../../Engine/Content/EngineMaterials/Substrate/Glints2/dict_0006_0142.uasset" 8114
"../../../Engine/Content/EngineMaterials/Substrate/Glints2/dict_0006_0143.uasset" 8115
"../../../Engine/Content/EngineMaterials/Substrate/Glints2/dict_0006_0144.uasset" 8116
"../../../Engine/Content/EngineMaterials/Substrate/Glints2/dict_0006_0145.uasset" 8117
"../../../Engine/Content/EngineMaterials/Substrate/Glints2/dict_0006_0146.uasset" 8118
"../../../Engine/Content/EngineMaterials/Substrate/Glints2/dict_0006_0147.uasset" 8119
"../../../Engine/Content/EngineMaterials/Substrate/Glints2/dict_0006_0148.uasset" 8120
"../../../Engine/Content/EngineMaterials/Substrate/Glints2/dict_0006_0149.uasset" 8121
"../../../Engine/Content/EngineMaterials/Substrate/Glints2/dict_0006_0150.uasset" 8122
"../../../Engine/Content/EngineMaterials/Substrate/Glints2/dict_0006_0151.uasset" 8123
"../../../Engine/Content/EngineMaterials/Substrate/Glints2/dict_0006_0152.uasset" 8124
"../../../Engine/Content/EngineMaterials/Substrate/Glints2/dict_0006_0153.uasset" 8125
"../../../Engine/Content/EngineMaterials/Substrate/Glints2/dict_0006_0154.uasset" 8126
"../../../Engine/Content/EngineMaterials/Substrate/Glints2/dict_0006_0155.uasset" 8127
"../../../Engine/Content/EngineMaterials/Substrate/Glints2/dict_0006_0156.uasset" 8128
"../../../Engine/Content/EngineMaterials/Substrate/Glints2/dict_0006_0157.uasset" 8129
"../../../Engine/Content/EngineMaterials/Substrate/Glints2/dict_0006_0158.uasset" 8130
"../../../Engine/Content/EngineMaterials/Substrate/Glints2/dict_0006_0159.uasset" 8131
"../../../Engine/Content/EngineMaterials/Substrate/Glints2/dict_0006_0160.uasset" 8132
"../../../Engine/Content/EngineMaterials/Substrate/Glints2/dict_0006_0161.uasset" 8133
"../../../Engine/Content/EngineMaterials/Substrate/Glints2/dict_0006_0162.uasset" 8134
"../../../Engine/Content/EngineMaterials/Substrate/Glints2/dict_0006_0163.uasset" 8135
"../../../Engine/Content/EngineMaterials/Substrate/Glints2/dict_0006_0164.uasset" 8136
"../../../Engine/Content/EngineMaterials/Substrate/Glints2/dict_0006_0165.uasset" 8137
"../../../Engine/Content/EngineMaterials/Substrate/Glints2/dict_0006_0166.uasset" 8138
"../../../Engine/Content/EngineMaterials/Substrate/Glints2/dict_0006_0167.uasset" 8139
"../../../Engine/Content/EngineMaterials/Substrate/Glints2/dict_0006_0168.uasset" 8140
"../../../Engine/Content/EngineMaterials/Substrate/Glints2/dict_0006_0169.uasset" 8141
"../../../Engine/Content/EngineMaterials/Substrate/Glints2/dict_0006_0170.uasset" 8142
"../../../Engine/Content/EngineMaterials/Substrate/Glints2/dict_0006_0171.uasset" 8143
"../../../Engine/Content/EngineMaterials/Substrate/Glints2/dict_0006_0172.uasset" 8144
"../../../Engine/Content/EngineMaterials/Substrate/Glints2/dict_0006_0173.uasset" 8145
"../../../Engine/Content/EngineMaterials/Substrate/Glints2/dict_0006_0174.uasset" 8146
"../../../Engine/Content/EngineMaterials/Substrate/Glints2/dict_0006_0175.uasset" 8147
"../../../Engine/Content/EngineMaterials/Substrate/Glints2/dict_0006_0176.uasset" 8148
"../../../Engine/Content/EngineMaterials/Substrate/Glints2/dict_0006_0177.uasset" 8149
"../../../Engine/Content/EngineMaterials/Substrate/Glints2/dict_0006_0178.uasset" 8150
"../../../Engine/Content/EngineMaterials/Substrate/Glints2/dict_0006_0179.uasset" 8151
"../../../Engine/Content/EngineMaterials/Substrate/Glints2/dict_0006_0180.uasset" 8152
"../../../Engine/Content/EngineMaterials/Substrate/Glints2/dict_0006_0181.uasset" 8153
"../../../Engine/Content/EngineMaterials/Substrate/Glints2/dict_0006_0182.uasset" 8154
"../../../Engine/Content/EngineMaterials/Substrate/Glints2/dict_0006_0183.uasset" 8155
"../../../Engine/Content/EngineMaterials/Substrate/Glints2/dict_0006_0184.uasset" 8156
"../../../Engine/Content/EngineMaterials/Substrate/Glints2/dict_0006_0185.uasset" 8157
"../../../Engine/Content/EngineMaterials/Substrate/Glints2/dict_0006_0186.uasset" 8158
"../../../Engine/Content/EngineMaterials/Substrate/Glints2/dict_0006_0187.uasset" 8159
"../../../Engine/Content/EngineMaterials/Substrate/Glints2/dict_0006_0188.uasset" 8160
"../../../Engine/Content/EngineMaterials/Substrate/Glints2/dict_0006_0189.uasset" 8161
"../../../Engine/Content/EngineMaterials/Substrate/Glints2/dict_0006_0190.uasset" 8162
"../../../Engine/Content/EngineMaterials/Substrate/Glints2/dict_0006_0191.uasset" 8163
"../../../Engine/Content/EngineMaterials/Substrate/Glints2/dict_0006_0192.uasset" 8164
"../../../Engine/Content/EngineMaterials/Substrate/Glints2/dict_0006_0193.uasset" 8165
"../../../Engine/Content/EngineMaterials/Substrate/Glints2/dict_0006_0194.uasset" 8166
"../../../Engine/Content/EngineMaterials/Substrate/Glints2/dict_0006_0195.uasset" 8167
"../../../Engine/Content/EngineMaterials/Substrate/Glints2/dict_0006_0196.uasset" 8168
"../../../Engine/Content/EngineMaterials/Substrate/Glints2/dict_0006_0197.uasset" 8169
"../../../Engine/Content/EngineMaterials/Substrate/Glints2/dict_0006_0198.uasset" 8170
"../../../Engine/Content/EngineMaterials/Substrate/Glints2/dict_0006_0199.uasset" 8171
"../../../Engine/Content/EngineMaterials/Substrate/Glints2/dict_0006_0200.uasset" 8172
"../../../Engine/Content/EngineMaterials/Substrate/Glints2/dict_0006_0201.uasset" 8173
"../../../Engine/Content/EngineMaterials/Substrate/Glints2/dict_0006_0202.uasset" 8174
"../../../Engine/Content/EngineMaterials/Substrate/Glints2/dict_0006_0203.uasset" 8175
"../../../Engine/Content/EngineMaterials/Substrate/Glints2/dict_0006_0204.uasset" 8176
"../../../Engine/Content/EngineMaterials/Substrate/Glints2/dict_0006_0205.uasset" 8177
"../../../Engine/Content/EngineMaterials/Substrate/Glints2/dict_0006_0206.uasset" 8178
"../../../Engine/Content/EngineMaterials/Substrate/Glints2/dict_0006_0207.uasset" 8179
"../../../Engine/Content/EngineMaterials/Substrate/Glints2/dict_0006_0208.uasset" 8180
"../../../Engine/Content/EngineMaterials/Substrate/Glints2/dict_0006_0209.uasset" 8181
"../../../Engine/Content/EngineMaterials/Substrate/Glints2/dict_0006_0210.uasset" 8182
"../../../Engine/Content/EngineMaterials/Substrate/Glints2/dict_0006_0211.uasset" 8183
"../../../Engine/Content/EngineMaterials/Substrate/Glints2/dict_0006_0212.uasset" 8184
"../../../Engine/Content/EngineMaterials/Substrate/Glints2/dict_0006_0213.uasset" 8185
"../../../Engine/Content/EngineMaterials/Substrate/Glints2/dict_0006_0214.uasset" 8186
"../../../Engine/Content/EngineMaterials/Substrate/Glints2/dict_0006_0215.uasset" 8187
"../../../Engine/Content/EngineMaterials/Substrate/Glints2/dict_0006_0216.uasset" 8188
"../../../Engine/Content/EngineMaterials/Substrate/Glints2/dict_0006_0217.uasset" 8189
"../../../Engine/Content/EngineMaterials/Substrate/Glints2/dict_0006_0218.uasset" 8190
"../../../Engine/Content/EngineMaterials/Substrate/Glints2/dict_0006_0219.uasset" 8191
"../../../Engine/Content/EngineMaterials/Substrate/Glints2/dict_0006_0220.uasset" 8192
"../../../Engine/Content/EngineMaterials/Substrate/Glints2/dict_0006_0221.uasset" 8193
"../../../Engine/Content/EngineMaterials/Substrate/Glints2/dict_0006_0222.uasset" 8194
"../../../Engine/Content/EngineMaterials/Substrate/Glints2/dict_0006_0223.uasset" 8195
"../../../Engine/Content/EngineMaterials/Substrate/Glints2/dict_0006_0224.uasset" 8196
"../../../Engine/Content/EngineMaterials/Substrate/Glints2/dict_0006_0225.uasset" 8197
"../../../Engine/Content/EngineMaterials/Substrate/Glints2/dict_0006_0226.uasset" 8198
"../../../Engine/Content/EngineMaterials/Substrate/Glints2/dict_0006_0227.uasset" 8199
"../../../Engine/Content/EngineMaterials/Substrate/Glints2/dict_0006_0228.uasset" 8200
"../../../Engine/Content/EngineMaterials/Substrate/Glints2/dict_0006_0229.uasset" 8201
"../../../Engine/Content/EngineMaterials/Substrate/Glints2/dict_0006_0230.uasset" 8202
"../../../Engine/Content/EngineMaterials/Substrate/Glints2/dict_0006_0231.uasset" 8203
"../../../Engine/Content/EngineMaterials/Substrate/Glints2/dict_0006_0232.uasset" 8204
"../../../Engine/Content/EngineMaterials/Substrate/Glints2/dict_0006_0233.uasset" 8205
"../../../Engine/Content/EngineMaterials/Substrate/Glints2/dict_0006_0234.uasset" 8206
"../../../Engine/Content/EngineMaterials/Substrate/Glints2/dict_0006_0235.uasset" 8207
"../../../Engine/Content/EngineMaterials/Substrate/Glints2/dict_0006_0236.uasset" 8208
"../../../Engine/Content/EngineMaterials/Substrate/Glints2/dict_0006_0237.uasset" 8209
"../../../Engine/Content/EngineMaterials/Substrate/Glints2/dict_0006_0238.uasset" 8210
"../../../Engine/Content/EngineMaterials/Substrate/Glints2/dict_0006_0239.uasset" 8211
"../../../Engine/Content/EngineMaterials/Substrate/Glints2/dict_0006_0240.uasset" 8212
"../../../Engine/Content/EngineMaterials/Substrate/Glints2/dict_0006_0241.uasset" 8213
"../../../Engine/Content/EngineMaterials/Substrate/Glints2/dict_0006_0242.uasset" 8214
"../../../Engine/Content/EngineMaterials/Substrate/Glints2/dict_0006_0243.uasset" 8215
"../../../Engine/Content/EngineMaterials/Substrate/Glints2/dict_0006_0244.uasset" 8216
"../../../Engine/Content/EngineMaterials/Substrate/Glints2/dict_0006_0245.uasset" 8217
"../../../Engine/Content/EngineMaterials/Substrate/Glints2/dict_0006_0246.uasset" 8218
"../../../Engine/Content/EngineMaterials/Substrate/Glints2/dict_0006_0247.uasset" 8219
"../../../Engine/Content/EngineMaterials/Substrate/Glints2/dict_0006_0248.uasset" 8220
"../../../Engine/Content/EngineMaterials/Substrate/Glints2/dict_0006_0249.uasset" 8221
"../../../Engine/Content/EngineMaterials/Substrate/Glints2/dict_0006_0250.uasset" 8222
"../../../Engine/Content/EngineMaterials/Substrate/Glints2/dict_0006_0251.uasset" 8223
"../../../Engine/Content/EngineMaterials/Substrate/Glints2/dict_0006_0252.uasset" 8224
"../../../Engine/Content/EngineMaterials/Substrate/Glints2/dict_0006_0253.uasset" 8225
"../../../Engine/Content/EngineMaterials/Substrate/Glints2/dict_0006_0254.uasset" 8226
"../../../Engine/Content/EngineMaterials/Substrate/Glints2/dict_0006_0255.uasset" 8227
"../../../Engine/Content/EngineMaterials/Substrate/Glints2/dict_0007_0000.uasset" 8228
"../../../Engine/Content/EngineMaterials/Substrate/Glints2/dict_0007_0001.uasset" 8229
"../../../Engine/Content/EngineMaterials/Substrate/Glints2/dict_0007_0002.uasset" 8230
"../../../Engine/Content/EngineMaterials/Substrate/Glints2/dict_0007_0003.uasset" 8231
"../../../Engine/Content/EngineMaterials/Substrate/Glints2/dict_0007_0004.uasset" 8232
"../../../Engine/Content/EngineMaterials/Substrate/Glints2/dict_0007_0005.uasset" 8233
"../../../Engine/Content/EngineMaterials/Substrate/Glints2/dict_0007_0006.uasset" 8234
"../../../Engine/Content/EngineMaterials/Substrate/Glints2/dict_0007_0007.uasset" 8235
"../../../Engine/Content/EngineMaterials/Substrate/Glints2/dict_0007_0008.uasset" 8236
"../../../Engine/Content/EngineMaterials/Substrate/Glints2/dict_0007_0009.uasset" 8237
"../../../Engine/Content/EngineMaterials/Substrate/Glints2/dict_0007_0010.uasset" 8238
"../../../Engine/Content/EngineMaterials/Substrate/Glints2/dict_0007_0011.uasset" 8239
"../../../Engine/Content/EngineMaterials/Substrate/Glints2/dict_0007_0012.uasset" 8240
"../../../Engine/Content/EngineMaterials/Substrate/Glints2/dict_0007_0013.uasset" 8241
"../../../Engine/Content/EngineMaterials/Substrate/Glints2/dict_0007_0014.uasset" 8242
"../../../Engine/Content/EngineMaterials/Substrate/Glints2/dict_0007_0015.uasset" 8243
"../../../Engine/Content/EngineMaterials/Substrate/Glints2/dict_0007_0016.uasset" 8244
"../../../Engine/Content/EngineMaterials/Substrate/Glints2/dict_0007_0017.uasset" 8245
"../../../Engine/Content/EngineMaterials/Substrate/Glints2/dict_0007_0018.uasset" 8246
"../../../Engine/Content/EngineMaterials/Substrate/Glints2/dict_0007_0019.uasset" 8247
"../../../Engine/Content/EngineMaterials/Substrate/Glints2/dict_0007_0020.uasset" 8248
"../../../Engine/Content/EngineMaterials/Substrate/Glints2/dict_0007_0021.uasset" 8249
"../../../Engine/Content/EngineMaterials/Substrate/Glints2/dict_0007_0022.uasset" 8250
"../../../Engine/Content/EngineMaterials/Substrate/Glints2/dict_0007_0023.uasset" 8251
"../../../Engine/Content/EngineMaterials/Substrate/Glints2/dict_0007_0024.uasset" 8252
"../../../Engine/Content/EngineMaterials/Substrate/Glints2/dict_0007_0025.uasset" 8253
"../../../Engine/Content/EngineMaterials/Substrate/Glints2/dict_0007_0026.uasset" 8254
"../../../Engine/Content/EngineMaterials/Substrate/Glints2/dict_0007_0027.uasset" 8255
"../../../Engine/Content/EngineMaterials/Substrate/Glints2/dict_0007_0028.uasset" 8256
"../../../Engine/Content/EngineMaterials/Substrate/Glints2/dict_0007_0029.uasset" 8257
"../../../Engine/Content/EngineMaterials/Substrate/Glints2/dict_0007_0030.uasset" 8258
"../../../Engine/Content/EngineMaterials/Substrate/Glints2/dict_0007_0031.uasset" 8259
"../../../Engine/Content/EngineMaterials/Substrate/Glints2/dict_0007_0032.uasset" 8260
"../../../Engine/Content/EngineMaterials/Substrate/Glints2/dict_0007_0033.uasset" 8261
"../../../Engine/Content/EngineMaterials/Substrate/Glints2/dict_0007_0034.uasset" 8262
"../../../Engine/Content/EngineMaterials/Substrate/Glints2/dict_0007_0035.uasset" 8263
"../../../Engine/Content/EngineMaterials/Substrate/Glints2/dict_0007_0036.uasset" 8264
"../../../Engine/Content/EngineMaterials/Substrate/Glints2/dict_0007_0037.uasset" 8265
"../../../Engine/Content/EngineMaterials/Substrate/Glints2/dict_0007_0038.uasset" 8266
"../../../Engine/Content/EngineMaterials/Substrate/Glints2/dict_0007_0039.uasset" 8267
"../../../Engine/Content/EngineMaterials/Substrate/Glints2/dict_0007_0040.uasset" 8268
"../../../Engine/Content/EngineMaterials/Substrate/Glints2/dict_0007_0041.uasset" 8269
"../../../Engine/Content/EngineMaterials/Substrate/Glints2/dict_0007_0042.uasset" 8270
"../../../Engine/Content/EngineMaterials/Substrate/Glints2/dict_0007_0043.uasset" 8271
"../../../Engine/Content/EngineMaterials/Substrate/Glints2/dict_0007_0044.uasset" 8272
"../../../Engine/Content/EngineMaterials/Substrate/Glints2/dict_0007_0045.uasset" 8273
"../../../Engine/Content/EngineMaterials/Substrate/Glints2/dict_0007_0046.uasset" 8274
"../../../Engine/Content/EngineMaterials/Substrate/Glints2/dict_0007_0047.uasset" 8275
"../../../Engine/Content/EngineMaterials/Substrate/Glints2/dict_0007_0048.uasset" 8276
"../../../Engine/Content/EngineMaterials/Substrate/Glints2/dict_0007_0049.uasset" 8277
"../../../Engine/Content/EngineMaterials/Substrate/Glints2/dict_0007_0050.uasset" 8278
"../../../Engine/Content/EngineMaterials/Substrate/Glints2/dict_0007_0051.uasset" 8279
"../../../Engine/Content/EngineMaterials/Substrate/Glints2/dict_0007_0052.uasset" 8280
"../../../Engine/Content/EngineMaterials/Substrate/Glints2/dict_0007_0053.uasset" 8281
"../../../Engine/Content/EngineMaterials/Substrate/Glints2/dict_0007_0054.uasset" 8282
"../../../Engine/Content/EngineMaterials/Substrate/Glints2/dict_0007_0055.uasset" 8283
"../../../Engine/Content/EngineMaterials/Substrate/Glints2/dict_0007_0056.uasset" 8284
"../../../Engine/Content/EngineMaterials/Substrate/Glints2/dict_0007_0057.uasset" 8285
"../../../Engine/Content/EngineMaterials/Substrate/Glints2/dict_0007_0058.uasset" 8286
"../../../Engine/Content/EngineMaterials/Substrate/Glints2/dict_0007_0059.uasset" 8287
"../../../Engine/Content/EngineMaterials/Substrate/Glints2/dict_0007_0060.uasset" 8288
"../../../Engine/Content/EngineMaterials/Substrate/Glints2/dict_0007_0061.uasset" 8289
"../../../Engine/Content/EngineMaterials/Substrate/Glints2/dict_0007_0062.uasset" 8290
"../../../Engine/Content/EngineMaterials/Substrate/Glints2/dict_0007_0063.uasset" 8291
"../../../Engine/Content/EngineMaterials/Substrate/Glints2/dict_0007_0064.uasset" 8292
"../../../Engine/Content/EngineMaterials/Substrate/Glints2/dict_0007_0065.uasset" 8293
"../../../Engine/Content/EngineMaterials/Substrate/Glints2/dict_0007_0066.uasset" 8294
"../../../Engine/Content/EngineMaterials/Substrate/Glints2/dict_0007_0067.uasset" 8295
"../../../Engine/Content/EngineMaterials/Substrate/Glints2/dict_0007_0068.uasset" 8296
"../../../Engine/Content/EngineMaterials/Substrate/Glints2/dict_0007_0069.uasset" 8297
"../../../Engine/Content/EngineMaterials/Substrate/Glints2/dict_0007_0070.uasset" 8298
"../../../Engine/Content/EngineMaterials/Substrate/Glints2/dict_0007_0071.uasset" 8299
"../../../Engine/Content/EngineMaterials/Substrate/Glints2/dict_0007_0072.uasset" 8300
"../../../Engine/Content/EngineMaterials/Substrate/Glints2/dict_0007_0073.uasset" 8301
"../../../Engine/Content/EngineMaterials/Substrate/Glints2/dict_0007_0074.uasset" 8302
"../../../Engine/Content/EngineMaterials/Substrate/Glints2/dict_0007_0075.uasset" 8303
"../../../Engine/Content/EngineMaterials/Substrate/Glints2/dict_0007_0076.uasset" 8304
"../../../Engine/Content/EngineMaterials/Substrate/Glints2/dict_0007_0077.uasset" 8305
"../../../Engine/Content/EngineMaterials/Substrate/Glints2/dict_0007_0078.uasset" 8306
"../../../Engine/Content/EngineMaterials/Substrate/Glints2/dict_0007_0079.uasset" 8307
"../../../Engine/Content/EngineMaterials/Substrate/Glints2/dict_0007_0080.uasset" 8308
"../../../Engine/Content/EngineMaterials/Substrate/Glints2/dict_0007_0081.uasset" 8309
"../../../Engine/Content/EngineMaterials/Substrate/Glints2/dict_0007_0082.uasset" 8310
"../../../Engine/Content/EngineMaterials/Substrate/Glints2/dict_0007_0083.uasset" 8311
"../../../Engine/Content/EngineMaterials/Substrate/Glints2/dict_0007_0084.uasset" 8312
"../../../Engine/Content/EngineMaterials/Substrate/Glints2/dict_0007_0085.uasset" 8313
"../../../Engine/Content/EngineMaterials/Substrate/Glints2/dict_0007_0086.uasset" 8314
"../../../Engine/Content/EngineMaterials/Substrate/Glints2/dict_0007_0087.uasset" 8315
"../../../Engine/Content/EngineMaterials/Substrate/Glints2/dict_0007_0088.uasset" 8316
"../../../Engine/Content/EngineMaterials/Substrate/Glints2/dict_0007_0089.uasset" 8317
"../../../Engine/Content/EngineMaterials/Substrate/Glints2/dict_0007_0090.uasset" 8318
"../../../Engine/Content/EngineMaterials/Substrate/Glints2/dict_0007_0091.uasset" 8319
"../../../Engine/Content/EngineMaterials/Substrate/Glints2/dict_0007_0092.uasset" 8320
"../../../Engine/Content/EngineMaterials/Substrate/Glints2/dict_0007_0093.uasset" 8321
"../../../Engine/Content/EngineMaterials/Substrate/Glints2/dict_0007_0094.uasset" 8322
"../../../Engine/Content/EngineMaterials/Substrate/Glints2/dict_0007_0095.uasset" 8323
"../../../Engine/Content/EngineMaterials/Substrate/Glints2/dict_0007_0096.uasset" 8324
"../../../Engine/Content/EngineMaterials/Substrate/Glints2/dict_0007_0097.uasset" 8325
"../../../Engine/Content/EngineMaterials/Substrate/Glints2/dict_0007_0098.uasset" 8326
"../../../Engine/Content/EngineMaterials/Substrate/Glints2/dict_0007_0099.uasset" 8327
"../../../Engine/Content/EngineMaterials/Substrate/Glints2/dict_0007_0100.uasset" 8328
"../../../Engine/Content/EngineMaterials/Substrate/Glints2/dict_0007_0101.uasset" 8329
"../../../Engine/Content/EngineMaterials/Substrate/Glints2/dict_0007_0102.uasset" 8330
"../../../Engine/Content/EngineMaterials/Substrate/Glints2/dict_0007_0103.uasset" 8331
"../../../Engine/Content/EngineMaterials/Substrate/Glints2/dict_0007_0104.uasset" 8332
"../../../Engine/Content/EngineMaterials/Substrate/Glints2/dict_0007_0105.uasset" 8333
"../../../Engine/Content/EngineMaterials/Substrate/Glints2/dict_0007_0106.uasset" 8334
"../../../Engine/Content/EngineMaterials/Substrate/Glints2/dict_0007_0107.uasset" 8335
"../../../Engine/Content/EngineMaterials/Substrate/Glints2/dict_0007_0108.uasset" 8336
"../../../Engine/Content/EngineMaterials/Substrate/Glints2/dict_0007_0109.uasset" 8337
"../../../Engine/Content/EngineMaterials/Substrate/Glints2/dict_0007_0110.uasset" 8338
"../../../Engine/Content/EngineMaterials/Substrate/Glints2/dict_0007_0111.uasset" 8339
"../../../Engine/Content/EngineMaterials/Substrate/Glints2/dict_0007_0112.uasset" 8340
"../../../Engine/Content/EngineMaterials/Substrate/Glints2/dict_0007_0113.uasset" 8341
"../../../Engine/Content/EngineMaterials/Substrate/Glints2/dict_0007_0114.uasset" 8342
"../../../Engine/Content/EngineMaterials/Substrate/Glints2/dict_0007_0115.uasset" 8343
"../../../Engine/Content/EngineMaterials/Substrate/Glints2/dict_0007_0116.uasset" 8344
"../../../Engine/Content/EngineMaterials/Substrate/Glints2/dict_0007_0117.uasset" 8345
"../../../Engine/Content/EngineMaterials/Substrate/Glints2/dict_0007_0118.uasset" 8346
"../../../Engine/Content/EngineMaterials/Substrate/Glints2/dict_0007_0119.uasset" 8347
"../../../Engine/Content/EngineMaterials/Substrate/Glints2/dict_0007_0120.uasset" 8348
"../../../Engine/Content/EngineMaterials/Substrate/Glints2/dict_0007_0121.uasset" 8349
"../../../Engine/Content/EngineMaterials/Substrate/Glints2/dict_0007_0122.uasset" 8350
"../../../Engine/Content/EngineMaterials/Substrate/Glints2/dict_0007_0123.uasset" 8351
"../../../Engine/Content/EngineMaterials/Substrate/Glints2/dict_0007_0124.uasset" 8352
"../../../Engine/Content/EngineMaterials/Substrate/Glints2/dict_0007_0125.uasset" 8353
"../../../Engine/Content/EngineMaterials/Substrate/Glints2/dict_0007_0126.uasset" 8354
"../../../Engine/Content/EngineMaterials/Substrate/Glints2/dict_0007_0127.uasset" 8355
"../../../Engine/Content/EngineMaterials/Substrate/Glints2/dict_0007_0128.uasset" 8356
"../../../Engine/Content/EngineMaterials/Substrate/Glints2/dict_0007_0129.uasset" 8357
"../../../Engine/Content/EngineMaterials/Substrate/Glints2/dict_0007_0130.uasset" 8358
"../../../Engine/Content/EngineMaterials/Substrate/Glints2/dict_0007_0131.uasset" 8359
"../../../Engine/Content/EngineMaterials/Substrate/Glints2/dict_0007_0132.uasset" 8360
"../../../Engine/Content/EngineMaterials/Substrate/Glints2/dict_0007_0133.uasset" 8361
"../../../Engine/Content/EngineMaterials/Substrate/Glints2/dict_0007_0134.uasset" 8362
"../../../Engine/Content/EngineMaterials/Substrate/Glints2/dict_0007_0135.uasset" 8363
"../../../Engine/Content/EngineMaterials/Substrate/Glints2/dict_0007_0136.uasset" 8364
"../../../Engine/Content/EngineMaterials/Substrate/Glints2/dict_0007_0137.uasset" 8365
"../../../Engine/Content/EngineMaterials/Substrate/Glints2/dict_0007_0138.uasset" 8366
"../../../Engine/Content/EngineMaterials/Substrate/Glints2/dict_0007_0139.uasset" 8367
"../../../Engine/Content/EngineMaterials/Substrate/Glints2/dict_0007_0140.uasset" 8368
"../../../Engine/Content/EngineMaterials/Substrate/Glints2/dict_0007_0141.uasset" 8369
"../../../Engine/Content/EngineMaterials/Substrate/Glints2/dict_0007_0142.uasset" 8370
"../../../Engine/Content/EngineMaterials/Substrate/Glints2/dict_0007_0143.uasset" 8371
"../../../Engine/Content/EngineMaterials/Substrate/Glints2/dict_0007_0144.uasset" 8372
"../../../Engine/Content/EngineMaterials/Substrate/Glints2/dict_0007_0145.uasset" 8373
"../../../Engine/Content/EngineMaterials/Substrate/Glints2/dict_0007_0146.uasset" 8374
"../../../Engine/Content/EngineMaterials/Substrate/Glints2/dict_0007_0147.uasset" 8375
"../../../Engine/Content/EngineMaterials/Substrate/Glints2/dict_0007_0148.uasset" 8376
"../../../Engine/Content/EngineMaterials/Substrate/Glints2/dict_0007_0149.uasset" 8377
"../../../Engine/Content/EngineMaterials/Substrate/Glints2/dict_0007_0150.uasset" 8378
"../../../Engine/Content/EngineMaterials/Substrate/Glints2/dict_0007_0151.uasset" 8379
"../../../Engine/Content/EngineMaterials/Substrate/Glints2/dict_0007_0152.uasset" 8380
"../../../Engine/Content/EngineMaterials/Substrate/Glints2/dict_0007_0153.uasset" 8381
"../../../Engine/Content/EngineMaterials/Substrate/Glints2/dict_0007_0154.uasset" 8382
"../../../Engine/Content/EngineMaterials/Substrate/Glints2/dict_0007_0155.uasset" 8383
"../../../Engine/Content/EngineMaterials/Substrate/Glints2/dict_0007_0156.uasset" 8384
"../../../Engine/Content/EngineMaterials/Substrate/Glints2/dict_0007_0157.uasset" 8385
"../../../Engine/Content/EngineMaterials/Substrate/Glints2/dict_0007_0158.uasset" 8386
"../../../Engine/Content/EngineMaterials/Substrate/Glints2/dict_0007_0159.uasset" 8387
"../../../Engine/Content/EngineMaterials/Substrate/Glints2/dict_0007_0160.uasset" 8388
"../../../Engine/Content/EngineMaterials/Substrate/Glints2/dict_0007_0161.uasset" 8389
"../../../Engine/Content/EngineMaterials/Substrate/Glints2/dict_0007_0162.uasset" 8390
"../../../Engine/Content/EngineMaterials/Substrate/Glints2/dict_0007_0163.uasset" 8391
"../../../Engine/Content/EngineMaterials/Substrate/Glints2/dict_0007_0164.uasset" 8392
"../../../Engine/Content/EngineMaterials/Substrate/Glints2/dict_0007_0165.uasset" 8393
"../../../Engine/Content/EngineMaterials/Substrate/Glints2/dict_0007_0166.uasset" 8394
"../../../Engine/Content/EngineMaterials/Substrate/Glints2/dict_0007_0167.uasset" 8395
"../../../Engine/Content/EngineMaterials/Substrate/Glints2/dict_0007_0168.uasset" 8396
"../../../Engine/Content/EngineMaterials/Substrate/Glints2/dict_0007_0169.uasset" 8397
"../../../Engine/Content/EngineMaterials/Substrate/Glints2/dict_0007_0170.uasset" 8398
"../../../Engine/Content/EngineMaterials/Substrate/Glints2/dict_0007_0171.uasset" 8399
"../../../Engine/Content/EngineMaterials/Substrate/Glints2/dict_0007_0172.uasset" 8400
"../../../Engine/Content/EngineMaterials/Substrate/Glints2/dict_0007_0173.uasset" 8401
"../../../Engine/Content/EngineMaterials/Substrate/Glints2/dict_0007_0174.uasset" 8402
"../../../Engine/Content/EngineMaterials/Substrate/Glints2/dict_0007_0175.uasset" 8403
"../../../Engine/Content/EngineMaterials/Substrate/Glints2/dict_0007_0176.uasset" 8404
"../../../Engine/Content/EngineMaterials/Substrate/Glints2/dict_0007_0177.uasset" 8405
"../../../Engine/Content/EngineMaterials/Substrate/Glints2/dict_0007_0178.uasset" 8406
"../../../Engine/Content/EngineMaterials/Substrate/Glints2/dict_0007_0179.uasset" 8407
"../../../Engine/Content/EngineMaterials/Substrate/Glints2/dict_0007_0180.uasset" 8408
"../../../Engine/Content/EngineMaterials/Substrate/Glints2/dict_0007_0181.uasset" 8409
"../../../Engine/Content/EngineMaterials/Substrate/Glints2/dict_0007_0182.uasset" 8410
"../../../Engine/Content/EngineMaterials/Substrate/Glints2/dict_0007_0183.uasset" 8411
"../../../Engine/Content/EngineMaterials/Substrate/Glints2/dict_0007_0184.uasset" 8412
"../../../Engine/Content/EngineMaterials/Substrate/Glints2/dict_0007_0185.uasset" 8413
"../../../Engine/Content/EngineMaterials/Substrate/Glints2/dict_0007_0186.uasset" 8414
"../../../Engine/Content/EngineMaterials/Substrate/Glints2/dict_0007_0187.uasset" 8415
"../../../Engine/Content/EngineMaterials/Substrate/Glints2/dict_0007_0188.uasset" 8416
"../../../Engine/Content/EngineMaterials/Substrate/Glints2/dict_0007_0189.uasset" 8417
"../../../Engine/Content/EngineMaterials/Substrate/Glints2/dict_0007_0190.uasset" 8418
"../../../Engine/Content/EngineMaterials/Substrate/Glints2/dict_0007_0191.uasset" 8419
"../../../Engine/Content/EngineMaterials/Substrate/Glints2/dict_0007_0192.uasset" 8420
"../../../Engine/Content/EngineMaterials/Substrate/Glints2/dict_0007_0193.uasset" 8421
"../../../Engine/Content/EngineMaterials/Substrate/Glints2/dict_0007_0194.uasset" 8422
"../../../Engine/Content/EngineMaterials/Substrate/Glints2/dict_0007_0195.uasset" 8423
"../../../Engine/Content/EngineMaterials/Substrate/Glints2/dict_0007_0196.uasset" 8424
"../../../Engine/Content/EngineMaterials/Substrate/Glints2/dict_0007_0197.uasset" 8425
"../../../Engine/Content/EngineMaterials/Substrate/Glints2/dict_0007_0198.uasset" 8426
"../../../Engine/Content/EngineMaterials/Substrate/Glints2/dict_0007_0199.uasset" 8427
"../../../Engine/Content/EngineMaterials/Substrate/Glints2/dict_0007_0200.uasset" 8428
"../../../Engine/Content/EngineMaterials/Substrate/Glints2/dict_0007_0201.uasset" 8429
"../../../Engine/Content/EngineMaterials/Substrate/Glints2/dict_0007_0202.uasset" 8430
"../../../Engine/Content/EngineMaterials/Substrate/Glints2/dict_0007_0203.uasset" 8431
"../../../Engine/Content/EngineMaterials/Substrate/Glints2/dict_0007_0204.uasset" 8432
"../../../Engine/Content/EngineMaterials/Substrate/Glints2/dict_0007_0205.uasset" 8433
"../../../Engine/Content/EngineMaterials/Substrate/Glints2/dict_0007_0206.uasset" 8434
"../../../Engine/Content/EngineMaterials/Substrate/Glints2/dict_0007_0207.uasset" 8435
"../../../Engine/Content/EngineMaterials/Substrate/Glints2/dict_0007_0208.uasset" 8436
"../../../Engine/Content/EngineMaterials/Substrate/Glints2/dict_0007_0209.uasset" 8437
"../../../Engine/Content/EngineMaterials/Substrate/Glints2/dict_0007_0210.uasset" 8438
"../../../Engine/Content/EngineMaterials/Substrate/Glints2/dict_0007_0211.uasset" 8439
"../../../Engine/Content/EngineMaterials/Substrate/Glints2/dict_0007_0212.uasset" 8440
"../../../Engine/Content/EngineMaterials/Substrate/Glints2/dict_0007_0213.uasset" 8441
"../../../Engine/Content/EngineMaterials/Substrate/Glints2/dict_0007_0214.uasset" 8442
"../../../Engine/Content/EngineMaterials/Substrate/Glints2/dict_0007_0215.uasset" 8443
"../../../Engine/Content/EngineMaterials/Substrate/Glints2/dict_0007_0216.uasset" 8444
"../../../Engine/Content/EngineMaterials/Substrate/Glints2/dict_0007_0217.uasset" 8445
"../../../Engine/Content/EngineMaterials/Substrate/Glints2/dict_0007_0218.uasset" 8446
"../../../Engine/Content/EngineMaterials/Substrate/Glints2/dict_0007_0219.uasset" 8447
"../../../Engine/Content/EngineMaterials/Substrate/Glints2/dict_0007_0220.uasset" 8448
"../../../Engine/Content/EngineMaterials/Substrate/Glints2/dict_0007_0221.uasset" 8449
"../../../Engine/Content/EngineMaterials/Substrate/Glints2/dict_0007_0222.uasset" 8450
"../../../Engine/Content/EngineMaterials/Substrate/Glints2/dict_0007_0223.uasset" 8451
"../../../Engine/Content/EngineMaterials/Substrate/Glints2/dict_0007_0224.uasset" 8452
"../../../Engine/Content/EngineMaterials/Substrate/Glints2/dict_0007_0225.uasset" 8453
"../../../Engine/Content/EngineMaterials/Substrate/Glints2/dict_0007_0226.uasset" 8454
"../../../Engine/Content/EngineMaterials/Substrate/Glints2/dict_0007_0227.uasset" 8455
"../../../Engine/Content/EngineMaterials/Substrate/Glints2/dict_0007_0228.uasset" 8456
"../../../Engine/Content/EngineMaterials/Substrate/Glints2/dict_0007_0229.uasset" 8457
"../../../Engine/Content/EngineMaterials/Substrate/Glints2/dict_0007_0230.uasset" 8458
"../../../Engine/Content/EngineMaterials/Substrate/Glints2/dict_0007_0231.uasset" 8459
"../../../Engine/Content/EngineMaterials/Substrate/Glints2/dict_0007_0232.uasset" 8460
"../../../Engine/Content/EngineMaterials/Substrate/Glints2/dict_0007_0233.uasset" 8461
"../../../Engine/Content/EngineMaterials/Substrate/Glints2/dict_0007_0234.uasset" 8462
"../../../Engine/Content/EngineMaterials/Substrate/Glints2/dict_0007_0235.uasset" 8463
"../../../Engine/Content/EngineMaterials/Substrate/Glints2/dict_0007_0236.uasset" 8464
"../../../Engine/Content/EngineMaterials/Substrate/Glints2/dict_0007_0237.uasset" 8465
"../../../Engine/Content/EngineMaterials/Substrate/Glints2/dict_0007_0238.uasset" 8466
"../../../Engine/Content/EngineMaterials/Substrate/Glints2/dict_0007_0239.uasset" 8467
"../../../Engine/Content/EngineMaterials/Substrate/Glints2/dict_0007_0240.uasset" 8468
"../../../Engine/Content/EngineMaterials/Substrate/Glints2/dict_0007_0241.uasset" 8469
"../../../Engine/Content/EngineMaterials/Substrate/Glints2/dict_0007_0242.uasset" 8470
"../../../Engine/Content/EngineMaterials/Substrate/Glints2/dict_0007_0243.uasset" 8471
"../../../Engine/Content/EngineMaterials/Substrate/Glints2/dict_0007_0244.uasset" 8472
"../../../Engine/Content/EngineMaterials/Substrate/Glints2/dict_0007_0245.uasset" 8473
"../../../Engine/Content/EngineMaterials/Substrate/Glints2/dict_0007_0246.uasset" 8474
"../../../Engine/Content/EngineMaterials/Substrate/Glints2/dict_0007_0247.uasset" 8475
"../../../Engine/Content/EngineMaterials/Substrate/Glints2/dict_0007_0248.uasset" 8476
"../../../Engine/Content/EngineMaterials/Substrate/Glints2/dict_0007_0249.uasset" 8477
"../../../Engine/Content/EngineMaterials/Substrate/Glints2/dict_0007_0250.uasset" 8478
"../../../Engine/Content/EngineMaterials/Substrate/Glints2/dict_0007_0251.uasset" 8479
"../../../Engine/Content/EngineMaterials/Substrate/Glints2/dict_0007_0252.uasset" 8480
"../../../Engine/Content/EngineMaterials/Substrate/Glints2/dict_0007_0253.uasset" 8481
"../../../Engine/Content/EngineMaterials/Substrate/Glints2/dict_0007_0254.uasset" 8482
"../../../Engine/Content/EngineMaterials/Substrate/Glints2/dict_0007_0255.uasset" 8483
"/Engine/EngineMaterials/Substrate/Volume/SubstrateSimpleVolumeLUT3D" 8484
"../../../Engine/Content/EngineMaterials/Substrate/Volume/SubstrateSimpleVolumeLUT2D.uasset" 8485
"C:/Users/j/Documents/GitHub/UnrealProject/Content/Virtual_Studio_Kit/Materials/Glossy/M_Glossy_Floor.uasset" 8486
"C:/Users/j/Documents/GitHub/UnrealProject/Content/Virtual_Studio_Kit/Materials/Glass/M_Glass_Master.uasset" 8487
"C:/Users/j/Documents/GitHub/UnrealProject/Content/material/MT_OutLine.uasset" 8488
"C:/Users/j/Documents/GitHub/UnrealProject/Content/Virtual_Studio_Kit/Materials/Glossy/MI_Glossy_Inst_Inst1.uasset" 8489
"C:/Users/j/Documents/GitHub/UnrealProject/Content/Virtual_Studio_Kit/Materials/Glossy/MI_Glossy_Inst_Inst.uasset" 8490
"C:/Users/j/Documents/GitHub/UnrealProject/Content/Virtual_Studio_Kit/Textures/Video/WallPlayerSetup.uasset" 8491
"C:/Users/j/Documents/GitHub/UnrealProject/Content/ParagonGideon/Characters/Global/MaterialFunctions/MaterialLayerConstructors/MLC_ScratchAndGrime.uasset" 8492
"C:/Users/j/Documents/GitHub/UnrealProject/Content/Virtual_Studio_Kit/Materials/Glow/M_Glow_Master.uasset" 8493
"C:/Users/j/Documents/GitHub/UnrealProject/Content/ParagonAurora/Characters/Global/MaterialFunctions/MaterialLayerConstructors/MLC_ScratchAndGrime.uasset" 8494
"../../../Engine/Content/Functions/Engine_MaterialFunctions01/ImageAdjustment/SceneTextureAverage.uasset" 8495
"C:/Users/j/Documents/GitHub/UnrealProject/Content/Blood_Magic/Materials/M_Blood_Magic_Smoke.uasset" 8496
"C:/Users/j/Documents/GitHub/UnrealProject/Content/ParagonGideon/Characters/Heroes/Gideon/Textures/T_Gideon_Head_Color.uasset" 8497
"C:/Users/j/Documents/GitHub/UnrealProject/Content/ParagonGideon/Characters/Global/MaterialLayers/Leather/T_ML_FineLeather01.uasset" 8498
"C:/Users/j/Documents/GitHub/UnrealProject/Content/ParagonSteel/Characters/Global/MaterialFunctions/MaterialLayerConstructors/MLC_ScratchAndGrime.uasset" 8499
"/Game/material/MT_OutLine" 8500
"C:/Users/j/Documents/GitHub/UnrealProject/Content/Blood_Magic/Materials/Slash/M_Blood_Magic_Slash2.uasset" 8501
"C:/Users/j/Documents/GitHub/UnrealProject/Content/Blood_Magic/Materials/Plane/M_Blood_Magic_Plane2.uasset" 8502
"C:/Users/j/Documents/GitHub/UnrealProject/Content/ParagonGreystone/Characters/Global/MaterialFunctions/MF_MatLayerBlend_StandardWithBaseNormal.uasset" 8503
"C:/Users/j/Documents/GitHub/UnrealProject/Content/Blood_Magic/Materials/M_Blood_Magic_Ray.uasset" 8504
"C:/Users/j/Documents/GitHub/UnrealProject/Content/ParagonGideon/Characters/Global/MaterialLayers/Metal/T_RoughMetal01.uasset" 8505
"C:/Users/j/Documents/GitHub/UnrealProject/Content/ParagonGideon/Characters/Global/MaterialLayers/Leather/T_T_Worn_Under_Leather.uasset" 8506
"C:/Users/j/Documents/GitHub/UnrealProject/Content/ParagonGideon/Characters/Heroes/Gideon/Materials/ML_LightGold.uasset" 8507
"C:/Users/j/Documents/GitHub/UnrealProject/Content/ParagonGideon/Characters/Heroes/Gideon/Materials/MF_Gideon_RingDissolve.uasset" 8508
"C:/Users/j/Documents/GitHub/UnrealProject/Content/ParagonGreystone/Characters/Global/MaterialFunctions/MaterialLayerConstructors/MLC_ScratchAndGrime.uasset" 8509
"C:/Users/j/Documents/GitHub/UnrealProject/Content/ParagonGideon/Characters/Global/MaterialLayers/Fabric/T_FineFabric01.uasset" 8510
"C:/Users/j/Documents/GitHub/UnrealProject/Content/__GroundAttackVFX/_GenericSource/SFX/sfx_Hit_hammer_Cue_LavaRock.uasset" 8511
"C:/Users/j/Documents/GitHub/UnrealProject/Content/ParagonAurora/Characters/Heroes/Aurora/Textures/T_Aurora_SkinFace_Color.uasset" 8512
"C:/Users/j/Documents/GitHub/UnrealProject/Content/__GroundAttackVFX/_GenericSource/SFX/Sfx_Ice_born_Cue.uasset" 8513
"C:/Users/j/Documents/GitHub/UnrealProject/Content/Blood_Magic/Materials/M_Blood_Magic_Spiral1.uasset" 8514
"C:/Users/j/Documents/GitHub/UnrealProject/Content/__GroundAttackVFX/_GenericSource/SFX/Sfx_Flame_splash_high_Cue.uasset" 8515
"C:/Users/j/Documents/GitHub/UnrealProject/Content/Blood_Magic/Materials/Slash/M_Blood_Magic_Slash1.uasset" 8516
"../../../Engine/Content/Functions/MaterialLayerFunctions/MatLayerBlend_BakedNormal.uasset" 8517
"/Game/Virtual_Studio_Kit/Materials/Glass/M_Glass_Master" 8518
"/Game/Virtual_Studio_Kit/Materials/Glossy/M_Glossy_Floor" 8519
"/Game/Virtual_Studio_Kit/Materials/Decals/M_Decal_Logo" 8520
"C:/Users/j/Documents/GitHub/UnrealProject/Content/__GroundAttackVFX/_GenericSource/Material/M_Vfx_BrustRay.uasset" 8521
"/Game/Blood_Magic/Materials/Slash/M_Blood_Magic_Slash2" 8522
"/Game/Blood_Magic/Materials/Plane/M_Blood_Magic_Plane2" 8523
"/Game/Blood_Magic/Materials/Slash/M_Blood_Magic_Slash1" 8524
"/Game/Blood_Magic/Materials/M_Blood_Magic_Spiral1" 8525
"/Game/Blood_Magic/Materials/M_Blood_Magic_Ray" 8526
"/Game/Blood_Magic/Materials/M_Blood_Magic_Smoke" 8527
"/Game/ParagonAurora/Characters/Heroes/Aurora/Textures/T_Aurora_SkinFace_Color" 8528
"/Game/ParagonGideon/Characters/Heroes/Gideon/Textures/T_Gideon_Head_Color" 8529
"/Engine/Functions/Engine_MaterialFunctions01/ImageAdjustment/SceneTextureAverage" 8530
"/Game/ParagonGideon/Characters/Heroes/Gideon/Materials/MF_Gideon_RingDissolve" 8531
"/Game/ParagonGideon/Characters/Global/MaterialLayers/Fabric/T_FineFabric01" 8532
"/Game/ParagonGideon/Characters/Global/MaterialLayers/Leather/T_T_Worn_Under_Leather" 8533
"/Game/ParagonGideon/Characters/Global/MaterialLayers/Leather/T_ML_FineLeather01" 8534
"/Game/ParagonGideon/Characters/Global/MaterialLayers/Metal/T_RoughMetal01" 8535
"/Game/ParagonGreystone/Characters/Global/MaterialFunctions/MF_MatLayerBlend_StandardWithBaseNormal" 8536
"/Engine/Functions/MaterialLayerFunctions/MatLayerBlend_BakedNormal" 8537
"/Game/ParagonGideon/Characters/Heroes/Gideon/Materials/ML_LightGold" 8538
"/Game/ParagonSteel/Characters/Global/MaterialFunctions/MaterialLayerConstructors/MLC_ScratchAndGrime" 8539
"/Game/__GroundAttackVFX/_GenericSource/SFX/Sfx_Flame_splash_high_Cue" 8540
"/Game/ParagonAurora/Characters/Global/MaterialFunctions/MaterialLayerConstructors/MLC_ScratchAndGrime" 8541
"/Game/ParagonGreystone/Characters/Global/MaterialFunctions/MaterialLayerConstructors/MLC_ScratchAndGrime" 8542
"/Game/ParagonGideon/Characters/Global/MaterialFunctions/MaterialLayerConstructors/MLC_ScratchAndGrime" 8543
"/Game/Virtual_Studio_Kit/Materials/Glossy/MI_Glossy_Inst_Inst" 8544
"/Game/Virtual_Studio_Kit/Materials/Glossy/MI_Glossy_Inst_Inst1" 8545
"/Game/Virtual_Studio_Kit/Materials/Glow/M_Glow_Master" 8546
"/Game/Virtual_Studio_Kit/Textures/Video/WallPlayerSetup" 8547
"/Game/__GroundAttackVFX/_GenericSource/SFX/sfx_Hit_hammer_Cue_LavaRock" 8548
"/Game/__GroundAttackVFX/_GenericSource/SFX/Sfx_Ice_born_Cue" 8549
"C:/Users/j/Documents/GitHub/UnrealProject/Content/__GroundAttackVFX/_GenericSource/Material/M_Vfx_Basic_AA.uasset" 8550
"C:/Users/j/Documents/GitHub/UnrealProject/Content/Blood_Magic/Materials/M_Blood_Magic_Circle.uasset" 8551
"C:/Users/j/Documents/GitHub/UnrealProject/Content/IceMagicSkill_v01/Material/M_Smoke_8x8.uasset" 8552
"C:/Users/j/Documents/GitHub/UnrealProject/Content/IceMagicSkill_v01/Material/M_IceMesh.uasset" 8553
"C:/Users/j/Documents/GitHub/UnrealProject/Content/__GroundAttackVFX/_GenericSource/SFX/Sfx_Ice_ball_Cue.uasset" 8554
"C:/Users/j/Documents/GitHub/UnrealProject/Content/Aura_Character/Material/M_OilFire_8x8.uasset" 8555
"C:/Users/j/Documents/GitHub/UnrealProject/Content/Blood_Magic/Materials/Mesh/M_Blood_Magic_Crystal1.uasset" 8556
"C:/Users/j/Documents/GitHub/UnrealProject/Content/IceMagicSkill_v01/Material/M_IceFloor.uasset" 8557
"C:/Users/j/Documents/GitHub/UnrealProject/Content/ParagonSteel/Characters/Global/MaterialLayers/Synthetics/T_ML_PlasticPattern01.uasset" 8558
"C:/Users/j/Documents/GitHub/UnrealProject/Content/ParagonSteel/Characters/Global/MaterialFunctions/MF_SkinPores.uasset" 8559
"C:/Users/j/Documents/GitHub/UnrealProject/Content/ParagonSteel/Characters/Global/MaterialLayers/Leather/T_ML_FineLeather01.uasset" 8560
"C:/Users/j/Documents/GitHub/UnrealProject/Content/BeamsPack/Materials/M_Lightning.uasset" 8561
"C:/Users/j/Documents/GitHub/UnrealProject/Content/ParagonSteel/Characters/Global/MaterialLayers/Rubber/T_Rubber_2.uasset" 8562
"C:/Users/j/Documents/GitHub/UnrealProject/Content/BeamsPack/Materials/M_BlackHOle.uasset" 8563
"C:/Users/j/Documents/GitHub/UnrealProject/Content/Virtual_Studio_Kit/Materials/M_Metal_Chrome.uasset" 8564
"C:/Users/j/Documents/GitHub/UnrealProject/Content/AdvancedPortalsSystemVFX/Materials/M_Portal_Energy.uasset" 8565
"C:/Users/j/Documents/GitHub/UnrealProject/Content/BeamsPack/Materials/M_GlowBase_02.uasset" 8566
"C:/Users/j/Documents/GitHub/UnrealProject/Content/BeamsPack/Materials/M_Vertex.uasset" 8567
"C:/Users/j/Documents/GitHub/UnrealProject/Content/BeamsPack/Materials/M_GlowBase.uasset" 8568
"C:/Users/j/Documents/GitHub/UnrealProject/Content/ParagonSteel/Characters/Heroes/Steel/Meshes/Steel_Physics.uasset" 8569
"/Game/Blood_Magic/Materials/M_Blood_Magic_Circle" 8570
"C:/Users/j/Documents/GitHub/UnrealProject/Content/AdvancedPortalsSystemVFX/Demo/Glow_MI/MI_Glow_01.uasset" 8571
"C:/Users/j/Documents/GitHub/UnrealProject/Content/BeamsPack/Materials/M_Distortion.uasset" 8572
"C:/Users/j/Documents/GitHub/UnrealProject/Content/Blood_Magic/Materials/Mesh/M_Blood_Magic_Spike.uasset" 8573
"C:/Users/j/Documents/GitHub/UnrealProject/Content/__GroundAttackVFX/_GenericSource/Material/M_Vfx_Basic.uasset" 8574
"C:/Users/j/Documents/GitHub/UnrealProject/Content/__GroundAttackVFX/_GenericSource/Material/M_Vfx_Stuff_Debris.uasset" 8575
"C:/Users/j/Documents/GitHub/UnrealProject/Content/ParagonSteel/Characters/Global/MaterialLayers/Metal/ML_LightGold.uasset" 8576
"C:/Users/j/Documents/GitHub/UnrealProject/Content/ParagonSteel/Characters/Heroes/Steel/Materials/M_SteelTeeth.uasset" 8577
"C:/Users/j/Documents/GitHub/UnrealProject/Content/Basic_VFX/Mesh/SM_SPhere.uasset" 8578
"C:/Users/j/Documents/GitHub/UnrealProject/Content/AdvancedPortalsSystemVFX/Materials/M_Heat_Distortion.uasset" 8579
"C:/Users/j/Documents/GitHub/UnrealProject/Content/__GroundAttackVFX/_GenericSource/SFX/Sfx_Hit_Ground_Hammer_Cue_Rock.uasset" 8580
"C:/Users/j/Documents/GitHub/UnrealProject/Content/ParagonSteel/Characters/Global/MaterialLayers/Metal/T_RoughMetal01.uasset" 8581
"/Game/__GroundAttackVFX/_GenericSource/Material/M_Vfx_Basic_AA" 8582
"/Game/__GroundAttackVFX/_GenericSource/Material/M_Vfx_BrustRay" 8583
"C:/Users/j/Documents/GitHub/UnrealProject/Content/Virtual_Studio_Kit/Materials/Concrete/M_Concrete.uasset" 8584
"/Game/BeamsPack/Materials/M_Vertex" 8585
"/Game/BeamsPack/Materials/M_GlowBase_02" 8586
"/Game/BeamsPack/Materials/M_GlowBase" 8587
"/Game/BeamsPack/Materials/M_Lightning" 8588
"/Game/BeamsPack/Materials/M_Distortion" 8589
"/Game/BeamsPack/Materials/M_BlackHOle" 8590
"/Game/ParagonSteel/Characters/Heroes/Steel/Meshes/Steel_Physics" 8591
"/Game/ParagonSteel/Characters/Heroes/Steel/Materials/M_SteelTeeth" 8592
"/Game/ParagonSteel/Characters/Global/MaterialFunctions/MF_SkinPores" 8593
"/Game/ParagonSteel/Characters/Global/MaterialLayers/Leather/T_ML_FineLeather01" 8594
"/Game/ParagonSteel/Characters/Global/MaterialLayers/Synthetics/T_ML_PlasticPattern01" 8595
"/Game/ParagonSteel/Characters/Global/MaterialLayers/Metal/T_RoughMetal01" 8596
"/Game/ParagonSteel/Characters/Global/MaterialLayers/Rubber/T_Rubber_2" 8597
"/Game/ParagonSteel/Characters/Global/MaterialLayers/Metal/ML_LightGold" 8598
"/Game/AdvancedPortalsSystemVFX/Demo/Glow_MI/MI_Glow_01" 8599
"/Game/AdvancedPortalsSystemVFX/Materials/M_Heat_Distortion" 8600
"/Game/AdvancedPortalsSystemVFX/Materials/M_Portal_Energy" 8601
"/Game/Aura_Character/Material/M_OilFire_8x8" 8602
"/Game/Blood_Magic/Materials/Mesh/M_Blood_Magic_Crystal1" 8603
"/Game/__GroundAttackVFX/_GenericSource/SFX/Sfx_Ice_ball_Cue" 8604
"/Game/Blood_Magic/Materials/Mesh/M_Blood_Magic_Spike" 8605
"/Game/IceMagicSkill_v01/Material/M_IceMesh" 8606
"/Game/IceMagicSkill_v01/Material/M_Smoke_8x8" 8607
"/Game/IceMagicSkill_v01/Material/M_IceFloor" 8608
"/Game/Virtual_Studio_Kit/Materials/M_Metal_Chrome" 8609
"/Game/Basic_VFX/Mesh/SM_SPhere" 8610
"/Game/__GroundAttackVFX/_GenericSource/SFX/Sfx_Hit_Ground_Hammer_Cue_Rock" 8611
"/Game/__GroundAttackVFX/_GenericSource/Material/M_Vfx_Stuff_Debris" 8612
"/Game/__GroundAttackVFX/_GenericSource/Material/M_Vfx_Basic" 8613
"C:/Users/j/Documents/GitHub/UnrealProject/Content/Virtual_Studio_Kit/Materials/LEDWalls/DesignA/M_Mon_A.uasset" 8614
"C:/Users/j/Documents/GitHub/UnrealProject/Content/Virtual_Studio_Kit/Materials/LEDWalls/M_Monitor.uasset" 8615
"C:/Users/j/Documents/GitHub/UnrealProject/Content/Virtual_Studio_Kit/Materials/Glass/M_Glass.uasset" 8616
"C:/Users/j/Documents/GitHub/UnrealProject/Content/ParagonGreystone/Characters/Global/MaterialFunctions/MaterialLayerConstructors/MLC_Standard.uasset" 8617
"C:/Users/j/Documents/GitHub/UnrealProject/Content/ParagonGideon/Characters/Global/MaterialLayers/Painted/T_Cream_Paint_D.uasset" 8618
"C:/Users/j/Documents/GitHub/UnrealProject/Content/ParagonGreystone/Characters/Heroes/Greystone/Materials/mf_Greystone_shield_Emissives.uasset" 8619
"C:/Users/j/Documents/GitHub/UnrealProject/Content/ParagonGreystone/Characters/Heroes/Greystone/Materials/MF_GreystoneEffects.uasset" 8620
"C:/Users/j/Documents/GitHub/UnrealProject/Content/ParagonGreystone/Characters/Global/MaterialLayers/Leather/T_Dark_Leather2_desat.uasset" 8621
"C:/Users/j/Documents/GitHub/UnrealProject/Content/Virtual_Studio_Kit/Meshes/Props/Fresnel/M_Prop.uasset" 8622
"C:/Users/j/Documents/GitHub/UnrealProject/Content/ParagonGreystone/Characters/Global/MaterialFunctions/MF_SkinPores.uasset" 8623
"C:/Users/j/Documents/GitHub/UnrealProject/Content/ParagonGreystone/Characters/Global/MaterialFunctions/MF_OrionCharacterAO.uasset" 8624
"C:/Users/j/Documents/GitHub/UnrealProject/Content/ParagonAurora/Characters/Global/MaterialLayers/Special/MF_IcyNoise.uasset" 8625
"/Game/Virtual_Studio_Kit/Materials/Concrete/M_Concrete" 8626
"C:/Users/j/Documents/GitHub/UnrealProject/Content/ParagonGideon/Characters/Global/MaterialFunctions/MF_OrionCharacterAO.uasset" 8627
"C:/Users/j/Documents/GitHub/UnrealProject/Content/ParagonAurora/Characters/Global/MaterialFunctions/MF_SkinPores.uasset" 8628
"C:/Users/j/Documents/GitHub/UnrealProject/Content/ParagonGideon/Characters/Global/MaterialFunctions/MF_SkinPores.uasset" 8629
"C:/Users/j/Documents/GitHub/UnrealProject/Content/ParagonAurora/Characters/Global/MaterialLayers/ML__Blank.uasset" 8630
"C:/Users/j/Documents/GitHub/UnrealProject/Content/ParagonAurora/Characters/Heroes/Aurora/Textures/T_Aurora_BodySkin_RGB.uasset" 8631
"C:/Users/j/Documents/GitHub/UnrealProject/Content/Virtual_Studio_Kit/Materials/Glow/M_Circle_Light.uasset" 8632
"C:/Users/j/Documents/GitHub/UnrealProject/Content/ParagonGideon/Characters/Global/MaterialLayers/ML__Blank.uasset" 8633
"C:/Users/j/Documents/GitHub/UnrealProject/Content/ParagonAurora/Characters/Global/MaterialLayers/Events/WinterHoliday2016/ML_WinterFrost_1.uasset" 8634
"C:/Users/j/Documents/GitHub/UnrealProject/Content/Virtual_Studio_Kit/Materials/LEDWalls/Paragon/M_Duratran.uasset" 8635
"C:/Users/j/Documents/GitHub/UnrealProject/Content/ParagonAurora/Characters/Global/MaterialLayers/Metal/T_hardmetal2_D.uasset" 8636
"C:/Users/j/Documents/GitHub/UnrealProject/Content/ParagonGreystone/Characters/Global/MaterialFunctions/MF_ClothShading.uasset" 8637
"C:/Users/j/Documents/GitHub/UnrealProject/Content/ParagonSteel/Characters/Global/MaterialFunctions/MaterialLayerConstructors/MLC_Standard.uasset" 8638
"C:/Users/j/Documents/GitHub/UnrealProject/Content/ParagonAurora/Characters/Global/MaterialFunctions/MaterialLayerConstructors/MLC_Standard.uasset" 8639
"C:/Users/j/Documents/GitHub/UnrealProject/Content/ParagonGreystone/Characters/Global/MaterialLayers/ML__Blank.uasset" 8640
"C:/Users/j/Documents/GitHub/UnrealProject/Content/ParagonAurora/Characters/Global/MaterialLayers/Leather/T_ML_FineLeather01.uasset" 8641
"C:/Users/j/Documents/GitHub/UnrealProject/Content/ParagonGreystone/Characters/Global/MaterialLayers/Leather/T_Synthetic_Leather01_D.uasset" 8642
"C:/Users/j/Documents/GitHub/UnrealProject/Content/ParagonAurora/Characters/Global/MaterialFunctions/MF_OrionCharacterAO.uasset" 8643
"C:/Users/j/Documents/GitHub/UnrealProject/Content/ParagonAurora/Characters/Global/MaterialFunctions/MF_ThresholdMask.uasset" 8644
"C:/Users/j/Documents/GitHub/UnrealProject/Content/ParagonGideon/Characters/Global/MaterialFunctions/MaterialLayerConstructors/MLC_Standard.uasset" 8645
"C:/Users/j/Documents/GitHub/UnrealProject/Content/ParagonAurora/Characters/Global/MaterialLayers/Metal/ML_Precious_Metal_Old.uasset" 8646
"/Game/ParagonAurora/Characters/Global/MaterialFunctions/MF_ThresholdMask" 8647
"/Game/ParagonAurora/Characters/Global/MaterialLayers/ML__Blank" 8648
"/Game/ParagonAurora/Characters/Global/MaterialLayers/Special/MF_IcyNoise" 8649
"/Game/ParagonAurora/Characters/Global/MaterialLayers/Leather/T_ML_FineLeather01" 8650
"/Game/ParagonAurora/Characters/Global/MaterialFunctions/MF_OrionCharacterAO" 8651
"/Game/ParagonAurora/Characters/Global/MaterialLayers/Events/WinterHoliday2016/ML_WinterFrost_1" 8652
"/Game/ParagonGreystone/Characters/Global/MaterialFunctions/MF_SkinPores" 8653
"/Game/ParagonAurora/Characters/Global/MaterialLayers/Metal/T_hardmetal2_D" 8654
"/Game/ParagonGreystone/Characters/Global/MaterialFunctions/MF_ClothShading" 8655
"/Game/ParagonGreystone/Characters/Global/MaterialLayers/ML__Blank" 8656
"/Game/ParagonGreystone/Characters/Global/MaterialLayers/Leather/T_Synthetic_Leather01_D" 8657
"/Game/ParagonGreystone/Characters/Global/MaterialLayers/Leather/T_Dark_Leather2_desat" 8658
"/Game/ParagonGreystone/Characters/Heroes/Greystone/Materials/MF_GreystoneEffects" 8659
"/Game/ParagonGreystone/Characters/Heroes/Greystone/Materials/mf_Greystone_shield_Emissives" 8660
"/Game/ParagonGreystone/Characters/Global/MaterialFunctions/MF_OrionCharacterAO" 8661
"/Game/ParagonGideon/Characters/Global/MaterialLayers/Painted/T_Cream_Paint_D" 8662
"/Game/ParagonGideon/Characters/Global/MaterialFunctions/MF_OrionCharacterAO" 8663
"/Game/ParagonGideon/Characters/Global/MaterialFunctions/MF_SkinPores" 8664
"/Game/ParagonGideon/Characters/Global/MaterialLayers/ML__Blank" 8665
"/Game/ParagonSteel/Characters/Global/MaterialFunctions/MaterialLayerConstructors/MLC_Standard" 8666
"/Game/ParagonAurora/Characters/Global/MaterialFunctions/MaterialLayerConstructors/MLC_Standard" 8667
"/Game/ParagonGreystone/Characters/Global/MaterialFunctions/MaterialLayerConstructors/MLC_Standard" 8668
"/Game/ParagonGideon/Characters/Global/MaterialFunctions/MaterialLayerConstructors/MLC_Standard" 8669
"/Game/Virtual_Studio_Kit/Meshes/Props/Fresnel/M_Prop" 8670
"/Game/Virtual_Studio_Kit/Materials/Glow/M_Circle_Light" 8671
"/Game/Virtual_Studio_Kit/Materials/LEDWalls/DesignA/M_Mon_A" 8672
"/Game/ParagonAurora/Characters/Heroes/Aurora/Textures/T_Aurora_BodySkin_RGB" 8673
"/Game/Virtual_Studio_Kit/Materials/LEDWalls/M_Monitor" 8674
"/Game/Virtual_Studio_Kit/Materials/Glass/M_Glass" 8675
"/Game/Virtual_Studio_Kit/Materials/LEDWalls/Paragon/M_Duratran" 8676
"/Game/ParagonAurora/Characters/Global/MaterialFunctions/MF_SkinPores" 8677
"C:/Users/j/Documents/GitHub/UnrealProject/Content/ParagonAurora/Characters/Global/MaterialLayers/Fabric/ML_Chiffon.uasset" 8678
"../../../Engine/Content/Functions/Engine_MaterialFunctions02/UVs/WorldPositionBehindTranslucency.uasset" 8679
"C:/Users/j/Documents/GitHub/UnrealProject/Content/Blood_Magic/Materials/Splash/M_Blood_Magic_Splash1.uasset" 8680
"C:/Users/j/Documents/GitHub/UnrealProject/Content/ParagonAurora/Characters/Global/MaterialLayers/Special/ML_Glitter.uasset" 8681
"C:/Users/j/Documents/GitHub/UnrealProject/Content/__GroundAttackVFX/_GenericSource/Material/M_Vfx_MathRadialRayAdd.uasset" 8682
"../../../Engine/Content/Functions/Engine_MaterialFunctions01/Texturing/TriplanarCameraVector.uasset" 8683
"C:/Users/j/Documents/GitHub/UnrealProject/Content/Aura_Character/Resource/ColorCurve/CA_C_Aura.uasset" 8684
"C:/Users/j/Documents/GitHub/UnrealProject/Content/IceMagicSkill_v01/Material/M_Pivot.uasset" 8685
"../../../Engine/Content/Functions/Engine_MaterialFunctions03/Blends/Blend_HardLight.uasset" 8686
"../../../Engine/Content/Functions/Engine_MaterialFunctions03/Blends/Blend_ColorDodge.uasset" 8687
"C:/Users/j/Documents/GitHub/UnrealProject/Content/ParagonGideon/Characters/Global/MaterialFunctions/ML_GideonULTEye.uasset" 8688
"C:/Users/j/Documents/GitHub/UnrealProject/Content/ParagonSteel/Characters/Global/Eyes/Materials/ML_SteelULTEye.uasset" 8689
"C:/Users/j/Documents/GitHub/UnrealProject/Content/Virtual_Studio_Kit/Materials/Decals/MI_Decal_Tape.uasset" 8690
"C:/Users/j/Documents/GitHub/UnrealProject/Content/BeamsPack/Materials/M_CyllinderMesh.uasset" 8691
"C:/Users/j/Documents/GitHub/UnrealProject/Content/Virtual_Studio_Kit/Materials/Decals/MI_Logo_Outline.uasset" 8692
"/Game/Blood_Magic/Materials/Splash/M_Blood_Magic_Splash1" 8693
"C:/Users/j/Documents/GitHub/UnrealProject/Content/Virtual_Studio_Kit/Meshes/Paragon/Plastic.uasset" 8694
"C:/Users/j/Documents/GitHub/UnrealProject/Content/Virtual_Studio_Kit/Materials/M_Substance_Master.uasset" 8695
"C:/Users/j/Documents/GitHub/UnrealProject/Content/ParagonSteel/Characters/Global/MaterialLayers/ML__Blank.uasset" 8696
"C:/Users/j/Documents/GitHub/UnrealProject/Content/ParagonGreystone/Characters/Global/MaterialLayers/Rubber/T_Rubber_2.uasset" 8697
"C:/Users/j/Documents/GitHub/UnrealProject/Content/ParagonSteel/Characters/Global/MaterialFunctions/MF_OrionCharacterAO.uasset" 8698
"../../../Engine/Content/Functions/Engine_MaterialFunctions03/Blends/Blend_Overlay.uasset" 8699
"../../../Engine/Content/Functions/Engine_MaterialFunctions03/Blends/Blend_ColorBurn.uasset" 8700
"C:/Users/j/Documents/GitHub/UnrealProject/Content/ParagonAurora/Characters/Global/MaterialFunctions/ML_AuroraULTEye.uasset" 8701
"C:/Users/j/Documents/GitHub/UnrealProject/Content/Virtual_Studio_Kit/Materials/Decals/MI_Sports_Decal.uasset" 8702
"../../../Engine/Content/Functions/Engine_MaterialFunctions03/Blends/Blend_LinearDodge.uasset" 8703
"C:/Users/j/Documents/GitHub/UnrealProject/Content/__GroundAttackVFX/_GenericSource/Material/M_Vfx_Gradient.uasset" 8704
"C:/Users/j/Documents/GitHub/UnrealProject/Content/ParagonGreystone/Characters/Global/Eyes/MaterialFunctions/ML_GreystoneULTEye.uasset" 8705
"C:/Users/j/Documents/GitHub/UnrealProject/Content/ParagonAurora/Characters/Global/MaterialLayers/Fabric/T_GoldFabric03.uasset" 8706
"../../../Engine/Content/Functions/Engine_MaterialFunctions02/Math/TransformToZVector.uasset" 8707
"C:/Users/j/Documents/GitHub/UnrealProject/Content/ParagonAurora/Characters/Global/PDO_Sheets/MF_ParallaxOcclusionMapping_Curvetest_Paragon.uasset" 8708
"/Game/ParagonAurora/Characters/Global/MaterialLayers/Fabric/ML_Chiffon" 8709
"/Game/ParagonAurora/Characters/Global/MaterialLayers/Metal/ML_Precious_Metal_Old" 8710
"/Game/Virtual_Studio_Kit/Materials/M_Substance_Master" 8711
"/Game/Virtual_Studio_Kit/Meshes/Paragon/Plastic" 8712
"/Game/BeamsPack/Materials/M_CyllinderMesh" 8713
"/Engine/Functions/Engine_MaterialFunctions02/Math/TransformToZVector" 8714
"/Game/Virtual_Studio_Kit/Materials/Decals/MI_Sports_Decal" 8715
"/Game/Virtual_Studio_Kit/Materials/Decals/MI_Logo_Outline" 8716
"/Game/ParagonSteel/Characters/Global/Eyes/Materials/ML_SteelULTEye" 8717
"/Game/__GroundAttackVFX/_GenericSource/Material/M_Vfx_Gradient" 8718
"/Game/ParagonAurora/Characters/Global/MaterialFunctions/ML_AuroraULTEye" 8719
"/Game/ParagonGreystone/Characters/Global/MaterialLayers/Rubber/T_Rubber_2" 8720
"/Game/ParagonGreystone/Characters/Global/Eyes/MaterialFunctions/ML_GreystoneULTEye" 8721
"/Game/ParagonGideon/Characters/Global/MaterialFunctions/ML_GideonULTEye" 8722
"/Game/Virtual_Studio_Kit/Materials/Decals/MI_Decal_Tape" 8723
"/Game/ParagonAurora/Characters/Global/PDO_Sheets/MF_ParallaxOcclusionMapping_Curvetest_Paragon" 8724
"/Game/ParagonSteel/Characters/Global/MaterialFunctions/MF_OrionCharacterAO" 8725
"/Game/ParagonSteel/Characters/Global/MaterialLayers/ML__Blank" 8726
"/Engine/Functions/Engine_MaterialFunctions03/Blends/Blend_Overlay" 8727
"/Engine/Functions/Engine_MaterialFunctions03/Blends/Blend_ColorDodge" 8728
"/Engine/Functions/Engine_MaterialFunctions03/Blends/Blend_HardLight" 8729
"/Engine/Functions/Engine_MaterialFunctions03/Blends/Blend_ColorBurn" 8730
"/Engine/Functions/Engine_MaterialFunctions03/Blends/Blend_LinearDodge" 8731
"/Engine/Functions/Engine_MaterialFunctions01/Texturing/TriplanarCameraVector" 8732
"/Game/Aura_Character/Resource/ColorCurve/CA_C_Aura" 8733
"/Game/IceMagicSkill_v01/Material/M_Pivot" 8734
"/Game/__GroundAttackVFX/_GenericSource/Material/M_Vfx_MathRadialRayAdd" 8735
"/Engine/Functions/Engine_MaterialFunctions02/UVs/WorldPositionBehindTranslucency" 8736
"/Game/ParagonAurora/Characters/Global/MaterialLayers/Special/ML_Glitter" 8737
"/Game/ParagonAurora/Characters/Global/MaterialLayers/Fabric/T_GoldFabric03" 8738
"C:/Users/j/Documents/GitHub/UnrealProject/Content/__GroundAttackVFX/_GenericSource/Material/M_Vfx_ParticleSubUV.uasset" 8739
"C:/Users/j/Documents/GitHub/UnrealProject/Content/__GroundAttackVFX/_GenericSource/Material/M_Vfx_Stuff_Fang_Blood.uasset" 8740
"C:/Users/j/Documents/GitHub/UnrealProject/Content/Basic_VFX/Materials/M_energy.uasset" 8741
"../../../Engine/Content/Functions/Engine_MaterialFunctions01/Texturing/WorldAlignedTexture.uasset" 8742
"C:/Users/j/Documents/GitHub/UnrealProject/Content/Blood_Magic/Materials/M_Blood_Magic_Crack.uasset" 8743
"C:/Users/j/Documents/GitHub/UnrealProject/Content/AdvancedPortalsSystemVFX/Materials/M_DefaultSprite.uasset" 8744
"C:/Users/j/Documents/GitHub/UnrealProject/Content/AdvancedPortalsSystemVFX/Materials/M_Portal_Ring.uasset" 8745
"C:/Users/j/Documents/GitHub/UnrealProject/Content/__GroundAttackVFX/_GenericSource/Material/M_Vfx_ParticleSubUVAA.uasset" 8746
"C:/Users/j/Documents/GitHub/UnrealProject/Content/AdvancedPortalsSystemVFX/Materials/M_Portal_Vortex.uasset" 8747
"C:/Users/j/Documents/GitHub/UnrealProject/Content/AdvancedPortalsSystemVFX/Materials/M_Lines.uasset" 8748
"../../../Engine/Content/OpenWorldTemplate/LandscapeMaterial/MF_ProcGrid.uasset" 8749
"C:/Users/j/Documents/GitHub/UnrealProject/Content/Blood_Magic/Materials/M_Blood_Magic_Sparks.uasset" 8750
"/Game/AdvancedPortalsSystemVFX/Materials/M_Lines" 8751
"/Game/Basic_VFX/Materials/M_energy" 8752
"/Game/AdvancedPortalsSystemVFX/Materials/M_DefaultSprite" 8753
"/Game/AdvancedPortalsSystemVFX/Materials/M_Portal_Ring" 8754
"/Game/AdvancedPortalsSystemVFX/Materials/M_Portal_Vortex" 8755
"/Game/Blood_Magic/Materials/M_Blood_Magic_Crack" 8756
"/Game/__GroundAttackVFX/_GenericSource/Material/M_Vfx_Stuff_Fang_Blood" 8757
"/Game/Blood_Magic/Materials/M_Blood_Magic_Sparks" 8758
"/Engine/OpenWorldTemplate/LandscapeMaterial/MF_ProcGrid" 8759
"/Game/__GroundAttackVFX/_GenericSource/Material/M_Vfx_ParticleSubUVAA" 8760
"/Game/__GroundAttackVFX/_GenericSource/Material/M_Vfx_ParticleSubUV" 8761
"/Engine/Functions/Engine_MaterialFunctions01/Texturing/WorldAlignedTexture" 8762
"C:/Users/j/Documents/GitHub/UnrealProject/Content/Aura_Character/Material/M_Glow_Masked.uasset" 8763
"C:/Users/j/Documents/GitHub/UnrealProject/Content/Aura_Character/Material/M_Aura_Lightning.uasset" 8764
"../../../Engine/Plugins/Interchange/Assets/Content/Functions/MX_StandardSurface.uasset" 8765
"C:/Users/j/Documents/GitHub/UnrealProject/Content/Aura_Character/Material/M_Electric.uasset" 8766
"C:/Users/j/Documents/GitHub/UnrealProject/Content/__GroundAttackVFX/_GenericSource/Material/M_Vfx_Stuff_Rock02.uasset" 8767
"C:/Users/j/Documents/GitHub/UnrealProject/Content/__GroundAttackVFX/_GenericSource/Material/M_Vfx_Stuff_Rock1.uasset" 8768
"C:/Users/j/Documents/GitHub/UnrealProject/Content/ParagonGideon/Characters/Global/Eyes/MaterialFunctions/ML_EyeRefraction.uasset" 8769
"C:/Users/j/Documents/GitHub/UnrealProject/Content/__GroundAttackVFX/_GenericSource/Material/MF/MF_RotateVectorWithAngle.uasset" 8770
"C:/Users/j/Documents/GitHub/UnrealProject/Content/__GroundAttackVFX/_GenericSource/Material/M_Vfx_RockDissolveWithEdge.uasset" 8771
"C:/Users/j/Documents/GitHub/UnrealProject/Content/__GroundAttackVFX/_GenericSource/Material/M_Vfx_Stuff_Fang.uasset" 8772
"/InterchangeAssets/Functions/MX_StandardSurface" 8773
"../../Plugins/Interchange/Assets/Content/Functions/MF_OrenNayerView.uasset" 8774
"../../Plugins/Interchange/Assets/Content/Functions/MF_SchlickApprox.uasset" 8775
"/Game/Aura_Character/Material/M_Glow_Masked" 8776
"/Game/Aura_Character/Material/M_Electric" 8777
"/Game/Aura_Character/Material/M_Aura_Lightning" 8778
"../../../Engine/Content/Functions/Engine_MaterialFunctions02/Utility/DebugScalarValues.uasset" 8779
"../../../Engine/Plugins/Animation/ControlRig/Content/Controls/ControlRig_Wedge_solid.uasset" 8780
"../../../Engine/Plugins/Animation/ControlRig/Content/Controls/ControlRig_Wedge_1mm.uasset" 8781
"../../../Engine/Plugins/Animation/ControlRig/Content/Controls/ControlRig_Star4_1mm.uasset" 8782
"../../../Engine/Plugins/Animation/ControlRig/Content/Controls/ControlRig_Star4_3mm.uasset" 8783
"../../../Engine/Plugins/Animation/ControlRig/Content/Controls/ControlRig_Square_solid.uasset" 8784
"../../../Engine/Plugins/Animation/ControlRig/Content/Controls/ControlRig_RoundedTriangle_3mm.uasset" 8785
"C:/Users/j/Documents/GitHub/UnrealProject/Content/ParagonGreystone/Characters/Global/Eyes/MaterialFunctions/ML_EyeRefraction.uasset" 8786
"../../../Engine/Plugins/Animation/ControlRig/Content/Controls/ControlRig_RoundedTriangle_1mm.uasset" 8787
"../../../Engine/Content/Maps/Entry.umap" 8788
"../../../Engine/Plugins/Animation/ControlRig/Content/Controls/ControlRig_Triangle_1mm.uasset" 8789
"../../../Engine/Plugins/Animation/ControlRig/Content/Controls/ControlRig_Triangle_solid.uasset" 8790
"../../../Engine/Plugins/Animation/ControlRig/Content/Controls/ControlRig_Star4_solid.uasset" 8791
"C:/Users/j/Documents/GitHub/UnrealProject/Content/ParagonSteel/Characters/Global/Eyes/MaterialFunctions/ML_EyeRefraction.uasset" 8792
"../../../Engine/Plugins/Animation/ControlRig/Content/Controls/ControlRig_Square_3mm.uasset" 8793
"../../../Engine/Plugins/Animation/ControlRig/Content/Controls/ControlRig_Triangle_3mm.uasset" 8794
"C:/Users/j/Documents/GitHub/UnrealProject/Content/ParagonAurora/Characters/Global/Eyes/MaterialFunctions/ML_EyeRefraction.uasset" 8795
"../../../Engine/Plugins/Animation/ControlRig/Content/Controls/ControlRig_Sphere_3mm.uasset" 8796
"../../../Engine/Plugins/Animation/ControlRig/Content/Controls/ControlRig_Sphere_1mm.uasset" 8797
"../../../Engine/Plugins/Animation/ControlRig/Content/Controls/ControlRig_Wedge_3mm.uasset" 8798
"../../../Engine/Plugins/Animation/ControlRig/Content/Controls/ControlRig_Square_1mm.uasset" 8799
"../../../Engine/Plugins/Animation/ControlRig/Content/Controls/ControlRig_RoundedTriangle_solid.uasset" 8800
"../../../Engine/Plugins/Animation/ControlRig/Content/Controls/ControlRig_RoundedSquare_3mm.uasset" 8801
"../../../Engine/Plugins/Animation/ControlRig/Content/Controls/ControlRig_QuarterCircle_solid.uasset" 8802
"../../../Engine/Plugins/Animation/ControlRig/Content/Controls/ControlRig_RoundedSquare_solid.uasset" 8803
"../../../Engine/Plugins/Animation/ControlRig/Content/Controls/ControlRig_RoundedSquare_1mm.uasset" 8804
"/Game/ParagonGideon/Characters/Global/Eyes/MaterialFunctions/ML_EyeRefraction" 8805
"/Game/__GroundAttackVFX/_GenericSource/Material/MF/MF_RotateVectorWithAngle" 8806
"/Game/__GroundAttackVFX/_GenericSource/Material/M_Vfx_Stuff_Fang" 8807
"/Game/__GroundAttackVFX/_GenericSource/Material/M_Vfx_Stuff_Rock02" 8808
"/Game/__GroundAttackVFX/_GenericSource/Material/M_Vfx_RockDissolveWithEdge" 8809
"/Game/__GroundAttackVFX/_GenericSource/Material/M_Vfx_Stuff_Rock1" 8810
"/Engine/Functions/Engine_MaterialFunctions02/Utility/DebugScalarValues" 8811
"../../../Engine/Plugins/Animation/ControlRig/Content/Controls/ControlRig_QuarterCircle_3mm.uasset" 8812
"/ControlRig/Controls/ControlRig_QuarterCircle_solid" 8813
"/ControlRig/Controls/ControlRig_RoundedTriangle_1mm" 8814
"/ControlRig/Controls/ControlRig_RoundedTriangle_3mm" 8815
"/ControlRig/Controls/ControlRig_RoundedTriangle_solid" 8816
"/ControlRig/Controls/ControlRig_Sphere_1mm" 8817
"/ControlRig/Controls/ControlRig_Sphere_3mm" 8818
"/ControlRig/Controls/ControlRig_Square_1mm" 8819
"/ControlRig/Controls/ControlRig_Square_3mm" 8820
"/ControlRig/Controls/ControlRig_Square_solid" 8821
"/ControlRig/Controls/ControlRig_Star4_1mm" 8822
"/ControlRig/Controls/ControlRig_Star4_3mm" 8823
"/ControlRig/Controls/ControlRig_Star4_solid" 8824
"/ControlRig/Controls/ControlRig_Triangle_1mm" 8825
"/ControlRig/Controls/ControlRig_Triangle_3mm" 8826
"/ControlRig/Controls/ControlRig_Triangle_solid" 8827
"/ControlRig/Controls/ControlRig_Wedge_1mm" 8828
"/ControlRig/Controls/ControlRig_Wedge_3mm" 8829
"/ControlRig/Controls/ControlRig_Wedge_solid" 8830
"/Engine/Maps/Entry" 8831
"/Game/ParagonSteel/Characters/Global/Eyes/MaterialFunctions/ML_EyeRefraction" 8832
"/ControlRig/Controls/ControlRig_RoundedSquare_1mm" 8833
"/Game/ParagonAurora/Characters/Global/Eyes/MaterialFunctions/ML_EyeRefraction" 8834
"/ControlRig/Controls/ControlRig_RoundedSquare_3mm" 8835
"/Game/ParagonGreystone/Characters/Global/Eyes/MaterialFunctions/ML_EyeRefraction" 8836
"/ControlRig/Controls/ControlRig_RoundedSquare_solid" 8837
"../../../Engine/Plugins/Animation/ControlRig/Content/Controls/ControlRig_Octagon_solid.uasset" 8838
"../../../Engine/Plugins/Animation/ControlRig/Content/Controls/ControlRig_Pyramid_solid.uasset" 8839
"../../../Engine/Plugins/Animation/ControlRig/Content/Controls/ControlRig_Hexagon_solid.uasset" 8840
"../../../Engine/Plugins/Animation/ControlRig/Content/Controls/ControlRig_Hexagon_1mm.uasset" 8841
"../../../Engine/Plugins/Animation/ControlRig/Content/Controls/ControlRig_HalfCircle_1mm.uasset" 8842
"../../../Engine/Plugins/Animation/ControlRig/Content/Controls/ControlRig_Octagon_3mm.uasset" 8843
"../../../Engine/Plugins/Animation/ControlRig/Content/Controls/ControlRig_Hexagon_3mm.uasset" 8844
"../../../Engine/Plugins/Animation/ControlRig/Content/Controls/ControlRig_Diamond_1mm.uasset" 8845
"../../../Engine/Plugins/Animation/ControlRig/Content/Controls/ControlRig_HalfCircle_solid.uasset" 8846
"../../../Engine/Plugins/Animation/ControlRig/Content/Controls/ControlRig_Diamond_3mm.uasset" 8847
"../../../Engine/Plugins/Animation/ControlRig/Content/Controls/ControlRig_Box_1mm.uasset" 8848
"../../../Engine/Plugins/Animation/ControlRig/Content/Controls/ControlRig_Box_solid.uasset" 8849
"/ControlRig/Controls/ControlRig_QuarterCircle_3mm" 8850
"../../../Engine/Plugins/Animation/ControlRig/Content/Controls/ControlRig_Circle_1mm.uasset" 8851
"../../../Engine/Plugins/Animation/ControlRig/Content/Controls/ControlRig_Arrow_3mm.uasset" 8852
"../../../Engine/Plugins/Animation/ControlRig/Content/Controls/ControlRig_Arrow_solid.uasset" 8853
"../../../Engine/Plugins/Animation/ControlRig/Content/Controls/ControlRig_Octagon_1mm.uasset" 8854
"../../../Engine/Plugins/Animation/ControlRig/Content/Controls/ControlRig_QuarterCircle_1mm.uasset" 8855
"../../../Engine/Plugins/Animation/ControlRig/Content/Controls/ControlRig_Arrow2_solid.uasset" 8856
"../../../Engine/Plugins/Animation/ControlRig/Content/Controls/ControlRig_Arrow2_3mm.uasset" 8857
"../../../Engine/Plugins/Animation/ControlRig/Content/Controls/ControlRig_Arrow2_1mm.uasset" 8858
"../../../Engine/Plugins/Animation/ControlRig/Content/Controls/ControlRig_Pyramid_3mm.uasset" 8859
"../../../Engine/Plugins/Animation/ControlRig/Content/Controls/ControlRig_Diamond_solid.uasset" 8860
"../../../Engine/Plugins/Animation/ControlRig/Content/Controls/ControlRig_Arrow4_solid.uasset" 8861
"../../../Engine/Plugins/Animation/ControlRig/Content/Controls/ControlRig_Box_3mm.uasset" 8862
"../../../Engine/Plugins/Animation/ControlRig/Content/Controls/ControlRig_HalfCircle_3mm.uasset" 8863
"../../../Engine/Plugins/Animation/ControlRig/Content/Controls/ControlRig_Circle_3mm.uasset" 8864
"../../../Engine/Plugins/Animation/ControlRig/Content/Controls/ControlRig_Arrow4_3mm.uasset" 8865
"../../../Engine/Plugins/Animation/ControlRig/Content/Controls/ControlRig_Circle_solid.uasset" 8866
"../../../Engine/Plugins/Animation/ControlRig/Content/Controls/ControlRig_Arrow_1mm.uasset" 8867
"../../../Engine/Plugins/Animation/ControlRig/Content/Controls/ControlRig_Arrow4_1mm.uasset" 8868
"../../../Engine/Plugins/Animation/ControlRig/Content/Controls/ControlRig_Pyramid_1mm.uasset" 8869
"../../../Engine/Plugins/Animation/ControlRig/Content/Controls/ControlRig_Sphere_solid.uasset" 8870
"/ControlRig/Controls/ControlRig_Arrow_1mm" 8871
"/ControlRig/Controls/ControlRig_Arrow_3mm" 8872
"/ControlRig/Controls/ControlRig_Arrow_solid" 8873
"/ControlRig/Controls/ControlRig_Box_1mm" 8874
"/ControlRig/Controls/ControlRig_Box_3mm" 8875
"/ControlRig/Controls/ControlRig_Box_solid" 8876
"/ControlRig/Controls/ControlRig_Circle_1mm" 8877
"/ControlRig/Controls/ControlRig_Circle_3mm" 8878
"/ControlRig/Controls/ControlRig_Circle_solid" 8879
"/ControlRig/Controls/ControlRig_Diamond_1mm" 8880
"/ControlRig/Controls/ControlRig_Diamond_3mm" 8881
"/ControlRig/Controls/ControlRig_Diamond_solid" 8882
"/ControlRig/Controls/ControlRig_HalfCircle_1mm" 8883
"/ControlRig/Controls/ControlRig_HalfCircle_3mm" 8884
"/ControlRig/Controls/ControlRig_HalfCircle_solid" 8885
"/ControlRig/Controls/ControlRig_Hexagon_1mm" 8886
"/ControlRig/Controls/ControlRig_Hexagon_3mm" 8887
"/ControlRig/Controls/ControlRig_Hexagon_solid" 8888
"/ControlRig/Controls/ControlRig_Octagon_1mm" 8889
"/ControlRig/Controls/ControlRig_Arrow2_1mm" 8890
"/ControlRig/Controls/ControlRig_Arrow2_3mm" 8891
"/ControlRig/Controls/ControlRig_Arrow2_solid" 8892
"/ControlRig/Controls/ControlRig_Arrow4_1mm" 8893
"/ControlRig/Controls/ControlRig_Arrow4_3mm" 8894
"/ControlRig/Controls/ControlRig_Arrow4_solid" 8895
"/ControlRig/Controls/ControlRig_Octagon_3mm" 8896
"/ControlRig/Controls/ControlRig_Octagon_solid" 8897
"/ControlRig/Controls/ControlRig_Pyramid_1mm" 8898
"/ControlRig/Controls/ControlRig_Pyramid_3mm" 8899
"/ControlRig/Controls/ControlRig_Pyramid_solid" 8900
"/ControlRig/Controls/ControlRig_QuarterCircle_1mm" 8901
"C:/Users/j/Documents/GitHub/UnrealProject/Content/Blood_Magic/Mesh/SM_Blood_Magic_Spiral2.uasset" 8902
"C:/Users/j/Documents/GitHub/UnrealProject/Content/Blood_Magic/Mesh/SM_Blood_Magic_Plane3.uasset" 8903
"C:/Users/j/Documents/GitHub/UnrealProject/Content/AdvancedPortalsSystemVFX/Meshes/SM_Distortion.uasset" 8904
"C:/Users/j/Documents/GitHub/UnrealProject/Content/AdvancedPortalsSystemVFX/Meshes/SM_TwoSidePlane.uasset" 8905
"C:/Users/j/Documents/GitHub/UnrealProject/Content/AdvancedPortalsSystemVFX/Meshes/SM_Portal_Energy_2.uasset" 8906
"C:/Users/j/Documents/GitHub/UnrealProject/Content/BeamsPack/Mesh/SM_Cylinder.uasset" 8907
"C:/Users/j/Documents/GitHub/UnrealProject/Content/MusicVideo/mv5play_Video_Mat.uasset" 8908
"C:/Users/j/Documents/GitHub/UnrealProject/Content/Blood_Magic/Mesh/SM_Blood_Magic_Spiral5.uasset" 8909
"C:/Users/j/Documents/GitHub/UnrealProject/Content/MusicVideo/mv10play_Video_Mat.uasset" 8910
"C:/Users/j/Documents/GitHub/UnrealProject/Content/MusicVideo/mv11play_Video_Mat.uasset" 8911
"/ControlRig/Controls/ControlRig_Sphere_solid" 8912
"C:/Users/j/Documents/GitHub/UnrealProject/Content/AdvancedPortalsSystemVFX/Meshes/SM_Plane.uasset" 8913
"C:/Users/j/Documents/GitHub/UnrealProject/Content/MusicVideo/mv9play_Video_Mat.uasset" 8914
"C:/Users/j/Documents/GitHub/UnrealProject/Content/BeamsPack/Mesh/SM_Sphere.uasset" 8915
"C:/Users/j/Documents/GitHub/UnrealProject/Content/MusicVideo/mv8play_Video_Mat.uasset" 8916
"C:/Users/j/Documents/GitHub/UnrealProject/Content/Virtual_Studio_Kit/Materials/LEDWalls/Paragon/M_Glow_Yellow.uasset" 8917
"C:/Users/j/Documents/GitHub/UnrealProject/Content/MusicVideo/mv3play_Video_Mat.uasset" 8918
"C:/Users/j/Documents/GitHub/UnrealProject/Content/Virtual_Studio_Kit/Materials/Glow/M_Glow_Inst.uasset" 8919
"C:/Users/j/Documents/GitHub/UnrealProject/Content/Virtual_Studio_Kit/Materials/Glow/M_Glow_Inst6.uasset" 8920
"C:/Users/j/Documents/GitHub/UnrealProject/Content/Virtual_Studio_Kit/Materials/Glow/M_Glow_Inst2.uasset" 8921
"C:/Users/j/Documents/GitHub/UnrealProject/Content/Virtual_Studio_Kit/Materials/Glow/M_Glow_Inst4.uasset" 8922
"C:/Users/j/Documents/GitHub/UnrealProject/Content/Virtual_Studio_Kit/Materials/LEDWalls/Paragon/M_Glow_Blue.uasset" 8923
"C:/Users/j/Documents/GitHub/UnrealProject/Content/Blood_Magic/Mesh/SM_Blood_Magic_Crystal1.uasset" 8924
"C:/Users/j/Documents/GitHub/UnrealProject/Content/MusicVideo/mv2play_Video_Mat.uasset" 8925
"C:/Users/j/Documents/GitHub/UnrealProject/Content/Blood_Magic/Mesh/SM_Blood_Magic_Spike2.uasset" 8926
"C:/Users/j/Documents/GitHub/UnrealProject/Content/MusicVideo/mv4play_Video_Mat.uasset" 8927
"C:/Users/j/Documents/GitHub/UnrealProject/Content/Blood_Magic/Mesh/SM_Blood_Magic_Spike1.uasset" 8928
"C:/Users/j/Documents/GitHub/UnrealProject/Content/AdvancedPortalsSystemVFX/Meshes/SM_Portal_Energy.uasset" 8929
"C:/Users/j/Documents/GitHub/UnrealProject/Content/MusicVideo/mv1play_Video_Mat.uasset" 8930
"/Game/Virtual_Studio_Kit/Materials/Glow/M_Glow_Inst6" 8931
"/Game/Virtual_Studio_Kit/Materials/Glow/M_Glow_Inst" 8932
"/Game/Virtual_Studio_Kit/Materials/Glow/M_Glow_Inst4" 8933
"/Game/Virtual_Studio_Kit/Materials/LEDWalls/Paragon/M_Glow_Blue" 8934
"/Game/Virtual_Studio_Kit/Materials/LEDWalls/Paragon/M_Glow_Yellow" 8935
"/Game/Virtual_Studio_Kit/Materials/Glow/M_Glow_Inst2" 8936
"/Game/MusicVideo/mv3play_Video_Mat" 8937
"/Game/MusicVideo/mv8play_Video_Mat" 8938
"/Game/MusicVideo/mv4play_Video_Mat" 8939
"/Game/MusicVideo/mv9play_Video_Mat" 8940
"/Game/MusicVideo/mv11play_Video_Mat" 8941
"/Game/MusicVideo/mv10play_Video_Mat" 8942
"/Game/MusicVideo/mv1play_Video_Mat" 8943
"/Game/MusicVideo/mv5play_Video_Mat" 8944
"/Game/MusicVideo/mv2play_Video_Mat" 8945
"/Game/BeamsPack/Mesh/SM_Cylinder" 8946
"/Game/BeamsPack/Mesh/SM_Sphere" 8947
"/Game/AdvancedPortalsSystemVFX/Meshes/SM_Portal_Energy" 8948
"/Game/AdvancedPortalsSystemVFX/Meshes/SM_Portal_Energy_2" 8949
"/Game/AdvancedPortalsSystemVFX/Meshes/SM_Plane" 8950
"/Game/AdvancedPortalsSystemVFX/Meshes/SM_TwoSidePlane" 8951
"/Game/AdvancedPortalsSystemVFX/Meshes/SM_Distortion" 8952
"/Game/Blood_Magic/Mesh/SM_Blood_Magic_Crystal1" 8953
"/Game/Blood_Magic/Mesh/SM_Blood_Magic_Spike1" 8954
"/Game/Blood_Magic/Mesh/SM_Blood_Magic_Spiral5" 8955
"/Game/Blood_Magic/Mesh/SM_Blood_Magic_Spike2" 8956
"/Game/Blood_Magic/Mesh/SM_Blood_Magic_Plane3" 8957
"/Game/Blood_Magic/Mesh/SM_Blood_Magic_Spiral2" 8958
"C:/Users/j/Documents/GitHub/UnrealProject/Content/Virtual_Studio_Kit/Meshes/Paragon/Mod_Truss_6ft.uasset" 8959
"C:/Users/j/Documents/GitHub/UnrealProject/Content/Virtual_Studio_Kit/Materials/Decals/M_Decal_Logo_Inst7.uasset" 8960
"C:/Users/j/Documents/GitHub/UnrealProject/Content/Virtual_Studio_Kit/Materials/Metals/M_Metal_Int_01_Inst2.uasset" 8961
"C:/Users/j/Documents/GitHub/UnrealProject/Content/Virtual_Studio_Kit/Materials/LEDWalls/Paragon/M_Glossy_Floor_Red.uasset" 8962
"C:/Users/j/Documents/GitHub/UnrealProject/Content/Virtual_Studio_Kit/Materials/Decals/M_Decal_Logo_Inst6.uasset" 8963
"C:/Users/j/Documents/GitHub/UnrealProject/Content/Virtual_Studio_Kit/Materials/Glow/MI_Glow_02.uasset" 8964
"C:/Users/j/Documents/GitHub/UnrealProject/Content/Virtual_Studio_Kit/Materials/Decals/M_Decal_Logo_Inst.uasset" 8965
"C:/Users/j/Documents/GitHub/UnrealProject/Content/Virtual_Studio_Kit/Materials/Glow/MI_Glow_03.uasset" 8966
"C:/Users/j/Documents/GitHub/UnrealProject/Content/Virtual_Studio_Kit/Materials/Glow/MI_Glow_07.uasset" 8967
"C:/Users/j/Documents/GitHub/UnrealProject/Content/Virtual_Studio_Kit/Materials/Glow/MI_Glow_Full.uasset" 8968
"C:/Users/j/Documents/GitHub/UnrealProject/Content/Virtual_Studio_Kit/Materials/Glow/MI_Glow_04.uasset" 8969
"C:/Users/j/Documents/GitHub/UnrealProject/Content/Virtual_Studio_Kit/Materials/Glass/MI_Glass_Inst1.uasset" 8970
"C:/Users/j/Documents/GitHub/UnrealProject/Content/Virtual_Studio_Kit/Materials/Glossy/M_Glossy_Floor_Inst.uasset" 8971
"C:/Users/j/Documents/GitHub/UnrealProject/Content/Virtual_Studio_Kit/Meshes/Props/SM_Ceiling_Grid_Trusses.uasset" 8972
"C:/Users/j/Documents/GitHub/UnrealProject/Content/Virtual_Studio_Kit/Materials/Glow/MI_Glow_06.uasset" 8973
"C:/Users/j/Documents/GitHub/UnrealProject/Content/Virtual_Studio_Kit/Materials/Glossy/MI_Glossy_Inst_Inst_Inst2.uasset" 8974
"C:/Users/j/Documents/GitHub/UnrealProject/Content/ParagonGideon/Characters/Global/MaterialLayers/Leather/ML_ThinLeather01.uasset" 8975
"/Game/Virtual_Studio_Kit/Materials/Glow/MI_Glow_Full" 8976
"C:/Users/j/Documents/GitHub/UnrealProject/Content/Virtual_Studio_Kit/Materials/Decals/M_Decal_Logo_Inst5.uasset" 8977
"C:/Users/j/Documents/GitHub/UnrealProject/Content/Virtual_Studio_Kit/Materials/Glow/M_Glow_Inst3.uasset" 8978
"C:/Users/j/Documents/GitHub/UnrealProject/Content/Virtual_Studio_Kit/Materials/Glow/MI_Glow_05.uasset" 8979
"C:/Users/j/Documents/GitHub/UnrealProject/Content/Virtual_Studio_Kit/Materials/Glossy/M_Glossy_Floor_Inst6.uasset" 8980
"C:/Users/j/Documents/GitHub/UnrealProject/Content/Virtual_Studio_Kit/Materials/LEDWalls/Paragon/M_Glossy_Floor_Inst8.uasset" 8981
"C:/Users/j/Documents/GitHub/UnrealProject/Content/Virtual_Studio_Kit/Materials/Glossy/MI_Glossy_Inst_Inst_Inst.uasset" 8982
"C:/Users/j/Documents/GitHub/UnrealProject/Content/ParagonGideon/Characters/Global/MaterialLayers/Metal/ML_Steel.uasset" 8983
"C:/Users/j/Documents/GitHub/UnrealProject/Content/Virtual_Studio_Kit/Materials/Decals/M_Decal_Logo_Inst4.uasset" 8984
"C:/Users/j/Documents/GitHub/UnrealProject/Content/ParagonGideon/Characters/Global/MaterialLayers/Leather/ML_Worn_Under_Leather.uasset" 8985
"../../../Engine/Content/Functions/MaterialLayerFunctions/MatLayerBlend_TenLayerBlend.uasset" 8986
"C:/Users/j/Documents/GitHub/UnrealProject/Content/ParagonGreystone/Characters/Heroes/Greystone/Materials/mf_Greystone_Torso_DragonHeadEffects.uasset" 8987
"C:/Users/j/Documents/GitHub/UnrealProject/Content/ParagonGideon/Characters/Global/MaterialLayers/Fabric/ML_ColorableCloth.uasset" 8988
"C:/Users/j/Documents/GitHub/UnrealProject/Content/Virtual_Studio_Kit/Materials/Metals/M_Metal_Int_01_Inst.uasset" 8989
"C:/Users/j/Documents/GitHub/UnrealProject/Content/Virtual_Studio_Kit/Materials/Glass/MI_Glass_Inst.uasset" 8990
"C:/Users/j/Documents/GitHub/UnrealProject/Content/Virtual_Studio_Kit/Materials/Glossy/M_Glossy_Floor_Inst3.uasset" 8991
"/Game/Virtual_Studio_Kit/Materials/Glow/MI_Glow_03" 8992
"/Game/Virtual_Studio_Kit/Materials/Glow/MI_Glow_07" 8993
"/Game/Virtual_Studio_Kit/Materials/Glow/MI_Glow_02" 8994
"/Game/Virtual_Studio_Kit/Materials/LEDWalls/Paragon/M_Glossy_Floor_Red" 8995
"/Game/Virtual_Studio_Kit/Materials/Decals/M_Decal_Logo_Inst" 8996
"/Game/Virtual_Studio_Kit/Materials/Decals/M_Decal_Logo_Inst6" 8997
"/Game/Virtual_Studio_Kit/Materials/Decals/M_Decal_Logo_Inst7" 8998
"/Game/Virtual_Studio_Kit/Materials/Metals/M_Metal_Int_01_Inst2" 8999
"/Game/ParagonGideon/Characters/Global/MaterialLayers/Fabric/ML_ColorableCloth" 9000
"/Game/ParagonGideon/Characters/Global/MaterialLayers/Leather/ML_Worn_Under_Leather" 9001
"/Game/ParagonGideon/Characters/Global/MaterialLayers/Leather/ML_ThinLeather01" 9002
"/Game/ParagonGreystone/Characters/Heroes/Greystone/Materials/mf_Greystone_Torso_DragonHeadEffects" 9003
"/Engine/Functions/MaterialLayerFunctions/MatLayerBlend_TenLayerBlend" 9004
"/Game/Virtual_Studio_Kit/Materials/Glossy/MI_Glossy_Inst_Inst_Inst2" 9005
"/Game/Virtual_Studio_Kit/Materials/Glossy/MI_Glossy_Inst_Inst_Inst" 9006
"/Game/Virtual_Studio_Kit/Meshes/Props/SM_Ceiling_Grid_Trusses" 9007
"/Game/Virtual_Studio_Kit/Materials/Glass/MI_Glass_Inst" 9008
"/Game/Virtual_Studio_Kit/Materials/Glass/MI_Glass_Inst1" 9009
"/Game/Virtual_Studio_Kit/Materials/Glow/MI_Glow_05" 9010
"/Game/Virtual_Studio_Kit/Materials/Glow/MI_Glow_04" 9011
"/Game/Virtual_Studio_Kit/Materials/Glow/MI_Glow_06" 9012
"/Game/Virtual_Studio_Kit/Materials/LEDWalls/Paragon/M_Glossy_Floor_Inst8" 9013
"/Game/Virtual_Studio_Kit/Materials/Glossy/M_Glossy_Floor_Inst" 9014
"/Game/Virtual_Studio_Kit/Materials/Glossy/M_Glossy_Floor_Inst6" 9015
"/Game/Virtual_Studio_Kit/Materials/Glossy/M_Glossy_Floor_Inst3" 9016
"/Game/Virtual_Studio_Kit/Materials/Decals/M_Decal_Logo_Inst4" 9017
"/Game/ParagonGideon/Characters/Global/MaterialLayers/Metal/ML_Steel" 9018
"/Game/Virtual_Studio_Kit/Materials/Decals/M_Decal_Logo_Inst5" 9019
"/Game/Virtual_Studio_Kit/Materials/Metals/M_Metal_Int_01_Inst" 9020
"/Game/Virtual_Studio_Kit/Meshes/Paragon/Mod_Truss_6ft" 9021
"/Game/Virtual_Studio_Kit/Materials/Glow/M_Glow_Inst3" 9022
"C:/Users/j/Documents/GitHub/UnrealProject/Content/ParagonGideon/Characters/Global/Eyes/Materials/M_Eye_Occlusion.uasset" 9023
"C:/Users/j/Documents/GitHub/UnrealProject/Content/ParagonGreystone/Characters/Global/Eyes/Materials/M_Eye_Occlusion.uasset" 9024
"C:/Users/j/Documents/GitHub/UnrealProject/Content/Blood_Magic/Materials/Slash/MI_Blood_Magic_Slash3.uasset" 9025
"C:/Users/j/Documents/GitHub/UnrealProject/Content/IceMagicSkill_v01/Resource/Mesh/SM_Stone_01.uasset" 9026
"C:/Users/j/Documents/GitHub/UnrealProject/Content/AdvancedPortalsSystemVFX/Materials/Energy_MI/MI_Portal_Energy_05.uasset" 9027
"C:/Users/j/Documents/GitHub/UnrealProject/Content/__GroundAttackVFX/_GenericSource/Material/MI/MI_Vfx_Basic_CircleDot_add.uasset" 9028
"C:/Users/j/Documents/GitHub/UnrealProject/Content/IceMagicSkill_v01/Resource/Mesh/SM_Ice_01.uasset" 9029
"C:/Users/j/Documents/GitHub/UnrealProject/Content/AdvancedPortalsSystemVFX/Materials/Energy_MI/MI_Portal_Energy_01.uasset" 9030
"C:/Users/j/Documents/GitHub/UnrealProject/Content/__GroundAttackVFX/_GenericSource/FBX/SM_IceShard_06.uasset" 9031
"C:/Users/j/Documents/GitHub/UnrealProject/Content/Virtual_Studio_Kit/Meshes/Paragon/Mod_Angle_Wall.uasset" 9032
"C:/Users/j/Documents/GitHub/UnrealProject/Content/ParagonSteel/Characters/Global/MaterialLayers/Metal/ML_Steel.uasset" 9033
"C:/Users/j/Documents/GitHub/UnrealProject/Content/Virtual_Studio_Kit/Meshes/Paragon/Mod_16x9_moniotr.uasset" 9034
"C:/Users/j/Documents/GitHub/UnrealProject/Content/Virtual_Studio_Kit/Meshes/Paragon/Mod_Square_Light_SM.uasset" 9035
"C:/Users/j/Documents/GitHub/UnrealProject/Content/__GroundAttackVFX/_GenericSource/Material/MI/MI_Vfx_Basic_01.uasset" 9036
"C:/Users/j/Documents/GitHub/UnrealProject/Content/Virtual_Studio_Kit/Meshes/Paragon/Mod_Paragon_Logo.uasset" 9037
"C:/Users/j/Documents/GitHub/UnrealProject/Content/ParagonSteel/Characters/Global/MaterialLayers/Leather/ML_ThinLeather01.uasset" 9038
"C:/Users/j/Documents/GitHub/UnrealProject/Content/Virtual_Studio_Kit/Meshes/Paragon/Mod_Light_Fixture_10ft.uasset" 9039
"C:/Users/j/Documents/GitHub/UnrealProject/Content/BeamsPack/Materials/MI_Glow_01.uasset" 9040
"C:/Users/j/Documents/GitHub/UnrealProject/Content/BeamsPack/Materials/MI_Glow_05.uasset" 9041
"C:/Users/j/Documents/GitHub/UnrealProject/Content/ParagonAurora/Characters/Global/Eyes/Materials/M_Eye_Occlusion.uasset" 9042
"C:/Users/j/Documents/GitHub/UnrealProject/Content/IceMagicSkill_v01/Resource/Mesh/SM_Claw_02.uasset" 9043
"C:/Users/j/Documents/GitHub/UnrealProject/Content/IceMagicSkill_v01/Material/MI_IceMesh_05.uasset" 9044
"C:/Users/j/Documents/GitHub/UnrealProject/Content/BeamsPack/Materials/MI_Vertex1.uasset" 9045
"C:/Users/j/Documents/GitHub/UnrealProject/Content/__GroundAttackVFX/_GenericSource/Material/MI/MI_Vfx_Basic_center03_add_fade.uasset" 9046
"C:/Users/j/Documents/GitHub/UnrealProject/Content/Virtual_Studio_Kit/Meshes/Paragon/Mod_Duratran.uasset" 9047
"C:/Users/j/Documents/GitHub/UnrealProject/Content/BeamsPack/Materials/MI_Glow_04.uasset" 9048
"C:/Users/j/Documents/GitHub/UnrealProject/Content/Virtual_Studio_Kit/Meshes/Paragon/Mod_Eithernet_Cables.uasset" 9049
"C:/Users/j/Documents/GitHub/UnrealProject/Content/ParagonSteel/Characters/Global/MaterialLayers/Synthetics/ML_PlasticPattern01.uasset" 9050
"C:/Users/j/Documents/GitHub/UnrealProject/Content/Virtual_Studio_Kit/Meshes/Paragon/Mod_Stairway_Blocker.uasset" 9051
"C:/Users/j/Documents/GitHub/UnrealProject/Content/Virtual_Studio_Kit/Materials/Concrete/M_Floor_Inst3.uasset" 9052
"C:/Users/j/Documents/GitHub/UnrealProject/Content/ParagonSteel/Characters/Global/Eyes/Materials/M_Eye_Occlusion.uasset" 9053
"C:/Users/j/Documents/GitHub/UnrealProject/Content/Virtual_Studio_Kit/Materials/Glossy/M_Floor_Inst4.uasset" 9054
"/Game/Virtual_Studio_Kit/Meshes/Paragon/Mod_Angle_Wall" 9055
"/Game/BeamsPack/Materials/MI_Vertex1" 9056
"/Game/BeamsPack/Materials/MI_Glow_04" 9057
"/Game/BeamsPack/Materials/MI_Glow_05" 9058
"/Game/BeamsPack/Materials/MI_Glow_01" 9059
"/Game/ParagonSteel/Characters/Global/MaterialLayers/Leather/ML_ThinLeather01" 9060
"/Game/ParagonSteel/Characters/Global/MaterialLayers/Synthetics/ML_PlasticPattern01" 9061
"/Game/ParagonSteel/Characters/Global/MaterialLayers/Metal/ML_Steel" 9062
"/Game/AdvancedPortalsSystemVFX/Materials/Energy_MI/MI_Portal_Energy_01" 9063
"/Game/AdvancedPortalsSystemVFX/Materials/Energy_MI/MI_Portal_Energy_05" 9064
"/Game/Virtual_Studio_Kit/Materials/Glossy/M_Floor_Inst4" 9065
"/Game/IceMagicSkill_v01/Resource/Mesh/SM_Ice_01" 9066
"/Game/IceMagicSkill_v01/Resource/Mesh/SM_Stone_01" 9067
"/Game/Virtual_Studio_Kit/Materials/Concrete/M_Floor_Inst3" 9068
"/Game/IceMagicSkill_v01/Resource/Mesh/SM_Claw_02" 9069
"/Game/Virtual_Studio_Kit/Meshes/Paragon/Mod_Light_Fixture_10ft" 9070
"/Game/Virtual_Studio_Kit/Meshes/Paragon/Mod_Paragon_Logo" 9071
"/Game/IceMagicSkill_v01/Material/MI_IceMesh_05" 9072
"/Game/__GroundAttackVFX/_GenericSource/FBX/SM_IceShard_06" 9073
"/Game/__GroundAttackVFX/_GenericSource/Material/MI/MI_Vfx_Basic_CircleDot_add" 9074
"/Game/Virtual_Studio_Kit/Meshes/Paragon/Mod_Stairway_Blocker" 9075
"/Game/__GroundAttackVFX/_GenericSource/Material/MI/MI_Vfx_Basic_center03_add_fade" 9076
"/Game/Virtual_Studio_Kit/Meshes/Paragon/Mod_Eithernet_Cables" 9077
"/Game/Virtual_Studio_Kit/Meshes/Paragon/Mod_Square_Light_SM" 9078
"/Game/__GroundAttackVFX/_GenericSource/Material/MI/MI_Vfx_Basic_01" 9079
"/Game/Blood_Magic/Materials/Slash/MI_Blood_Magic_Slash3" 9080
"/Game/Virtual_Studio_Kit/Meshes/Paragon/Mod_16x9_moniotr" 9081
"/Game/ParagonSteel/Characters/Global/Eyes/Materials/M_Eye_Occlusion" 9082
"/Game/ParagonAurora/Characters/Global/Eyes/Materials/M_Eye_Occlusion" 9083
"/Game/ParagonGreystone/Characters/Global/Eyes/Materials/M_Eye_Occlusion" 9084
"/Game/Virtual_Studio_Kit/Meshes/Paragon/Mod_Duratran" 9085
"/Game/ParagonGideon/Characters/Global/Eyes/Materials/M_Eye_Occlusion" 9086
"C:/Users/j/Documents/GitHub/UnrealProject/Content/Virtual_Studio_Kit/Materials/Glossy/M_Floor_Inst8.uasset" 9087
"C:/Users/j/Documents/GitHub/UnrealProject/Content/Virtual_Studio_Kit/Materials/LEDWalls/Paragon/M_Enviro2.uasset" 9088
"C:/Users/j/Documents/GitHub/UnrealProject/Content/Virtual_Studio_Kit/Materials/LEDWalls/Paragon/M_Steel_1920.uasset" 9089
"C:/Users/j/Documents/GitHub/UnrealProject/Content/Virtual_Studio_Kit/Materials/LEDWalls/Paragon/M_Kallari_1920.uasset" 9090
"C:/Users/j/Documents/GitHub/UnrealProject/Content/Virtual_Studio_Kit/Materials/LEDWalls/Paragon/M_Kallari.uasset" 9091
"C:/Users/j/Documents/GitHub/UnrealProject/Content/Virtual_Studio_Kit/Materials/LEDWalls/Paragon/M_Phase.uasset" 9092
"C:/Users/j/Documents/GitHub/UnrealProject/Content/Virtual_Studio_Kit/Materials/LEDWalls/Paragon/M_Revanant.uasset" 9093
"C:/Users/j/Documents/GitHub/UnrealProject/Content/Virtual_Studio_Kit/Materials/LEDWalls/MI_Monitor_Inst11.uasset" 9094
"C:/Users/j/Documents/GitHub/UnrealProject/Content/Virtual_Studio_Kit/Materials/Glass/M_Glass_Int_01_Inst.uasset" 9095
"C:/Users/j/Documents/GitHub/UnrealProject/Content/Virtual_Studio_Kit/Materials/LEDWalls/DesignA/MI_Mon_DesignA4.uasset" 9096
"C:/Users/j/Documents/GitHub/UnrealProject/Content/Virtual_Studio_Kit/Materials/LEDWalls/MI_Mon_Horz.uasset" 9097
"C:/Users/j/Documents/GitHub/UnrealProject/Content/Virtual_Studio_Kit/Materials/Glossy/M_Floor_Inst7.uasset" 9098
"C:/Users/j/Documents/GitHub/UnrealProject/Content/Virtual_Studio_Kit/Materials/LEDWalls/DesignA/MI_Mon_DesignA.uasset" 9099
"C:/Users/j/Documents/GitHub/UnrealProject/Content/Virtual_Studio_Kit/Materials/LEDWalls/Paragon/M_Enviro1.uasset" 9100
"C:/Users/j/Documents/GitHub/UnrealProject/Content/Virtual_Studio_Kit/Materials/LEDWalls/MI_Monitor_Inst8.uasset" 9101
"C:/Users/j/Documents/GitHub/UnrealProject/Content/Virtual_Studio_Kit/Materials/LEDWalls/Paragon/M_16x9_Monitor10.uasset" 9102
"C:/Users/j/Documents/GitHub/UnrealProject/Content/Virtual_Studio_Kit/Meshes/Props/Spotlight/MI_Spotlight_Yellow.uasset" 9103
"C:/Users/j/Documents/GitHub/UnrealProject/Content/Virtual_Studio_Kit/Materials/Glow/MI_Circle_Light_Inst.uasset" 9104
"C:/Users/j/Documents/GitHub/UnrealProject/Content/Virtual_Studio_Kit/Materials/Glossy/M_Floor_Inst9.uasset" 9105
"C:/Users/j/Documents/GitHub/UnrealProject/Content/Virtual_Studio_Kit/Materials/LEDWalls/MI_Monitor_Inst7.uasset" 9106
"C:/Users/j/Documents/GitHub/UnrealProject/Content/Virtual_Studio_Kit/Materials/LEDWalls/Paragon/M_Crunch.uasset" 9107
"C:/Users/j/Documents/GitHub/UnrealProject/Content/Virtual_Studio_Kit/Materials/LEDWalls/MI_Mon_Vert.uasset" 9108
"C:/Users/j/Documents/GitHub/UnrealProject/Content/Virtual_Studio_Kit/Materials/LEDWalls/Paragon/M_Auraura.uasset" 9109
"C:/Users/j/Documents/GitHub/UnrealProject/Content/Virtual_Studio_Kit/Materials/LEDWalls/Paragon/M_16x9_Monitor11.uasset" 9110
"C:/Users/j/Documents/GitHub/UnrealProject/Content/Virtual_Studio_Kit/Materials/LEDWalls/Paragon/M_L_Belica.uasset" 9111
"C:/Users/j/Documents/GitHub/UnrealProject/Content/Virtual_Studio_Kit/Materials/LEDWalls/Paragon/M_Wraith1920.uasset" 9112
"C:/Users/j/Documents/GitHub/UnrealProject/Content/Virtual_Studio_Kit/Materials/Glossy/M_Floor_Inst10.uasset" 9113
"C:/Users/j/Documents/GitHub/UnrealProject/Content/Virtual_Studio_Kit/Materials/LEDWalls/Paragon/M_Rampage.uasset" 9114
"C:/Users/j/Documents/GitHub/UnrealProject/Content/Virtual_Studio_Kit/Materials/LEDWalls/DesignA/MI_Mon_DesignA3.uasset" 9115
"C:/Users/j/Documents/GitHub/UnrealProject/Content/Virtual_Studio_Kit/Materials/LEDWalls/DesignA/MI_Mon_DesignA1.uasset" 9116
"C:/Users/j/Documents/GitHub/UnrealProject/Content/Virtual_Studio_Kit/Materials/LEDWalls/DesignA/MI_Mon_DesignA2.uasset" 9117
"C:/Users/j/Documents/GitHub/UnrealProject/Content/Virtual_Studio_Kit/Materials/LEDWalls/Paragon/M_Lin.uasset" 9118
"/Game/Virtual_Studio_Kit/Meshes/Props/Spotlight/MI_Spotlight_Yellow" 9119
"/Game/Virtual_Studio_Kit/Materials/Glow/MI_Circle_Light_Inst" 9120
"/Game/Virtual_Studio_Kit/Materials/LEDWalls/DesignA/MI_Mon_DesignA2" 9121
"/Game/Virtual_Studio_Kit/Materials/LEDWalls/DesignA/MI_Mon_DesignA1" 9122
"/Game/Virtual_Studio_Kit/Materials/LEDWalls/DesignA/MI_Mon_DesignA3" 9123
"/Game/Virtual_Studio_Kit/Materials/LEDWalls/DesignA/MI_Mon_DesignA" 9124
"/Game/Virtual_Studio_Kit/Materials/LEDWalls/DesignA/MI_Mon_DesignA4" 9125
"/Game/Virtual_Studio_Kit/Materials/LEDWalls/MI_Mon_Horz" 9126
"/Game/Virtual_Studio_Kit/Materials/LEDWalls/MI_Mon_Vert" 9127
"/Game/Virtual_Studio_Kit/Materials/LEDWalls/MI_Monitor_Inst11" 9128
"/Game/Virtual_Studio_Kit/Materials/LEDWalls/MI_Monitor_Inst7" 9129
"/Game/Virtual_Studio_Kit/Materials/LEDWalls/MI_Monitor_Inst8" 9130
"/Game/Virtual_Studio_Kit/Materials/Glass/M_Glass_Int_01_Inst" 9131
"/Game/Virtual_Studio_Kit/Materials/LEDWalls/Paragon/M_Revanant" 9132
"/Game/Virtual_Studio_Kit/Materials/LEDWalls/Paragon/M_Auraura" 9133
"/Game/Virtual_Studio_Kit/Materials/LEDWalls/Paragon/M_16x9_Monitor11" 9134
"/Game/Virtual_Studio_Kit/Materials/LEDWalls/Paragon/M_Lin" 9135
"/Game/Virtual_Studio_Kit/Materials/LEDWalls/Paragon/M_16x9_Monitor10" 9136
"/Game/Virtual_Studio_Kit/Materials/LEDWalls/Paragon/M_Wraith1920" 9137
"/Game/Virtual_Studio_Kit/Materials/LEDWalls/Paragon/M_Phase" 9138
"/Game/Virtual_Studio_Kit/Materials/LEDWalls/Paragon/M_Kallari_1920" 9139
"/Game/Virtual_Studio_Kit/Materials/LEDWalls/Paragon/M_Kallari" 9140
"/Game/Virtual_Studio_Kit/Materials/LEDWalls/Paragon/M_Crunch" 9141
"/Game/Virtual_Studio_Kit/Materials/LEDWalls/Paragon/M_L_Belica" 9142
"/Game/Virtual_Studio_Kit/Materials/LEDWalls/Paragon/M_Rampage" 9143
"/Game/Virtual_Studio_Kit/Materials/LEDWalls/Paragon/M_Steel_1920" 9144
"/Game/Virtual_Studio_Kit/Materials/LEDWalls/Paragon/M_Enviro1" 9145
"/Game/Virtual_Studio_Kit/Materials/LEDWalls/Paragon/M_Enviro2" 9146
"/Game/Virtual_Studio_Kit/Materials/Glossy/M_Floor_Inst10" 9147
"/Game/Virtual_Studio_Kit/Materials/Glossy/M_Floor_Inst9" 9148
"/Game/Virtual_Studio_Kit/Materials/Glossy/M_Floor_Inst8" 9149
"/Game/Virtual_Studio_Kit/Materials/Glossy/M_Floor_Inst7" 9150
"C:/Users/j/Documents/GitHub/UnrealProject/Content/Virtual_Studio_Kit/Meshes/Props/Spotlight/MI_Spotlight_Metal1.uasset" 9151
"C:/Users/j/Documents/GitHub/UnrealProject/Content/Virtual_Studio_Kit/Meshes/Props/NandoBeam/MI_Nando_Handle.uasset" 9152
"C:/Users/j/Documents/GitHub/UnrealProject/Content/Virtual_Studio_Kit/Meshes/Props/Spotlight/MI_Spotlight_Base.uasset" 9153
"C:/Users/j/Documents/GitHub/UnrealProject/Content/ParagonGideon/Characters/Global/MaterialLayers/Painted/ML_Painted_Blue.uasset" 9154
"C:/Users/j/Documents/GitHub/UnrealProject/Content/ParagonGreystone/Characters/Global/MaterialLayers/Metal/ML_Steel_v001_GrayBlack_Shiny_helmet.uasset" 9155
"C:/Users/j/Documents/GitHub/UnrealProject/Content/ParagonGideon/Characters/Global/MaterialLayers/Synthetics/ML_Gem.uasset" 9156
"C:/Users/j/Documents/GitHub/UnrealProject/Content/ParagonGreystone/Characters/Global/MaterialFunctions/MF_HitFlash.uasset" 9157
"C:/Users/j/Documents/GitHub/UnrealProject/Content/Virtual_Studio_Kit/Meshes/Props/NandoBeam/MI_Nando_Base.uasset" 9158
"C:/Users/j/Documents/GitHub/UnrealProject/Content/ParagonGreystone/Characters/Heroes/Greystone/Materials/M_Greystone_RockHair.uasset" 9159
"C:/Users/j/Documents/GitHub/UnrealProject/Content/ParagonGreystone/Characters/Global/MaterialLayers/Fabric/ML_HeavyFabric03.uasset" 9160
"C:/Users/j/Documents/GitHub/UnrealProject/Content/ParagonGideon/Characters/Global/MaterialLayers/Skin/ML_Skin.uasset" 9161
"C:/Users/j/Documents/GitHub/UnrealProject/Content/Virtual_Studio_Kit/Meshes/Props/Fresnel/MI_Fresnel_Inst.uasset" 9162
"C:/Users/j/Documents/GitHub/UnrealProject/Content/ParagonGideon/Characters/Global/MaterialFunctions/MF_HitFlash.uasset" 9163
"C:/Users/j/Documents/GitHub/UnrealProject/Content/ParagonGideon/Characters/Global/MaterialLayers/Metal/ML_Gold_Metal02.uasset" 9164
"C:/Users/j/Documents/GitHub/UnrealProject/Content/ParagonAurora/Characters/Global/MaterialLayers/Special/ML_TranslucentIce.uasset" 9165
"C:/Users/j/Documents/GitHub/UnrealProject/Content/ParagonAurora/Characters/Global/MaterialFunctions/MF_HitFlash.uasset" 9166
"C:/Users/j/Documents/GitHub/UnrealProject/Content/ParagonGreystone/Characters/Global/MaterialLayers/Leather/ML_Synthetic_Leather_Dark.uasset" 9167
"C:/Users/j/Documents/GitHub/UnrealProject/Content/ParagonAurora/Characters/Global/MaterialFunctions/Events/WinterHoliday2016/MF_Snow_Accumulation.uasset" 9168
"C:/Users/j/Documents/GitHub/UnrealProject/Content/Virtual_Studio_Kit/Meshes/Props/Spotlight/MI_Spotlight_Metal.uasset" 9169
"C:/Users/j/Documents/GitHub/UnrealProject/Content/ParagonGreystone/Characters/Global/MaterialLayers/Metal/ML_blue_Metal.uasset" 9170
"C:/Users/j/Documents/GitHub/UnrealProject/Content/ParagonGreystone/Characters/Global/MaterialLayers/Metal/ML_Gold_Metal02.uasset" 9171
"C:/Users/j/Documents/GitHub/UnrealProject/Content/Virtual_Studio_Kit/Meshes/Props/SkyPanel/MI_Arri_Skypanel.uasset" 9172
"C:/Users/j/Documents/GitHub/UnrealProject/Content/ParagonGreystone/Characters/Global/MaterialLayers/Leather/ML_Dark_Leather02_Brown_3.uasset" 9173
"C:/Users/j/Documents/GitHub/UnrealProject/Content/ParagonGreystone/Characters/Global/MaterialLayers/Skin/ML_Skin.uasset" 9174
"C:/Users/j/Documents/GitHub/UnrealProject/Content/ParagonGideon/Characters/Global/MaterialLayers/Metal/ML_blue_Metal.uasset" 9175
"C:/Users/j/Documents/GitHub/UnrealProject/Content/ParagonAurora/Characters/Global/MaterialLayers/Leather/ML_ThinLeather01.uasset" 9176
"C:/Users/j/Documents/GitHub/UnrealProject/Content/Virtual_Studio_Kit/Meshes/Props/Spotlight/MI_Spotlight_Blue.uasset" 9177
"C:/Users/j/Documents/GitHub/UnrealProject/Content/ParagonAurora/Characters/Global/MaterialLayers/Metal/ML_LowContrastHardMetal.uasset" 9178
"C:/Users/j/Documents/GitHub/UnrealProject/Content/ParagonAurora/Characters/Global/MaterialLayers/Special/ML_TranslucentIceyGem_Cheap.uasset" 9179
"C:/Users/j/Documents/GitHub/UnrealProject/Content/ParagonAurora/Characters/Heroes/Aurora/Materials/MF_Aurora_Sword_FX.uasset" 9180
"C:/Users/j/Documents/GitHub/UnrealProject/Content/ParagonAurora/Characters/Global/MaterialLayers/Metal/ML_blue_Metal.uasset" 9181
"C:/Users/j/Documents/GitHub/UnrealProject/Content/Virtual_Studio_Kit/Meshes/Props/Spotlight/MI_Spotlight_Plastic.uasset" 9182
"/Game/ParagonAurora/Characters/Global/MaterialFunctions/Events/WinterHoliday2016/MF_Snow_Accumulation" 9183
"/Game/ParagonAurora/Characters/Heroes/Aurora/Materials/MF_Aurora_Sword_FX" 9184
"/Game/ParagonAurora/Characters/Global/MaterialFunctions/MF_HitFlash" 9185
"/Game/ParagonAurora/Characters/Global/MaterialLayers/Metal/ML_blue_Metal" 9186
"/Game/ParagonAurora/Characters/Global/MaterialLayers/Special/ML_TranslucentIce" 9187
"/Game/ParagonAurora/Characters/Global/MaterialLayers/Special/ML_TranslucentIceyGem_Cheap" 9188
"/Game/ParagonAurora/Characters/Global/MaterialLayers/Leather/ML_ThinLeather01" 9189
"/Game/ParagonGreystone/Characters/Global/MaterialLayers/Skin/ML_Skin" 9190
"/Game/ParagonAurora/Characters/Global/MaterialLayers/Metal/ML_LowContrastHardMetal" 9191
"/Game/ParagonGreystone/Characters/Global/MaterialLayers/Fabric/ML_HeavyFabric03" 9192
"/Game/ParagonGreystone/Characters/Global/MaterialLayers/Metal/ML_Gold_Metal02" 9193
"/Game/ParagonGreystone/Characters/Global/MaterialFunctions/MF_HitFlash" 9194
"/Game/ParagonGreystone/Characters/Global/MaterialLayers/Metal/ML_blue_Metal" 9195
"/Game/ParagonGreystone/Characters/Global/MaterialLayers/Leather/ML_Synthetic_Leather_Dark" 9196
"/Game/ParagonGreystone/Characters/Global/MaterialLayers/Leather/ML_Dark_Leather02_Brown_3" 9197
"/Game/ParagonGreystone/Characters/Heroes/Greystone/Materials/M_Greystone_RockHair" 9198
"/Game/ParagonGideon/Characters/Global/MaterialLayers/Painted/ML_Painted_Blue" 9199
"/Game/ParagonGideon/Characters/Global/MaterialLayers/Skin/ML_Skin" 9200
"/Game/ParagonGideon/Characters/Global/MaterialLayers/Metal/ML_Gold_Metal02" 9201
"/Game/ParagonGideon/Characters/Global/MaterialLayers/Metal/ML_blue_Metal" 9202
"/Game/ParagonGideon/Characters/Global/MaterialFunctions/MF_HitFlash" 9203
"/Game/ParagonGreystone/Characters/Global/MaterialLayers/Metal/ML_Steel_v001_GrayBlack_Shiny_helmet" 9204
"/Game/ParagonGideon/Characters/Global/MaterialLayers/Synthetics/ML_Gem" 9205
"/Game/Virtual_Studio_Kit/Meshes/Props/Fresnel/MI_Fresnel_Inst" 9206
"/Game/Virtual_Studio_Kit/Meshes/Props/Spotlight/MI_Spotlight_Base" 9207
"/Game/Virtual_Studio_Kit/Meshes/Props/Spotlight/MI_Spotlight_Metal" 9208
"/Game/Virtual_Studio_Kit/Meshes/Props/Spotlight/MI_Spotlight_Plastic" 9209
"/Game/Virtual_Studio_Kit/Meshes/Props/NandoBeam/MI_Nando_Base" 9210
"/Game/Virtual_Studio_Kit/Meshes/Props/NandoBeam/MI_Nando_Handle" 9211
"/Game/Virtual_Studio_Kit/Meshes/Props/SkyPanel/MI_Arri_Skypanel" 9212
"/Game/Virtual_Studio_Kit/Meshes/Props/Spotlight/MI_Spotlight_Metal1" 9213
"/Game/Virtual_Studio_Kit/Meshes/Props/Spotlight/MI_Spotlight_Blue" 9214
"C:/Users/j/Documents/GitHub/UnrealProject/Content/ParagonAurora/Characters/Global/MaterialLayers/Fabric/ML_Goldribbing02.uasset" 9215
"C:/Users/j/Documents/GitHub/UnrealProject/Content/__GroundAttackVFX/_GenericSource/Material/M_Vfx_DecalSpellAdd.uasset" 9216
"C:/Users/j/Documents/GitHub/UnrealProject/Content/Aura_Character/Material/M_Bluefire_Aura.uasset" 9217
"C:/Users/j/Documents/GitHub/UnrealProject/Content/__GroundAttackVFX/_GenericSource/Material/M_Vfx_DecalSpellErode.uasset" 9218
"C:/Users/j/Documents/GitHub/UnrealProject/Content/IceMagicSkill_v01/Resource/Mesh/SM_Pivot.uasset" 9219
"C:/Users/j/Documents/GitHub/UnrealProject/Content/__GroundAttackVFX/_GenericSource/Material/MI/MI_Vfx_Gradient_UVS_gale1.uasset" 9220
"C:/Users/j/Documents/GitHub/UnrealProject/Content/AdvancedPortalsSystemVFX/Materials/M_PortalTexture.uasset" 9221
"C:/Users/j/Documents/GitHub/UnrealProject/Content/Virtual_Studio_Kit/Materials/Brick/MI_Brick_Wihte.uasset" 9222
"C:/Users/j/Documents/GitHub/UnrealProject/Content/Virtual_Studio_Kit/Materials/Metals/MI_Alum_Brushed_Random.uasset" 9223
"C:/Users/j/Documents/GitHub/UnrealProject/Content/__GroundAttackVFX/_GenericSource/Material/M_Vfx_Trail_SharkFin.uasset" 9224
"C:/Users/j/Documents/GitHub/UnrealProject/Content/Virtual_Studio_Kit/Materials/Concrete/MI_Marble.uasset" 9225
"C:/Users/j/Documents/GitHub/UnrealProject/Content/Virtual_Studio_Kit/Materials/Wood/MI_Wood_Dark.uasset" 9226
"C:/Users/j/Documents/GitHub/UnrealProject/Content/Virtual_Studio_Kit/Materials/Glossy/MI_Red_Glossy_Pattern.uasset" 9227
"C:/Users/j/Documents/GitHub/UnrealProject/Content/Virtual_Studio_Kit/Materials/Glossy/MI_Black_Glossy_Pattern.uasset" 9228
"C:/Users/j/Documents/GitHub/UnrealProject/Content/Blood_Magic/Materials/Splash/MI_Blood_Magic_Splash2.uasset" 9229
"C:/Users/j/Documents/GitHub/UnrealProject/Content/ParagonGreystone/Characters/Global/MaterialLayers/Rubber/ML_Light_Shiny_Rubber.uasset" 9230
"C:/Users/j/Documents/GitHub/UnrealProject/Content/Virtual_Studio_Kit/Meshes/Paragon/Mod_Stage_Light_01.uasset" 9231
"C:/Users/j/Documents/GitHub/UnrealProject/Content/ParagonSteel/Characters/Global/MaterialLayers/Metal/ML_blue_Metal.uasset" 9232
"C:/Users/j/Documents/GitHub/UnrealProject/Content/ParagonSteel/Characters/Global/MaterialLayers/Rubber/ML_Rubber.uasset" 9233
"C:/Users/j/Documents/GitHub/UnrealProject/Content/ParagonAurora/Characters/Global/MaterialLayers/Skin/ML_Skin.uasset" 9234
"../../../Engine/Content/Functions/Engine_MaterialFunctions01/Texturing/ParallaxOcclusionMapping.uasset" 9235
"C:/Users/j/Documents/GitHub/UnrealProject/Content/Virtual_Studio_Kit/Materials/Metals/MI_Alum_Brushed.uasset" 9236
"C:/Users/j/Documents/GitHub/UnrealProject/Content/ParagonAurora/Characters/Global/MaterialFunctions/ML_Skin.uasset" 9237
"C:/Users/j/Documents/GitHub/UnrealProject/Content/__GroundAttackVFX/_GenericSource/Material/M_Vfx_IceReflect.uasset" 9238
"C:/Users/j/Documents/GitHub/UnrealProject/Content/Blood_Magic/Materials/Splash/MI_Blood_Magic_Splash3.uasset" 9239
"C:/Users/j/Documents/GitHub/UnrealProject/Content/Virtual_Studio_Kit/Materials/Decals/MI_Decal_Tape_Inst.uasset" 9240
"C:/Users/j/Documents/GitHub/UnrealProject/Content/Virtual_Studio_Kit/Materials/Glossy/MI_White_Glossy_Pattern.uasset" 9241
"C:/Users/j/Documents/GitHub/UnrealProject/Content/__GroundAttackVFX/_GenericSource/Material/MI/MI_Vfx_RadialRayAdd_Ghost.uasset" 9242
"C:/Users/j/Documents/GitHub/UnrealProject/Content/ParagonSteel/Characters/Global/MaterialFunctions/MF_HitFlash.uasset" 9243
"C:/Users/j/Documents/GitHub/UnrealProject/Content/Virtual_Studio_Kit/Materials/Glossy/MI_Black_Glossy_Pattern1.uasset" 9244
"/Game/Virtual_Studio_Kit/Materials/Glossy/MI_Black_Glossy_Pattern1" 9245
"/Game/Virtual_Studio_Kit/Materials/Glossy/MI_Black_Glossy_Pattern" 9246
"/Game/Virtual_Studio_Kit/Materials/Glossy/MI_White_Glossy_Pattern" 9247
"/Game/Virtual_Studio_Kit/Materials/Glossy/MI_Red_Glossy_Pattern" 9248
"/Game/Virtual_Studio_Kit/Materials/Wood/MI_Wood_Dark" 9249
"/Game/Virtual_Studio_Kit/Materials/Metals/MI_Alum_Brushed" 9250
"/Game/Virtual_Studio_Kit/Materials/Concrete/MI_Marble" 9251
"/Game/Virtual_Studio_Kit/Materials/Brick/MI_Brick_Wihte" 9252
"/Game/Virtual_Studio_Kit/Materials/Metals/MI_Alum_Brushed_Random" 9253
"/Game/Virtual_Studio_Kit/Meshes/Paragon/Mod_Stage_Light_01" 9254
"/Engine/Functions/Engine_MaterialFunctions01/Texturing/ParallaxOcclusionMapping" 9255
"/Game/__GroundAttackVFX/_GenericSource/Material/MI/MI_Vfx_Gradient_UVS_gale1" 9256
"/Game/ParagonGreystone/Characters/Global/MaterialLayers/Rubber/ML_Light_Shiny_Rubber" 9257
"/Game/Virtual_Studio_Kit/Materials/Decals/MI_Decal_Tape_Inst" 9258
"/Game/ParagonSteel/Characters/Global/MaterialLayers/Rubber/ML_Rubber" 9259
"/Game/ParagonSteel/Characters/Global/MaterialLayers/Metal/ML_blue_Metal" 9260
"/Game/ParagonSteel/Characters/Global/MaterialFunctions/MF_HitFlash" 9261
"/Game/__GroundAttackVFX/_GenericSource/Material/M_Vfx_IceReflect" 9262
"/Game/__GroundAttackVFX/_GenericSource/Material/M_Vfx_Trail_SharkFin" 9263
"/Game/AdvancedPortalsSystemVFX/Materials/M_PortalTexture" 9264
"/Game/Aura_Character/Material/M_Bluefire_Aura" 9265
"/Game/IceMagicSkill_v01/Resource/Mesh/SM_Pivot" 9266
"/Game/__GroundAttackVFX/_GenericSource/Material/MI/MI_Vfx_RadialRayAdd_Ghost" 9267
"/Game/__GroundAttackVFX/_GenericSource/Material/M_Vfx_DecalSpellErode" 9268
"/Game/__GroundAttackVFX/_GenericSource/Material/M_Vfx_DecalSpellAdd" 9269
"/Game/Blood_Magic/Materials/Splash/MI_Blood_Magic_Splash2" 9270
"/Game/Blood_Magic/Materials/Splash/MI_Blood_Magic_Splash3" 9271
"/Game/ParagonAurora/Characters/Global/MaterialLayers/Fabric/ML_Goldribbing02" 9272
"/Game/ParagonAurora/Characters/Global/MaterialLayers/Skin/ML_Skin" 9273
"/Game/ParagonAurora/Characters/Global/MaterialFunctions/ML_Skin" 9274
"C:/Users/j/Documents/GitHub/UnrealProject/Content/ParagonGreystone/Characters/Global/MaterialFunctions/MF_DeathFade.uasset" 9275
"C:/Users/j/Documents/GitHub/UnrealProject/Content/Virtual_Studio_Kit/Materials/Wood/MI_Wood_Planks.uasset" 9276
"C:/Users/j/Documents/GitHub/UnrealProject/Content/ParagonAurora/Characters/Global/MaterialFunctions/MF_DeathFade.uasset" 9277
"C:/Users/j/Documents/GitHub/UnrealProject/Content/AdvancedPortalsSystemVFX/Materials/Vortex_MI/MI_Portal_Vortex_01.uasset" 9278
"C:/Users/j/Documents/GitHub/UnrealProject/Content/__GroundAttackVFX/_GenericSource/Material/MI/MI_Vfx_ParticleSubUV_Stamp_IceFlower_61.uasset" 9279
"C:/Users/j/Documents/GitHub/UnrealProject/Content/__GroundAttackVFX/_GenericSource/Material/MI/MI_Vfx_ParticleSubUV_fog03_88_Fade_Add.uasset" 9280
"C:/Users/j/Documents/GitHub/UnrealProject/Content/AdvancedPortalsSystemVFX/Materials/Ring_MI/MI_Ring_02.uasset" 9281
"C:/Users/j/Documents/GitHub/UnrealProject/Content/AdvancedPortalsSystemVFX/Materials/Texture_MI/05/MI_Lines_05.uasset" 9282
"C:/Users/j/Documents/GitHub/UnrealProject/Content/__GroundAttackVFX/_GenericSource/Material/MI/MI_Vfx_ParticleSubUV_Stamp_Smoke02_88.uasset" 9283
"C:/Users/j/Documents/GitHub/UnrealProject/Content/__GroundAttackVFX/_GenericSource/Material/MI/MI_Vfx_Stuff_Fang_Blood_Inst.uasset" 9284
"C:/Users/j/Documents/GitHub/UnrealProject/Content/__GroundAttackVFX/_GenericSource/Material/MI/MI_Vfx_ParticleSubUVAA_Stamp_lighting22.uasset" 9285
"../../../Engine/Content/OpenWorldTemplate/LandscapeMaterial/M_ProcGrid.uasset" 9286
"C:/Users/j/Documents/GitHub/UnrealProject/Content/AdvancedPortalsSystemVFX/Materials/Vortex_MI/MI_Portal_Vortex_5.uasset" 9287
"C:/Users/j/Documents/GitHub/UnrealProject/Content/ParagonSteel/Characters/Global/MaterialFunctions/MF_DeathFade.uasset" 9288
"C:/Users/j/Documents/GitHub/UnrealProject/Content/__GroundAttackVFX/_GenericSource/Material/MI/MI_Vfx_ParticleSubUV_fog03_88_fade.uasset" 9289
"C:/Users/j/Documents/GitHub/UnrealProject/Content/ParagonGideon/Characters/Global/MaterialFunctions/MF_DeathFade.uasset" 9290
"C:/Users/j/Documents/GitHub/UnrealProject/Content/Virtual_Studio_Kit/Materials/Concrete/MI_Concrete.uasset" 9291
"/Game/AdvancedPortalsSystemVFX/Materials/Texture_MI/05/MI_Lines_05" 9292
"/Game/AdvancedPortalsSystemVFX/Materials/Ring_MI/MI_Ring_02" 9293
"/Game/AdvancedPortalsSystemVFX/Materials/Vortex_MI/MI_Portal_Vortex_01" 9294
"/Game/AdvancedPortalsSystemVFX/Materials/Vortex_MI/MI_Portal_Vortex_5" 9295
"/Game/__GroundAttackVFX/_GenericSource/Material/MI/MI_Vfx_Stuff_Fang_Blood_Inst" 9296
"/Engine/OpenWorldTemplate/LandscapeMaterial/M_ProcGrid" 9297
"/Game/__GroundAttackVFX/_GenericSource/Material/MI/MI_Vfx_ParticleSubUVAA_Stamp_lighting22" 9298
"/Game/__GroundAttackVFX/_GenericSource/Material/MI/MI_Vfx_ParticleSubUV_Stamp_IceFlower_61" 9299
"/Game/__GroundAttackVFX/_GenericSource/Material/MI/MI_Vfx_ParticleSubUV_fog03_88_Fade_Add" 9300
"/Game/__GroundAttackVFX/_GenericSource/Material/MI/MI_Vfx_ParticleSubUV_fog03_88_fade" 9301
"/Game/__GroundAttackVFX/_GenericSource/Material/MI/MI_Vfx_ParticleSubUV_Stamp_Smoke02_88" 9302
"/Game/ParagonSteel/Characters/Global/MaterialFunctions/MF_DeathFade" 9303
"/Game/ParagonAurora/Characters/Global/MaterialFunctions/MF_DeathFade" 9304
"/Game/ParagonGreystone/Characters/Global/MaterialFunctions/MF_DeathFade" 9305
"/Game/ParagonGideon/Characters/Global/MaterialFunctions/MF_DeathFade" 9306
"/Game/Virtual_Studio_Kit/Materials/Wood/MI_Wood_Planks" 9307
"/Game/Virtual_Studio_Kit/Materials/Concrete/MI_Concrete" 9308
"../../../Engine/Plugins/Interchange/Assets/Content/gltf/M_Unlit.uasset" 9309
"../../../Engine/Plugins/Interchange/Assets/Content/Functions/MX_TransmissionSurface.uasset" 9310
"C:/Users/j/Documents/GitHub/UnrealProject/Content/__GroundAttackVFX/_GenericSource/FBX/SM_Rock.uasset" 9311
"C:/Users/j/Documents/GitHub/UnrealProject/Content/__GroundAttackVFX/_GenericSource/FBX/SM_Rock1.uasset" 9312
"C:/Users/j/Documents/GitHub/UnrealProject/Content/__GroundAttackVFX/_GenericSource/FBX/SM_RockMountain.uasset" 9313
"C:/Users/j/Documents/GitHub/UnrealProject/Content/Data/ItemMeshandTexture.uasset" 9314
"C:/Users/j/Documents/GitHub/UnrealProject/Content/Virtual_Studio_Kit/Meshes/Paragon/M_Ring_Light.uasset" 9315
"C:/Users/j/Documents/GitHub/UnrealProject/Content/Virtual_Studio_Kit/Meshes/Paragon/Mod_Ibeam_20ft.uasset" 9316
"C:/Users/j/Documents/GitHub/UnrealProject/Content/__GroundAttackVFX/_GenericSource/Material/MI/MI_Vfx_Stuff_Fang_Inst.uasset" 9317
"C:/Users/j/Documents/GitHub/UnrealProject/Content/__GroundAttackVFX/_GenericSource/Material/M_Vfx_DecalMark.uasset" 9318
"C:/Users/j/Documents/GitHub/UnrealProject/Content/__GroundAttackVFX/_GenericSource/Material/MI/MI_Vfx_Stuff_Rock02_Inst.uasset" 9319
"../../../Engine/Content/Functions/Engine_MaterialFunctions02/Utility/DebugFloat2Values.uasset" 9320
"C:/Users/j/Documents/GitHub/UnrealProject/Content/__GroundAttackVFX/_GenericSource/Material/MI/MI_Vfx_RockDissolveWithEdge_Inst.uasset" 9321
"C:/Users/j/Documents/GitHub/UnrealProject/Content/__GroundAttackVFX/_GenericSource/Material/MI/MI_Vfx_Stuff_Rock02_Roughness.uasset" 9322
"../../../Engine/Plugins/Interchange/Assets/Content/Functions/MX_OpenPBR_Opaque.uasset" 9323
"C:/Users/j/Documents/GitHub/UnrealProject/Content/__GroundAttackVFX/_GenericSource/Material/MI/MI_Vfx_Stuff_Rock1_spell1.uasset" 9324
"C:/Users/j/Documents/GitHub/UnrealProject/Content/__GroundAttackVFX/_GenericSource/Material/MI/MI_Vfx_Stuff_Rock02_Trans.uasset" 9325
"/Game/Virtual_Studio_Kit/Meshes/Paragon/Mod_Ibeam_20ft" 9326
"/Game/Virtual_Studio_Kit/Meshes/Paragon/M_Ring_Light" 9327
"/Game/Data/ItemMeshandTexture" 9328
"/Engine/Functions/Engine_MaterialFunctions02/Utility/DebugFloat2Values" 9329
"/Game/__GroundAttackVFX/_GenericSource/Material/M_Vfx_DecalMark" 9330
"/Game/__GroundAttackVFX/_GenericSource/Material/MI/MI_Vfx_Stuff_Fang_Inst" 9331
"/Game/__GroundAttackVFX/_GenericSource/FBX/SM_RockMountain" 9332
"/Game/__GroundAttackVFX/_GenericSource/Material/MI/MI_Vfx_Stuff_Rock02_Trans" 9333
"/Game/__GroundAttackVFX/_GenericSource/Material/MI/MI_Vfx_Stuff_Rock02_Inst" 9334
"/Game/__GroundAttackVFX/_GenericSource/Material/MI/MI_Vfx_Stuff_Rock02_Roughness" 9335
"/Game/__GroundAttackVFX/_GenericSource/Material/MI/MI_Vfx_RockDissolveWithEdge_Inst" 9336
"/Game/__GroundAttackVFX/_GenericSource/Material/MI/MI_Vfx_Stuff_Rock1_spell1" 9337
"/Game/__GroundAttackVFX/_GenericSource/FBX/SM_Rock1" 9338
"/Game/__GroundAttackVFX/_GenericSource/FBX/SM_Rock" 9339
"/InterchangeAssets/Functions/MX_TransmissionSurface" 9340
"../../Plugins/Interchange/Assets/Content/Functions/MX_Transmission.uasset" 9341
"../../../Engine/Content/Functions/Engine_MaterialFunctions01/Volumetrics/BeersLaw.uasset" 9342
"/InterchangeAssets/gltf/M_Unlit" 9343
"/InterchangeAssets/Functions/MX_OpenPBR_Opaque" 9344
"C:/Users/j/Documents/GitHub/UnrealProject/Content/Virtual_Studio_Kit/Meshes/Paragon/Mod_Ibeam_Base.uasset" 9345
"C:/Users/j/Documents/GitHub/UnrealProject/Content/Virtual_Studio_Kit/Meshes/Paragon/Mod_Square_Light.uasset" 9346
"C:/Users/j/Documents/GitHub/UnrealProject/Content/Virtual_Studio_Kit/Meshes/Paragon/Mod_Ibeam_20ft_High.uasset" 9347
"C:/Users/j/Documents/GitHub/UnrealProject/Content/Virtual_Studio_Kit/Meshes/Paragon/Mod_Circle_light.uasset" 9348
"C:/Users/j/Documents/GitHub/UnrealProject/Content/Virtual_Studio_Kit/Meshes/Paragon/Mod_Beam_Feet.uasset" 9349
"C:/Users/j/Documents/GitHub/UnrealProject/Content/Virtual_Studio_Kit/Meshes/Paragon/Mod_Wall_Stripes.uasset" 9350
"C:/Users/j/Documents/GitHub/UnrealProject/Content/Virtual_Studio_Kit/Meshes/Paragon/Mod_Stair_Railing.uasset" 9351
"C:/Users/j/Documents/GitHub/UnrealProject/Content/Virtual_Studio_Kit/Meshes/Paragon/Mod_Stairs.uasset" 9352
"C:/Users/j/Documents/GitHub/UnrealProject/Content/Virtual_Studio_Kit/Meshes/Paragon/Mod_Wall_10ft.uasset" 9353
"C:/Users/j/Documents/GitHub/UnrealProject/Content/Virtual_Studio_Kit/Meshes/Paragon/Mod_Platform.uasset" 9354
"C:/Users/j/Documents/GitHub/UnrealProject/Content/Virtual_Studio_Kit/Meshes/Props/Spotlight/SM_Spotlight_Seprate_Spotlight_Handle.uasset" 9355
"C:/Users/j/Documents/GitHub/UnrealProject/Content/Virtual_Studio_Kit/Meshes/Props/Fresnel/SM_Fresnel_2K_Light_parts_2K_Brn_Top.uasset" 9356
"C:/Users/j/Documents/GitHub/UnrealProject/Content/Virtual_Studio_Kit/Meshes/Props/Fresnel/SM_Fresnel_2K_Light_parts_2K_Brn_Btm.uasset" 9357
"C:/Users/j/Documents/GitHub/UnrealProject/Content/Virtual_Studio_Kit/Meshes/Paragon/Mod_Ceiling_Tile.uasset" 9358
"C:/Users/j/Documents/GitHub/UnrealProject/Content/Virtual_Studio_Kit/Meshes/Props/Spotlight/SM_Spotlight_Seprate_Spotlight_Base.uasset" 9359
"C:/Users/j/Documents/GitHub/UnrealProject/Content/Virtual_Studio_Kit/Meshes/Paragon/Mod_Cable.uasset" 9360
"C:/Users/j/Documents/GitHub/UnrealProject/Content/Virtual_Studio_Kit/Meshes/Props/Fresnel/SM_Fresnel_2K_Light_parts_2K_Brn_Right.uasset" 9361
"C:/Users/j/Documents/GitHub/UnrealProject/Content/Virtual_Studio_Kit/Meshes/Props/Fresnel/SM_Fresnel_2K_Light_parts_2K_Arm.uasset" 9362
"C:/Users/j/Documents/GitHub/UnrealProject/Content/Virtual_Studio_Kit/Meshes/Paragon/Mod_Floor_400x400.uasset" 9363
"C:/Users/j/Documents/GitHub/UnrealProject/Content/Virtual_Studio_Kit/Meshes/Props/SM_Arri_Sky_Panel_Low.uasset" 9364
"C:/Users/j/Documents/GitHub/UnrealProject/Content/Virtual_Studio_Kit/Meshes/Props/Fresnel/SM_Fresnel_2K_Light_parts_2K_Base_1.uasset" 9365
"C:/Users/j/Documents/GitHub/UnrealProject/Content/Virtual_Studio_Kit/Meshes/Paragon/Epic_Logo.uasset" 9366
"C:/Users/j/Documents/GitHub/UnrealProject/Content/Virtual_Studio_Kit/Meshes/Paragon/Mod_Floor_20x20.uasset" 9367
"C:/Users/j/Documents/GitHub/UnrealProject/Content/Virtual_Studio_Kit/Meshes/Paragon/Mod_Railing_200cm.uasset" 9368
"C:/Users/j/Documents/GitHub/UnrealProject/Content/Virtual_Studio_Kit/Meshes/Paragon/Mod_HAV_Straight_20ft.uasset" 9369
"C:/Users/j/Documents/GitHub/UnrealProject/Content/Virtual_Studio_Kit/Meshes/Paragon/Mod_light_001.uasset" 9370
"C:/Users/j/Documents/GitHub/UnrealProject/Content/Virtual_Studio_Kit/Meshes/Props/NandoBeam/SM_Nandobeam-S9_Light_Seprate_Handle.uasset" 9371
"C:/Users/j/Documents/GitHub/UnrealProject/Content/Virtual_Studio_Kit/Meshes/Paragon/Mod_Eithernet_Cables_001.uasset" 9372
"C:/Users/j/Documents/GitHub/UnrealProject/Content/Virtual_Studio_Kit/Meshes/Props/NandoBeam/SM_Nandobeam-S9_Light_Seprate_Bulb.uasset" 9373
"C:/Users/j/Documents/GitHub/UnrealProject/Content/Virtual_Studio_Kit/Meshes/Props/NandoBeam/SM_Nandobeam-S9_Light_Seprate_Base.uasset" 9374
"C:/Users/j/Documents/GitHub/UnrealProject/Content/Virtual_Studio_Kit/Meshes/Paragon/Mod_Window_Treatment.uasset" 9375
"C:/Users/j/Documents/GitHub/UnrealProject/Content/Virtual_Studio_Kit/Meshes/Props/Fresnel/SM_Fresnel_2K_Light_parts_2K_Brn_Left.uasset" 9376
"/Game/Virtual_Studio_Kit/Meshes/Props/Fresnel/SM_Fresnel_2K_Light_parts_2K_Brn_Left" 9377
"/Game/Virtual_Studio_Kit/Meshes/Props/Fresnel/SM_Fresnel_2K_Light_parts_2K_Base_1" 9378
"/Game/Virtual_Studio_Kit/Meshes/Props/Fresnel/SM_Fresnel_2K_Light_parts_2K_Arm" 9379
"/Game/Virtual_Studio_Kit/Meshes/Props/Fresnel/SM_Fresnel_2K_Light_parts_2K_Brn_Right" 9380
"/Game/Virtual_Studio_Kit/Meshes/Props/Fresnel/SM_Fresnel_2K_Light_parts_2K_Brn_Top" 9381
"/Game/Virtual_Studio_Kit/Meshes/Props/Fresnel/SM_Fresnel_2K_Light_parts_2K_Brn_Btm" 9382
"/Game/Virtual_Studio_Kit/Meshes/Props/Spotlight/SM_Spotlight_Seprate_Spotlight_Base" 9383
"/Game/Virtual_Studio_Kit/Meshes/Props/Spotlight/SM_Spotlight_Seprate_Spotlight_Handle" 9384
"/Game/Virtual_Studio_Kit/Meshes/Props/NandoBeam/SM_Nandobeam-S9_Light_Seprate_Base" 9385
"/Game/Virtual_Studio_Kit/Meshes/Props/NandoBeam/SM_Nandobeam-S9_Light_Seprate_Handle" 9386
"/Game/Virtual_Studio_Kit/Meshes/Props/NandoBeam/SM_Nandobeam-S9_Light_Seprate_Bulb" 9387
"/Game/Virtual_Studio_Kit/Meshes/Props/SM_Arri_Sky_Panel_Low" 9388
"/Game/Virtual_Studio_Kit/Meshes/Paragon/Mod_Stair_Railing" 9389
"/Game/Virtual_Studio_Kit/Meshes/Paragon/Mod_Railing_200cm" 9390
"/Game/Virtual_Studio_Kit/Meshes/Paragon/Mod_HAV_Straight_20ft" 9391
"/Game/Virtual_Studio_Kit/Meshes/Paragon/Mod_Eithernet_Cables_001" 9392
"/Game/Virtual_Studio_Kit/Meshes/Paragon/Epic_Logo" 9393
"/Game/Virtual_Studio_Kit/Meshes/Paragon/Mod_Beam_Feet" 9394
"/Game/Virtual_Studio_Kit/Meshes/Paragon/Mod_Floor_400x400" 9395
"/Game/Virtual_Studio_Kit/Meshes/Paragon/Mod_Stairs" 9396
"/Game/Virtual_Studio_Kit/Meshes/Paragon/Mod_Floor_20x20" 9397
"/Game/Virtual_Studio_Kit/Meshes/Paragon/Mod_Platform" 9398
"/Game/Virtual_Studio_Kit/Meshes/Paragon/Mod_Cable" 9399
"/Game/Virtual_Studio_Kit/Meshes/Paragon/Mod_Ceiling_Tile" 9400
"/Game/Virtual_Studio_Kit/Meshes/Paragon/Mod_light_001" 9401
"/Game/Virtual_Studio_Kit/Meshes/Paragon/Mod_Wall_10ft" 9402
"/Game/Virtual_Studio_Kit/Meshes/Paragon/Mod_Window_Treatment" 9403
"/Game/Virtual_Studio_Kit/Meshes/Paragon/Mod_Circle_light" 9404
"/Game/Virtual_Studio_Kit/Meshes/Paragon/Mod_Wall_Stripes" 9405
"/Game/Virtual_Studio_Kit/Meshes/Paragon/Mod_Square_Light" 9406
"/Game/Virtual_Studio_Kit/Meshes/Paragon/Mod_Ibeam_Base" 9407
"/Game/Virtual_Studio_Kit/Meshes/Paragon/Mod_Ibeam_20ft_High" 9408
"C:/Users/j/Documents/GitHub/UnrealProject/Content/ParagonGreystone/Characters/Global/MaterialFunctions/MF_OrionRimlight.uasset" 9409
"C:/Users/j/Documents/GitHub/UnrealProject/Content/ParagonAurora/Characters/Global/MaterialFunctions/MF_OrionRimlight.uasset" 9410
"C:/Users/j/Documents/GitHub/UnrealProject/Content/ParagonGideon/Characters/Global/MaterialFunctions/MF_OrionRimlight.uasset" 9411
"C:/Users/j/Documents/GitHub/UnrealProject/Content/Aura_Character/Material/MI_Bluefire_Aura_Inst.uasset" 9412
"C:/Users/j/Documents/GitHub/UnrealProject/Content/__GroundAttackVFX/_GenericSource/Material/MI/MI_Vfx_DecalSpellErode_rift1.uasset" 9413
"C:/Users/j/Documents/GitHub/UnrealProject/Content/__GroundAttackVFX/_GenericSource/Material/MI/MI_Vfx_Trail_Basic_GroundSlash.uasset" 9414
"C:/Users/j/Documents/GitHub/UnrealProject/Content/__GroundAttackVFX/_GenericSource/Material/MI/MI_Vfx_IceReflect_Inst1.uasset" 9415
"C:/Users/j/Documents/GitHub/UnrealProject/Content/__GroundAttackVFX/_GenericSource/FBX/SM_Cyc.uasset" 9416
"C:/Users/j/Documents/GitHub/UnrealProject/Content/Virtual_Studio_Kit/Meshes/Props/BP_Tape_Decales.uasset" 9417
"C:/Users/j/Documents/GitHub/UnrealProject/Content/Virtual_Studio_Kit/Meshes/Props/SM_Trusses_Arc_Tube.uasset" 9418
"C:/Users/j/Documents/GitHub/UnrealProject/Content/Virtual_Studio_Kit/Meshes/Monitors/SM_Monitors_Vertical_Bezels16x9.uasset" 9419
"C:/Users/j/Documents/GitHub/UnrealProject/Content/Virtual_Studio_Kit/Meshes/Props/SM_Trusses.uasset" 9420
"C:/Users/j/Documents/GitHub/UnrealProject/Content/Virtual_Studio_Kit/Meshes/Props/SM_Light_Stand.uasset" 9421
"C:/Users/j/Documents/GitHub/UnrealProject/Content/Virtual_Studio_Kit/Meshes/Props/SM_Square_Light_Panel.uasset" 9422
"C:/Users/j/Documents/GitHub/UnrealProject/Content/Virtual_Studio_Kit/Meshes/Trims/SM_ModularKit_01_Trim_6.uasset" 9423
"C:/Users/j/Documents/GitHub/UnrealProject/Content/Virtual_Studio_Kit/Meshes/Railings/SM_Railing_Glass_01.uasset" 9424
"C:/Users/j/Documents/GitHub/UnrealProject/Content/ParagonAurora/Characters/Heroes/Aurora/Materials/M_PDO_AuroraTransition.uasset" 9425
"C:/Users/j/Documents/GitHub/UnrealProject/Content/__GroundAttackVFX/_GenericSource/Material/MI/MI_Vfx_IceReflect_Inst.uasset" 9426
"C:/Users/j/Documents/GitHub/UnrealProject/Content/Virtual_Studio_Kit/Meshes/Stairs/SM_Stairs_Mod_01_Railing.uasset" 9427
"C:/Users/j/Documents/GitHub/UnrealProject/Content/ParagonSteel/Characters/Global/MaterialFunctions/MF_OrionRimlight.uasset" 9428
"C:/Users/j/Documents/GitHub/UnrealProject/Content/Virtual_Studio_Kit/Meshes/Props/SM_Light_Stand_Base.uasset" 9429
"C:/Users/j/Documents/GitHub/UnrealProject/Content/__GroundAttackVFX/_GenericSource/Material/MI/MI_Vfx_IceReflect_red.uasset" 9430
"/Game/Virtual_Studio_Kit/Meshes/Props/SM_Trusses_Arc_Tube" 9431
"C:/Users/j/Documents/GitHub/UnrealProject/Content/ParagonAurora/Characters/Global/MaterialLayers/Special/MF_WinterFrost.uasset" 9432
"C:/Users/j/Documents/GitHub/UnrealProject/Content/__GroundAttackVFX/_GenericSource/Material/MI/MI_Vfx_DecalSpellErode_Round.uasset" 9433
"C:/Users/j/Documents/GitHub/UnrealProject/Content/__GroundAttackVFX/_GenericSource/Material/MI/MI_Vfx_DecalSpellErode_Ins.uasset" 9434
"C:/Users/j/Documents/GitHub/UnrealProject/Content/Virtual_Studio_Kit/Meshes/Monitors/SM_Monitors_Horizontal_Bezels16x9.uasset" 9435
"C:/Users/j/Documents/GitHub/UnrealProject/Content/__GroundAttackVFX/_GenericSource/Material/MI/MI_Vfx_DecalSpellErode_rift_add.uasset" 9436
"C:/Users/j/Documents/GitHub/UnrealProject/Content/Virtual_Studio_Kit/Meshes/Props/SM_CircleLight.uasset" 9437
"C:/Users/j/Documents/GitHub/UnrealProject/Content/AdvancedPortalsSystemVFX/Materials/Texture_MI/05/MI_PortalTexture_05.uasset" 9438
"C:/Users/j/Documents/GitHub/UnrealProject/Content/Virtual_Studio_Kit/Materials/Concrete/M_Wall_Parallax.uasset" 9439
"C:/Users/j/Documents/GitHub/UnrealProject/Content/Virtual_Studio_Kit/Meshes/Trims/SM_ModularKit_01_Floor_Trim_20x4in.uasset" 9440
"C:/Users/j/Documents/GitHub/UnrealProject/Content/Virtual_Studio_Kit/Meshes/Facades/SM_Facade_Grids.uasset" 9441
"/Game/__GroundAttackVFX/_GenericSource/FBX/SM_Cyc" 9442
"/Game/Virtual_Studio_Kit/Meshes/Props/BP_Tape_Decales" 9443
"/Game/__GroundAttackVFX/_GenericSource/Material/MI/MI_Vfx_IceReflect_Inst1" 9444
"/Game/__GroundAttackVFX/_GenericSource/Material/MI/MI_Vfx_Trail_Basic_GroundSlash" 9445
"/Game/Aura_Character/Material/MI_Bluefire_Aura_Inst" 9446
"/Game/__GroundAttackVFX/_GenericSource/Material/MI/MI_Vfx_DecalSpellErode_rift1" 9447
"/Game/ParagonAurora/Characters/Global/MaterialFunctions/MF_OrionRimlight" 9448
"/Game/ParagonGreystone/Characters/Global/MaterialFunctions/MF_OrionRimlight" 9449
"/Game/ParagonGideon/Characters/Global/MaterialFunctions/MF_OrionRimlight" 9450
"/Game/Virtual_Studio_Kit/Meshes/Facades/SM_Facade_Grids" 9451
"/Game/Virtual_Studio_Kit/Meshes/Stairs/SM_Stairs_Mod_01_Railing" 9452
"/Game/Virtual_Studio_Kit/Meshes/Trims/SM_ModularKit_01_Floor_Trim_20x4in" 9453
"/Game/Virtual_Studio_Kit/Meshes/Trims/SM_ModularKit_01_Trim_6" 9454
"/Game/Virtual_Studio_Kit/Meshes/Railings/SM_Railing_Glass_01" 9455
"/Game/Virtual_Studio_Kit/Meshes/Props/SM_Square_Light_Panel" 9456
"/Game/Virtual_Studio_Kit/Meshes/Props/SM_Light_Stand" 9457
"/Game/Virtual_Studio_Kit/Meshes/Props/SM_CircleLight" 9458
"/Game/Virtual_Studio_Kit/Meshes/Props/SM_Trusses" 9459
"/Game/Virtual_Studio_Kit/Meshes/Monitors/SM_Monitors_Horizontal_Bezels16x9" 9460
"/Game/Virtual_Studio_Kit/Meshes/Monitors/SM_Monitors_Vertical_Bezels16x9" 9461
"/Game/Virtual_Studio_Kit/Meshes/Props/SM_Light_Stand_Base" 9462
"/Game/Virtual_Studio_Kit/Materials/Concrete/M_Wall_Parallax" 9463
"/Game/ParagonSteel/Characters/Global/MaterialFunctions/MF_OrionRimlight" 9464
"/Game/__GroundAttackVFX/_GenericSource/Material/MI/MI_Vfx_IceReflect_red" 9465
"/Game/__GroundAttackVFX/_GenericSource/Material/MI/MI_Vfx_IceReflect_Inst" 9466
"/Game/AdvancedPortalsSystemVFX/Materials/Texture_MI/05/MI_PortalTexture_05" 9467
"/Game/__GroundAttackVFX/_GenericSource/Material/MI/MI_Vfx_DecalSpellErode_Ins" 9468
"/Game/__GroundAttackVFX/_GenericSource/Material/MI/MI_Vfx_DecalSpellErode_Round" 9469
"/Game/__GroundAttackVFX/_GenericSource/Material/MI/MI_Vfx_DecalSpellErode_rift_add" 9470
"/Game/ParagonAurora/Characters/Global/MaterialLayers/Special/MF_WinterFrost" 9471
"/Game/ParagonAurora/Characters/Heroes/Aurora/Materials/M_PDO_AuroraTransition" 9472
"C:/Users/j/Documents/GitHub/UnrealProject/Content/Virtual_Studio_Kit/Meshes/Trims/SM_ModularKit_01_Frame_10x10_Trim_2.uasset" 9473
"C:/Users/j/Documents/GitHub/UnrealProject/Content/Virtual_Studio_Kit/Meshes/Doors/SM_Doors.uasset" 9474
"C:/Users/j/Documents/GitHub/UnrealProject/Content/Virtual_Studio_Kit/Meshes/Frames/SM_ModularKit_01_Wall_10x10_Angles_2.uasset" 9475
"C:/Users/j/Documents/GitHub/UnrealProject/Content/Virtual_Studio_Kit/Meshes/Walls/SM_ModularKit_01_Wall_20x10_2.uasset" 9476
"C:/Users/j/Documents/GitHub/UnrealProject/Content/Virtual_Studio_Kit/Meshes/Walls/SM_ModularKit_01_Door_2.uasset" 9477
"C:/Users/j/Documents/GitHub/UnrealProject/Content/Virtual_Studio_Kit/Meshes/Trims/SM_ModularKit_01_Floor_Trim_2_2.uasset" 9478
"C:/Users/j/Documents/GitHub/UnrealProject/Content/Virtual_Studio_Kit/Meshes/Facades/SM_Facade_Stripes_Design.uasset" 9479
"C:/Users/j/Documents/GitHub/UnrealProject/Content/Virtual_Studio_Kit/Meshes/Floors/SM_ModularKit_01_Floor_20x20_Quad_3.uasset" 9480
"C:/Users/j/Documents/GitHub/UnrealProject/Content/Virtual_Studio_Kit/Meshes/Walls/SM_ModularKit_01_Door_1.uasset" 9481
"C:/Users/j/Documents/GitHub/UnrealProject/Content/Virtual_Studio_Kit/Meshes/Floors/SM_ModularKit_01_Floor_20x20_Inner.uasset" 9482
"C:/Users/j/Documents/GitHub/UnrealProject/Content/Virtual_Studio_Kit/Meshes/Facades/SM_Facade_Cubes.uasset" 9483
"C:/Users/j/Documents/GitHub/UnrealProject/Content/Virtual_Studio_Kit/Meshes/Walls/SM_ModularKit_01_Wall_10x10_Groves2.uasset" 9484
"/Game/Virtual_Studio_Kit/Meshes/Doors/SM_Doors" 9485
"C:/Users/j/Documents/GitHub/UnrealProject/Content/Virtual_Studio_Kit/Meshes/Walls/SM_ModularKit_01_Wall_10x10_Hole2.uasset" 9486
"C:/Users/j/Documents/GitHub/UnrealProject/Content/Virtual_Studio_Kit/Meshes/Stairs/SM_StairCase_Resized_01.uasset" 9487
"C:/Users/j/Documents/GitHub/UnrealProject/Content/Virtual_Studio_Kit/Meshes/Floors/SM_Floor_Patterns_Circle_01.uasset" 9488
"C:/Users/j/Documents/GitHub/UnrealProject/Content/Virtual_Studio_Kit/Meshes/Floors/SM_Floor_Patterns_Circle_02.uasset" 9489
"C:/Users/j/Documents/GitHub/UnrealProject/Content/Virtual_Studio_Kit/Meshes/Trims/SM_ModularKit_01_Floor_Trim_Circle.uasset" 9490
"C:/Users/j/Documents/GitHub/UnrealProject/Content/Virtual_Studio_Kit/Meshes/Walls/SM_ModularKit_01_Wall_5x5_Corner_Round.uasset" 9491
"C:/Users/j/Documents/GitHub/UnrealProject/Content/Virtual_Studio_Kit/Meshes/Risers/SM_Risers_Circular_02.uasset" 9492
"C:/Users/j/Documents/GitHub/UnrealProject/Content/Virtual_Studio_Kit/Meshes/Walls/SM_Walls.uasset" 9493
"C:/Users/j/Documents/GitHub/UnrealProject/Content/Virtual_Studio_Kit/Meshes/Floors/SM_ModularKit_01_Floor_20x20.uasset" 9494
"C:/Users/j/Documents/GitHub/UnrealProject/Content/Virtual_Studio_Kit/Meshes/Risers/SM_Risers_Arc.uasset" 9495
"C:/Users/j/Documents/GitHub/UnrealProject/Content/Virtual_Studio_Kit/Meshes/Frames/SM_ModularKit_01_Frame_10x10_Windows_2.uasset" 9496
"C:/Users/j/Documents/GitHub/UnrealProject/Content/Virtual_Studio_Kit/Meshes/Walls/SM_ModularKit_01_Wall_10x10_Groves.uasset" 9497
"C:/Users/j/Documents/GitHub/UnrealProject/Content/Virtual_Studio_Kit/Meshes/Frames/SM_ModularKit_01_Frame_20x10_Windows_2.uasset" 9498
"C:/Users/j/Documents/GitHub/UnrealProject/Content/Virtual_Studio_Kit/Meshes/Facades/SM_Facade_Extra.uasset" 9499
"C:/Users/j/Documents/GitHub/UnrealProject/Content/Virtual_Studio_Kit/Meshes/Trims/SM_ModularKit_01_Floor_Trim_20x2ft.uasset" 9500
"C:/Users/j/Documents/GitHub/UnrealProject/Content/Virtual_Studio_Kit/Meshes/Walls/SM_ModularKit_01_Wall_10x10_Round.uasset" 9501
"C:/Users/j/Documents/GitHub/UnrealProject/Content/Virtual_Studio_Kit/Meshes/Floors/SM_ModularKit_01_Floor_Triangle.uasset" 9502
"C:/Users/j/Documents/GitHub/UnrealProject/Content/Virtual_Studio_Kit/Meshes/Walls/SM_ModularKit_01_Wall_10x10.uasset" 9503
"C:/Users/j/Documents/GitHub/UnrealProject/Content/Virtual_Studio_Kit/Meshes/Walls/SM_ModularKit_01_Wall_5x10.uasset" 9504
"C:/Users/j/Documents/GitHub/UnrealProject/Content/Virtual_Studio_Kit/Meshes/Walls/SM_ModularKit_01_Wall_10x10_Hole4.uasset" 9505
"/Game/Virtual_Studio_Kit/Meshes/Trims/SM_ModularKit_01_Frame_10x10_Trim_2" 9506
"/Game/Virtual_Studio_Kit/Meshes/Floors/SM_ModularKit_01_Floor_20x20_Quad_3" 9507
"/Game/Virtual_Studio_Kit/Meshes/Frames/SM_ModularKit_01_Frame_20x10_Windows_2" 9508
"/Game/Virtual_Studio_Kit/Meshes/Floors/SM_ModularKit_01_Floor_20x20" 9509
"/Game/Virtual_Studio_Kit/Meshes/Risers/SM_Risers_Circular_02" 9510
"/Game/Virtual_Studio_Kit/Meshes/Frames/SM_ModularKit_01_Frame_10x10_Windows_2" 9511
"/Game/Virtual_Studio_Kit/Meshes/Walls/SM_Walls" 9512
"/Game/Virtual_Studio_Kit/Meshes/Walls/SM_ModularKit_01_Door_2" 9513
"/Game/Virtual_Studio_Kit/Meshes/Walls/SM_ModularKit_01_Door_1" 9514
"/Game/Virtual_Studio_Kit/Meshes/Trims/SM_ModularKit_01_Floor_Trim_Circle" 9515
"/Game/Virtual_Studio_Kit/Meshes/Floors/SM_Floor_Patterns_Circle_01" 9516
"/Game/Virtual_Studio_Kit/Meshes/Risers/SM_Risers_Arc" 9517
"/Game/Virtual_Studio_Kit/Meshes/Walls/SM_ModularKit_01_Wall_10x10_Hole4" 9518
"/Game/Virtual_Studio_Kit/Meshes/Trims/SM_ModularKit_01_Floor_Trim_2_2" 9519
"/Game/Virtual_Studio_Kit/Meshes/Floors/SM_Floor_Patterns_Circle_02" 9520
"/Game/Virtual_Studio_Kit/Meshes/Walls/SM_ModularKit_01_Wall_5x10" 9521
"/Game/Virtual_Studio_Kit/Meshes/Stairs/SM_StairCase_Resized_01" 9522
"/Game/Virtual_Studio_Kit/Meshes/Walls/SM_ModularKit_01_Wall_5x5_Corner_Round" 9523
"/Game/Virtual_Studio_Kit/Meshes/Walls/SM_ModularKit_01_Wall_10x10" 9524
"/Game/Virtual_Studio_Kit/Meshes/Walls/SM_ModularKit_01_Wall_10x10_Round" 9525
"/Game/Virtual_Studio_Kit/Meshes/Walls/SM_ModularKit_01_Wall_20x10_2" 9526
"/Game/Virtual_Studio_Kit/Meshes/Walls/SM_ModularKit_01_Wall_10x10_Groves2" 9527
"/Game/Virtual_Studio_Kit/Meshes/Facades/SM_Facade_Stripes_Design" 9528
"/Game/Virtual_Studio_Kit/Meshes/Walls/SM_ModularKit_01_Wall_10x10_Hole2" 9529
"/Game/Virtual_Studio_Kit/Meshes/Floors/SM_ModularKit_01_Floor_Triangle" 9530
"/Game/Virtual_Studio_Kit/Meshes/Floors/SM_ModularKit_01_Floor_20x20_Inner" 9531
"/Game/Virtual_Studio_Kit/Meshes/Trims/SM_ModularKit_01_Floor_Trim_20x2ft" 9532
"/Game/Virtual_Studio_Kit/Meshes/Frames/SM_ModularKit_01_Wall_10x10_Angles_2" 9533
"/Game/Virtual_Studio_Kit/Meshes/Facades/SM_Facade_Cubes" 9534
"/Game/Virtual_Studio_Kit/Meshes/Facades/SM_Facade_Extra" 9535
"/Game/Virtual_Studio_Kit/Meshes/Walls/SM_ModularKit_01_Wall_10x10_Groves" 9536
"C:/Users/j/Documents/GitHub/UnrealProject/Content/Virtual_Studio_Kit/Meshes/Stairs/SM_Stairs_Mod_01_Platform.uasset" 9537
"C:/Users/j/Documents/GitHub/UnrealProject/Content/Virtual_Studio_Kit/Meshes/Walls/SM_ModularKit_01_Wall_20x10_1.uasset" 9538
"C:/Users/j/Documents/GitHub/UnrealProject/Content/Virtual_Studio_Kit/Meshes/Trims/SM_ModularKit_01_Floor_Trim.uasset" 9539
"C:/Users/j/Documents/GitHub/UnrealProject/Content/Virtual_Studio_Kit/Meshes/Walls/SM_ModularKit_01_Wall_2_5x10ft.uasset" 9540
"../../../Engine/Plugins/Interchange/Assets/Content/gltf/MaterialInstances/MI_Unlit_Blend_DS.uasset" 9541
"../../../Engine/Plugins/Interchange/Assets/Content/gltf/MaterialInstances/MI_Unlit_Blend.uasset" 9542
"C:/Users/j/Documents/GitHub/UnrealProject/Content/AdvancedPortalsSystemVFX/VFX/Vortex/NS_Portal_Vortex_1.uasset" 9543
"../../../Engine/Plugins/Interchange/Assets/Content/Functions/MX_OpenPBR_Translucent.uasset" 9544
"../../../Engine/Plugins/Interchange/Assets/Content/gltf/MaterialInstances/MI_Unlit_Opaque_DS.uasset" 9545
"C:/Users/j/Documents/GitHub/UnrealProject/Content/Virtual_Studio_Kit/Meshes/Risers/SM_ModularKit_Risers_Riser_A.uasset" 9546
"C:/Users/j/Documents/GitHub/UnrealProject/Content/Virtual_Studio_Kit/Meshes/Frames/SM_Wall_10x10_Bookcase.uasset" 9547
"../../../Engine/Plugins/Interchange/Assets/Content/gltf/MaterialInstances/MI_Unlit_Mask.uasset" 9548
"C:/Users/j/Documents/GitHub/UnrealProject/Content/AdvancedPortalsSystemVFX/Demo/MI_ProcGrid.uasset" 9549
"C:/Users/j/Documents/GitHub/UnrealProject/Content/Aura_Character/Niagara/NS_FireBall_Aura.uasset" 9550
"C:/Users/j/Documents/GitHub/UnrealProject/Content/Virtual_Studio_Kit/Meshes/Walls/SM_ModularKit_01_Wall_5x10_inner.uasset" 9551
"../../../Engine/Plugins/Interchange/Assets/Content/gltf/MaterialInstances/MI_Unlit_Mask_DS.uasset" 9552
"../../../Engine/Plugins/Interchange/Assets/Content/gltf/MaterialInstances/MI_Unlit_Opaque.uasset" 9553
"C:/Users/j/Documents/GitHub/UnrealProject/Content/Animation/monsterani.uasset" 9554
"C:/Users/j/Documents/GitHub/UnrealProject/Content/Virtual_Studio_Kit/Meshes/Walls/SM_ModularKit_01_Wall_20x10.uasset" 9555
"/InterchangeAssets/Functions/MX_OpenPBR_Translucent" 9556
"/InterchangeAssets/gltf/MaterialInstances/MI_Unlit_Opaque" 9557
"/InterchangeAssets/gltf/MaterialInstances/MI_Unlit_Mask" 9558
"/InterchangeAssets/gltf/MaterialInstances/MI_Unlit_Blend" 9559
"/InterchangeAssets/gltf/MaterialInstances/MI_Unlit_Opaque_DS" 9560
"/InterchangeAssets/gltf/MaterialInstances/MI_Unlit_Mask_DS" 9561
"/InterchangeAssets/gltf/MaterialInstances/MI_Unlit_Blend_DS" 9562
"/Game/Aura_Character/Niagara/NS_FireBall_Aura" 9563
"../../Plugins/FX/Niagara/Content/DynamicInputs/Angles/Cosine.uasset" 9564
"../../Plugins/FX/Niagara/Content/DynamicInputs/Angles/Sine.uasset" 9565
"../../Plugins/FX/Niagara/Content/DynamicInputs/Multiply/Multiply_VectorByFloat.uasset" 9566
"../../Plugins/FX/Niagara/Content/DynamicInputs/TypeConversions/Vector2DFromFloat.uasset" 9567
"../../Plugins/FX/Niagara/Content/DynamicInputs/UniformRange/V2/RandomRangeVector2D.uasset" 9568
"../../Plugins/FX/Niagara/Content/Modules/Update/Orientation/SpriteRotationRate.uasset" 9569
"/Game/AdvancedPortalsSystemVFX/VFX/Vortex/NS_Portal_Vortex_1" 9570
"../../Plugins/FX/Niagara/Content/DynamicInputs/TypeConversions/MakeFloatFromVector2d.uasset" 9571
"../../Plugins/FX/Niagara/Content/DynamicInputs/TypeConversions/MakeFloatFromVector4.uasset" 9572
"../../Plugins/FX/Niagara/Content/Enums/ENiagaraVector2_Channels.uasset" 9573
"../../Plugins/FX/Niagara/Content/Functions/ChannelMasks/SelectV2Channel.uasset" 9574
"/Game/Animation/monsterani" 9575
"../../../../../../Users/j/Documents/GitHub/UnrealProject/Content/Animation/Attack1.uasset" 9576
"../../../../../../Users/j/Documents/GitHub/UnrealProject/Content/ParagonSteel/Characters/Heroes/Steel/Animations/Steel_Attack_Melee_Charge_A.uasset" 9577
"/Game/AdvancedPortalsSystemVFX/Demo/MI_ProcGrid" 9578
"/Game/Virtual_Studio_Kit/Meshes/Frames/SM_Wall_10x10_Bookcase" 9579
"/Game/Virtual_Studio_Kit/Meshes/Trims/SM_ModularKit_01_Floor_Trim" 9580
"/Game/Virtual_Studio_Kit/Meshes/Walls/SM_ModularKit_01_Wall_5x10_inner" 9581
"/Game/Virtual_Studio_Kit/Meshes/Stairs/SM_Stairs_Mod_01_Platform" 9582
"/Game/Virtual_Studio_Kit/Meshes/Risers/SM_ModularKit_Risers_Riser_A" 9583
"/Game/Virtual_Studio_Kit/Meshes/Walls/SM_ModularKit_01_Wall_20x10_1" 9584
"/Game/Virtual_Studio_Kit/Meshes/Walls/SM_ModularKit_01_Wall_20x10" 9585
"/Game/Virtual_Studio_Kit/Meshes/Walls/SM_ModularKit_01_Wall_2_5x10ft" 9586
"C:/Users/j/Documents/GitHub/UnrealProject/Content/Virtual_Studio_Kit/Meshes/Props/BP_SpotLight.uasset" 9587
"C:/Users/j/Documents/GitHub/UnrealProject/Content/__GroundAttackVFX/_GenericSource/Material/MI/MI_Vfx_DecalMark_Cave3.uasset" 9588
"C:/Users/j/Documents/GitHub/UnrealProject/Content/__GroundAttackVFX/_GenericSource/Material/MI/MI_Vfx_DecalMark_Rift.uasset" 9589
"C:/Users/j/Documents/GitHub/UnrealProject/Content/__GroundAttackVFX/_GenericSource/Material/MI/MI_Vfx_DecalMark_Rift_add.uasset" 9590
"C:/Users/j/Documents/GitHub/UnrealProject/Content/ParagonAurora/Characters/Heroes/Aurora/Materials/PDO_AuroraTransition_Inst.uasset" 9591
"C:/Users/j/Documents/GitHub/UnrealProject/Content/Blood_Magic/VFX_Niagara/NS_Blood_Magic_Slash1.uasset" 9592
"C:/Users/j/Documents/GitHub/UnrealProject/Content/Virtual_Studio_Kit/Materials/Concrete/M_Wall_Parallax_Inst.uasset" 9593
"C:/Users/j/Documents/GitHub/UnrealProject/Content/AdvancedPortalsSystemVFX/Demo/SM_Portal.uasset" 9594
"C:/Users/j/Documents/GitHub/UnrealProject/Content/Virtual_Studio_Kit/Meshes/Props/BP_CircleLight.uasset" 9595
"C:/Users/j/Documents/GitHub/UnrealProject/Content/Virtual_Studio_Kit/Meshes/Props/BP_Nando_Light.uasset" 9596
"C:/Users/j/Documents/GitHub/UnrealProject/Content/__GroundAttackVFX/_GenericSource/Material/MI/MI_Vfx_DecalMark_Cave5.uasset" 9597
"C:/Users/j/Documents/GitHub/UnrealProject/Content/Virtual_Studio_Kit/Meshes/Props/BP_2K_Spot.uasset" 9598
"../../../Engine/Content/Functions/Engine_MaterialFunctions02/Texturing/FlipBook.uasset" 9599
"C:/Users/j/Documents/GitHub/UnrealProject/Content/ParagonGreystone/Characters/Global/MaterialFunctions/MF_CharacterEffects.uasset" 9600
"C:/Users/j/Documents/GitHub/UnrealProject/Content/ParagonAurora/Characters/Global/MaterialFunctions/MF_CharacterEffects.uasset" 9601
"C:/Users/j/Documents/GitHub/UnrealProject/Content/__GroundAttackVFX/_GenericSource/Material/MI/MI_Vfx_DecalMark_Cave4.uasset" 9602
"C:/Users/j/Documents/GitHub/UnrealProject/Content/AdvancedPortalsSystemVFX/VFX/Vortex/NS_Portal_Vortex_5.uasset" 9603
"C:/Users/j/Documents/GitHub/UnrealProject/Content/ParagonSteel/Characters/Global/MaterialFunctions/MF_CharacterEffects.uasset" 9604
"C:/Users/j/Documents/GitHub/UnrealProject/Content/__GroundAttackVFX/_GenericSource/Material/MI/MI_Vfx_DecalMark_freeze2.uasset" 9605
"C:/Users/j/Documents/GitHub/UnrealProject/Content/ParagonGideon/Characters/Global/MaterialFunctions/MF_CharacterEffects.uasset" 9606
"C:/Users/j/Documents/GitHub/UnrealProject/Content/__GroundAttackVFX/_GenericSource/FBX/SM_GroundSlash01.uasset" 9607
"C:/Users/j/Documents/GitHub/UnrealProject/Content/__GroundAttackVFX/_GenericSource/Material/MI/MI_Vfx_DecalMark_freeze.uasset" 9608
"C:/Users/j/Documents/GitHub/UnrealProject/Content/__GroundAttackVFX/_GenericSource/Material/MI/MI_Vfx_DecalMark_Crack_Z.uasset" 9609
"C:/Users/j/Documents/GitHub/UnrealProject/Content/Blood_Magic/VFX_Niagara/NS_Blood_Magic_Beam2.uasset" 9610
"C:/Users/j/Documents/GitHub/UnrealProject/Content/__GroundAttackVFX/_GenericSource/Material/MI/MI_Vfx_DecalMark_Cave2.uasset" 9611
"C:/Users/j/Documents/GitHub/UnrealProject/Content/Blood_Magic/VFX_Niagara/NS_Blood_Magic_Wall2.uasset" 9612
"../../../Engine/Plugins/Interchange/Assets/Content/gltf/M_SpecularGlossiness.uasset" 9613
"../../../Engine/Plugins/Interchange/Assets/Content/gltf/M_Transmission.uasset" 9614
"C:/Users/j/Documents/GitHub/UnrealProject/Content/Blood_Magic/VFX_Niagara/NS_Blood_Magic_Projectile4.uasset" 9615
"../../../Engine/Plugins/Interchange/Assets/Content/gltf/M_ClearCoat.uasset" 9616
"../../../Engine/Plugins/Interchange/Assets/Content/gltf/M_Sheen.uasset" 9617
"C:/Users/j/Documents/GitHub/UnrealProject/Content/Aura_Character/Niagara/NS_Lightning_Aura.uasset" 9618
"/Game/Blood_Magic/VFX_Niagara/NS_Blood_Magic_Beam2" 9619
"../../Plugins/FX/Niagara/Content/DynamicInputs/Execution/ReturnNormalizedExecIndex.uasset" 9620
"../../Plugins/FX/Niagara/Content/DynamicInputs/Multiply/Multiply_Float.uasset" 9621
"../../Plugins/FX/Niagara/Content/DynamicInputs/ValueFromCurve/VectorFromCurve.uasset" 9622
"../../Plugins/FX/Niagara/Content/Modules/Update/Size/ScaleSpriteSizeBySpeed.uasset" 9623
"/Game/Blood_Magic/VFX_Niagara/NS_Blood_Magic_Slash1" 9624
"../../Plugins/FX/Niagara/Content/DynamicInputs/ValueFromCurve/ColorFromCurve.uasset" 9625
"../../Plugins/FX/Niagara/Content/Modules/Events/GenerateLocationEvent.uasset" 9626
"../../Plugins/FX/Niagara/Content/Modules/Events/ReceiveLocationEvent.uasset" 9627
"../../Plugins/FX/Niagara/Content/Modules/Spawn/Location/RotateAroundPoint.uasset" 9628
"../../Plugins/FX/Niagara/Content/Enums/Events/ENiagara_LocEventType.uasset" 9629
"../../Plugins/FX/Niagara/Content/Functions/Helpers/AdvancePositionWithAcceleration.uasset" 9630
"../../Plugins/FX/Niagara/Content/DefaultAssets/Structs/LocationEvent_V2.uasset" 9631
"/Game/AdvancedPortalsSystemVFX/Demo/SM_Portal" 9632
"/Game/Virtual_Studio_Kit/Meshes/Props/BP_CircleLight" 9633
"/Game/Virtual_Studio_Kit/Materials/Concrete/M_Wall_Parallax_Inst" 9634
"/Game/ParagonSteel/Characters/Global/MaterialFunctions/MF_CharacterEffects" 9635
"/Game/__GroundAttackVFX/_GenericSource/FBX/SM_GroundSlash01" 9636
"/Game/AdvancedPortalsSystemVFX/VFX/Vortex/NS_Portal_Vortex_5" 9637
"/Game/ParagonAurora/Characters/Global/MaterialFunctions/MF_CharacterEffects" 9638
"/Game/ParagonAurora/Characters/Heroes/Aurora/Materials/PDO_AuroraTransition_Inst" 9639
"/Game/ParagonGreystone/Characters/Global/MaterialFunctions/MF_CharacterEffects" 9640
"/Game/ParagonGideon/Characters/Global/MaterialFunctions/MF_CharacterEffects" 9641
"/Game/Virtual_Studio_Kit/Meshes/Props/BP_2K_Spot" 9642
"/Game/Virtual_Studio_Kit/Meshes/Props/BP_SpotLight" 9643
"/Game/Virtual_Studio_Kit/Meshes/Props/BP_Nando_Light" 9644
"/Engine/Functions/Engine_MaterialFunctions02/Texturing/FlipBook" 9645
"/Game/__GroundAttackVFX/_GenericSource/Material/MI/MI_Vfx_DecalMark_Cave5" 9646
"/Game/__GroundAttackVFX/_GenericSource/Material/MI/MI_Vfx_DecalMark_freeze2" 9647
"/Game/__GroundAttackVFX/_GenericSource/Material/MI/MI_Vfx_DecalMark_freeze" 9648
"/Game/__GroundAttackVFX/_GenericSource/Material/MI/MI_Vfx_DecalMark_Cave3" 9649
"/Game/__GroundAttackVFX/_GenericSource/Material/MI/MI_Vfx_DecalMark_Cave4" 9650
"/Game/__GroundAttackVFX/_GenericSource/Material/MI/MI_Vfx_DecalMark_Rift_add" 9651
"/Game/__GroundAttackVFX/_GenericSource/Material/MI/MI_Vfx_DecalMark_Rift" 9652
"/Game/__GroundAttackVFX/_GenericSource/Material/MI/MI_Vfx_DecalMark_Cave2" 9653
"/Game/__GroundAttackVFX/_GenericSource/Material/MI/MI_Vfx_DecalMark_Crack_Z" 9654
"../../../Engine/Plugins/Interchange/Assets/Content/gltf/M_Default.uasset" 9655
"C:/Users/j/Documents/GitHub/UnrealProject/Content/__GroundAttackVFX/NS/NS_StoneRush.uasset" 9656
"C:/Users/j/Documents/GitHub/UnrealProject/Content/__GroundAttackVFX/NS/NS_AberrateObelisk.uasset" 9657
"C:/Users/j/Documents/GitHub/UnrealProject/Content/ParagonGideon/Characters/Global/Eyes/Materials/M_TearLine.uasset" 9658
"C:/Users/j/Documents/GitHub/UnrealProject/Content/ParagonGideon/Characters/Heroes/Gideon/Materials/M_Gideon_Upperbody_Skin.uasset" 9659
"C:/Users/j/Documents/GitHub/UnrealProject/Content/ParagonGreystone/Characters/Heroes/Greystone/Materials/M_Greystone_legs.uasset" 9660
"C:/Users/j/Documents/GitHub/UnrealProject/Content/ParagonGideon/Characters/Global/Mouth/Materials/M_Mouth_Master.uasset" 9661
"C:/Users/j/Documents/GitHub/UnrealProject/Content/ParagonGideon/Characters/Global/Eyelash/M_EyelashMaster.uasset" 9662
"C:/Users/j/Documents/GitHub/UnrealProject/Content/ParagonGideon/Characters/Heroes/Gideon/Materials/M_Gideon_Upperbody.uasset" 9663
"C:/Users/j/Documents/GitHub/UnrealProject/Content/ParagonGreystone/Characters/Heroes/Greystone/Materials/M_Greystone_Flesh_head.uasset" 9664
"C:/Users/j/Documents/GitHub/UnrealProject/Content/ParagonGreystone/Characters/Global/Eyes/Materials/M_TearLine.uasset" 9665
"C:/Users/j/Documents/GitHub/UnrealProject/Content/ParagonGreystone/Characters/Heroes/Greystone/Materials/M_Greystone_Torso.uasset" 9666
"C:/Users/j/Documents/GitHub/UnrealProject/Content/ParagonGreystone/Characters/Global/Eyes/Materials/M_EyeRefractive.uasset" 9667
"C:/Users/j/Documents/GitHub/UnrealProject/Content/__GroundAttackVFX/_GenericSource/Material/M_Vfx_FlipBook.uasset" 9668
"C:/Users/j/Documents/GitHub/UnrealProject/Content/ParagonGideon/Characters/Heroes/Gideon/Materials/M_Gideon_OuterRing_Particle.uasset" 9669
"/InterchangeAssets/gltf/M_Transmission" 9670
"C:/Users/j/Documents/GitHub/UnrealProject/Content/ParagonGreystone/Characters/Heroes/Greystone/Materials/M_Greystone_Flesh_Arms.uasset" 9671
"C:/Users/j/Documents/GitHub/UnrealProject/Content/ParagonGideon/Characters/Heroes/Gideon/Materials/M_Gideon_Ring_Glow.uasset" 9672
"C:/Users/j/Documents/GitHub/UnrealProject/Content/ParagonGreystone/Characters/Heroes/Greystone/Materials/M_Greystone_shield.uasset" 9673
"C:/Users/j/Documents/GitHub/UnrealProject/Content/ParagonGideon/Characters/Global/Eyes/Materials/M_EyeRefractive.uasset" 9674
"C:/Users/j/Documents/GitHub/UnrealProject/Content/ParagonGideon/Characters/Heroes/Gideon/Materials/M_Gideon_Head.uasset" 9675
"C:/Users/j/Documents/GitHub/UnrealProject/Content/ParagonGideon/Characters/Global/Hair/Materials/M_HairSheet_Master2.uasset" 9676
"C:/Users/j/Documents/GitHub/UnrealProject/Content/ParagonGideon/Characters/Global/Eyes/Materials/M_TearDuct_2.uasset" 9677
"C:/Users/j/Documents/GitHub/UnrealProject/Content/ParagonGreystone/Characters/Heroes/Greystone/Materials/M_Greystone_arms.uasset" 9678
"/InterchangeAssets/gltf/M_SpecularGlossiness" 9679
"/Game/Aura_Character/Niagara/NS_Lightning_Aura" 9680
"../../Plugins/FX/Niagara/Content/Modules/Spawn/Location/V2/SkeletalMeshLocation.uasset" 9681
"../../Plugins/FX/Niagara/Content/Enums/ENiagaraBoneSamplingMode.uasset" 9682
"../../Plugins/FX/Niagara/Content/Enums/ENiagaraBoneSocketSamplingMode.uasset" 9683
"../../Plugins/FX/Niagara/Content/Enums/ENiagaraSkelSamplingModeFull.uasset" 9684
"../../Plugins/FX/Niagara/Content/Enums/ENiagaraSocketSamplingMode.uasset" 9685
"../../Plugins/FX/Niagara/Content/Enums/ENiagaraTriangleSamplingMode.uasset" 9686
"../../Plugins/FX/Niagara/Content/Enums/ENiagaraVertexSamplingMode.uasset" 9687
"../../Plugins/FX/Niagara/Content/Functions/Localspace/TransformQuaternion.uasset" 9688
"../../Plugins/FX/Niagara/Content/Enums/ENiagaraSkelMeshPositionSamplingMode.uasset" 9689
"../../Plugins/FX/Niagara/Content/Enums/ENiagaraSkelMeshTransforms.uasset" 9690
"../../Plugins/FX/Niagara/Content/Functions/Rotation/QuaternionToRotationMatrix.uasset" 9691
"/Game/Blood_Magic/VFX_Niagara/NS_Blood_Magic_Wall2" 9692
"../../Plugins/FX/Niagara/Content/DynamicInputs/Multiply/Multiply_Vector2D_ByFloat.uasset" 9693
"../../Plugins/FX/Niagara/Content/Modules/Update/Velocity/ScaleVelocity.uasset" 9694
"../../Plugins/FX/Niagara/Content/Functions/Localspace/TransformOffset.uasset" 9695
"/Game/Blood_Magic/VFX_Niagara/NS_Blood_Magic_Projectile4" 9696
"../../Plugins/FX/Niagara/Content/Modules/Events/GenerateDeathEvent.uasset" 9697
"/InterchangeAssets/gltf/M_ClearCoat" 9698
"/Game/__GroundAttackVFX/NS/NS_StoneRush" 9699
"../../../../../../Users/j/Documents/GitHub/UnrealProject/Content/__GroundAttackVFX/_GenericSource/NE/NE_Audio_once.uasset" 9700
"../../../../../../Users/j/Documents/GitHub/UnrealProject/Content/__GroundAttackVFX/_GenericSource/NE/NE_decal_bottom.uasset" 9701
"../../Plugins/FX/Niagara/Content/DynamicInputs/Add/Add_Float.uasset" 9702
"../../Plugins/FX/Niagara/Content/DynamicInputs/Divide/Divide_Float.uasset" 9703
"../../Plugins/FX/Niagara/Content/DynamicInputs/Helpers/NormalizeDistanceRange.uasset" 9704
"../../Plugins/FX/Niagara/Content/DynamicInputs/Lerp/Lerp_Float.uasset" 9705
"../../Plugins/FX/Niagara/Content/DynamicInputs/LinearColor/HueShiftLinearColor.uasset" 9706
"../../Plugins/FX/Niagara/Content/DynamicInputs/LinearColor/MakeLinearColorFromFloat4.uasset" 9707
"../../Plugins/FX/Niagara/Content/DynamicInputs/Math/Frac_Float.uasset" 9708
"../../Plugins/FX/Niagara/Content/DynamicInputs/Transforms/ConvertVectorToPosition.uasset" 9709
"../../Plugins/FX/Niagara/Content/DynamicInputs/TypeConversions/MakeFloatFromVector.uasset" 9710
"../../Plugins/FX/Niagara/Content/DynamicInputs/TypeConversions/MakeIntFromFloat.uasset" 9711
"../../Plugins/FX/Niagara/Content/DynamicInputs/TypeConversions/MakeVector4.uasset" 9712
"../../Plugins/FX/Niagara/Content/Modules/Audio/PlayAudio.uasset" 9713
"../../Plugins/FX/Niagara/Content/Modules/Collision/AddRotationalVelocity.uasset" 9714
"../../Plugins/FX/Niagara/Content/Modules/Math/MoveToNearestDistanceFieldSurface_GPU.uasset" 9715
"../../Plugins/FX/Niagara/Content/Enums/Audio/PlayAudioMode.uasset" 9716
"../../Plugins/FX/Niagara/Content/Enums/Transforms/ENiagara_LWCConvertVecToPos.uasset" 9717
"../../Plugins/FX/Niagara/Content/Enums/Utility/ENiagara_IntegerConversion.uasset" 9718
"../../Plugins/FX/Niagara/Content/Functions/Localspace/VectorToPosition.uasset" 9719
"../../Plugins/FX/Niagara/Content/Functions/ChannelMasks/SelectV3Channel.uasset" 9720
"../../Plugins/FX/Niagara/Content/Enums/ENiagaraVector3_Channels.uasset" 9721
"../../Plugins/FX/Niagara/Content/Functions/FindNearestDistanceFieldSurface_GPU.uasset" 9722
"../../Plugins/FX/Niagara/Content/Enums/DistanceFields/ENiagara_GDFQueryExecutionRate.uasset" 9723
"../../Plugins/FX/Niagara/Content/Enums/DistanceFields/ENiagara_GlobalVsRigidBodyDistanceFields.uasset" 9724
"/InterchangeAssets/gltf/M_Sheen" 9725
"/Game/__GroundAttackVFX/NS/NS_AberrateObelisk" 9726
"../../Plugins/FX/Niagara/Content/DynamicInputs/Multiply/Multiply_Vector.uasset" 9727
"../../Plugins/FX/Niagara/Content/Modules/Spawn/Decal/InitialDecalOrientation.uasset" 9728
"../../Plugins/FX/Niagara/Content/Enums/ENiagaraDecalTransforms.uasset" 9729
"/Game/ParagonGreystone/Characters/Global/Eyes/Materials/M_EyeRefractive" 9730
"/Game/ParagonGreystone/Characters/Global/Eyes/Materials/M_TearLine" 9731
"/Game/ParagonGreystone/Characters/Heroes/Greystone/Materials/M_Greystone_Flesh_Arms" 9732
"/Game/ParagonGreystone/Characters/Heroes/Greystone/Materials/M_Greystone_Torso" 9733
"/Game/ParagonGreystone/Characters/Heroes/Greystone/Materials/M_Greystone_Flesh_head" 9734
"/Game/ParagonGreystone/Characters/Heroes/Greystone/Materials/M_Greystone_shield" 9735
"/Game/ParagonGreystone/Characters/Heroes/Greystone/Materials/M_Greystone_legs" 9736
"/Game/ParagonGreystone/Characters/Heroes/Greystone/Materials/M_Greystone_arms" 9737
"/Game/ParagonGideon/Characters/Global/Hair/Materials/M_HairSheet_Master2" 9738
"/Game/ParagonGideon/Characters/Heroes/Gideon/Materials/M_Gideon_OuterRing_Particle" 9739
"/Game/ParagonGideon/Characters/Global/Mouth/Materials/M_Mouth_Master" 9740
"/Game/ParagonGideon/Characters/Global/Eyes/Materials/M_EyeRefractive" 9741
"/Game/ParagonGideon/Characters/Heroes/Gideon/Materials/M_Gideon_Head" 9742
"/Game/ParagonGideon/Characters/Heroes/Gideon/Materials/M_Gideon_Ring_Glow" 9743
"/Game/ParagonGideon/Characters/Global/Eyes/Materials/M_TearLine" 9744
"/Game/ParagonGideon/Characters/Heroes/Gideon/Materials/M_Gideon_Upperbody" 9745
"/Game/ParagonGideon/Characters/Global/Eyes/Materials/M_TearDuct_2" 9746
"/Game/ParagonGideon/Characters/Heroes/Gideon/Materials/M_Gideon_Upperbody_Skin" 9747
"/Game/ParagonGideon/Characters/Global/Eyelash/M_EyelashMaster" 9748
"/Game/__GroundAttackVFX/_GenericSource/Material/M_Vfx_FlipBook" 9749
"/InterchangeAssets/gltf/M_Default" 9750
"C:/Users/j/Documents/GitHub/UnrealProject/Content/ParagonGreystone/Characters/Global/Hair/Materials/M_HairSheet_Master2.uasset" 9751
"C:/Users/j/Documents/GitHub/UnrealProject/Content/ParagonAurora/Characters/Heroes/Aurora/Materials/M_Aurora_Head.uasset" 9752
"C:/Users/j/Documents/GitHub/UnrealProject/Content/ParagonAurora/Characters/Global/Eyes/Materials/M_TearLine.uasset" 9753
"C:/Users/j/Documents/GitHub/UnrealProject/Content/ParagonGreystone/Characters/Global/Eyelash/M_EyelashMaster.uasset" 9754
"C:/Users/j/Documents/GitHub/UnrealProject/Content/ParagonAurora/Characters/Heroes/Aurora/Materials/M_Aurora_Body.uasset" 9755
"C:/Users/j/Documents/GitHub/UnrealProject/Content/ParagonAurora/Characters/Heroes/Aurora/Materials/M_Aurora_Body_Metals.uasset" 9756
"C:/Users/j/Documents/GitHub/UnrealProject/Content/ParagonSteel/Characters/Heroes/Steel/Materials/M_LowerBody.uasset" 9757
"C:/Users/j/Documents/GitHub/UnrealProject/Content/ParagonAurora/Characters/Heroes/Aurora/Materials/M_Aurora_Dress.uasset" 9758
"C:/Users/j/Documents/GitHub/UnrealProject/Content/Virtual_Studio_Kit/Maps/StudioB.umap" 9759
"C:/Users/j/Documents/GitHub/UnrealProject/Content/ParagonAurora/Characters/Global/Eyes/Materials/M_EyeRefractive.uasset" 9760
"C:/Users/j/Documents/GitHub/UnrealProject/Content/ParagonAurora/Characters/Heroes/Aurora/Materials/M_Aurora_Body_Skin.uasset" 9761
"C:/Users/j/Documents/GitHub/UnrealProject/Content/ParagonAurora/Characters/Global/Eyes/Materials/M_TearDuct_2.uasset" 9762
"/Game/ParagonGreystone/Characters/Global/Hair/Materials/M_HairSheet_Master2" 9763
"C:/Users/j/Documents/GitHub/UnrealProject/Content/ParagonSteel/Characters/Global/Eyes/Materials/M_TearDuct_2.uasset" 9764
"C:/Users/j/Documents/GitHub/UnrealProject/Content/ParagonSteel/Characters/Global/Eyes/Materials/M_EyeRefractive.uasset" 9765
"C:/Users/j/Documents/GitHub/UnrealProject/Content/ParagonAurora/Characters/Heroes/Aurora/Materials/M_Aurora_Dress_Skin.uasset" 9766
"C:/Users/j/Documents/GitHub/UnrealProject/Content/ParagonAurora/Characters/Heroes/Aurora/Materials/M_Aurora_Armor.uasset" 9767
"C:/Users/j/Documents/GitHub/UnrealProject/Content/ParagonAurora/Characters/Heroes/Aurora/Materials/M_Aurora_Sword.uasset" 9768
"C:/Users/j/Documents/GitHub/UnrealProject/Content/ParagonSteel/Characters/Heroes/Steel/Materials/M_Steel_Skin.uasset" 9769
"C:/Users/j/Documents/GitHub/UnrealProject/Content/ParagonAurora/Characters/Global/Eyelash/M_EyelashMaster_N.uasset" 9770
"C:/Users/j/Documents/GitHub/UnrealProject/Content/ParagonAurora/Characters/Global/Hair/Materials/M_HairSheet_Master2.uasset" 9771
"C:/Users/j/Documents/GitHub/UnrealProject/Content/ParagonSteel/Characters/Heroes/Steel/Materials/M_Shield.uasset" 9772
"C:/Users/j/Documents/GitHub/UnrealProject/Content/ParagonGreystone/Characters/Global/Mouth/Materials/M_Mouth_Master.uasset" 9773
"C:/Users/j/Documents/GitHub/UnrealProject/Content/__GroundAttackVFX/NS/NS_HuntingSharkFin.uasset" 9774
"C:/Users/j/Documents/GitHub/UnrealProject/Content/ParagonGreystone/Characters/Global/Eyes/Materials/M_TearDuct_2.uasset" 9775
"C:/Users/j/Documents/GitHub/UnrealProject/Content/ParagonSteel/Characters/Global/Eyes/Materials/M_TearLine.uasset" 9776
"C:/Users/j/Documents/GitHub/UnrealProject/Content/ParagonSteel/Characters/Heroes/Steel/Materials/M_UpperBody.uasset" 9777
"C:/Users/j/Documents/GitHub/UnrealProject/Content/ParagonAurora/Characters/Global/Mouth/Materials/M_Mouth_Master.uasset" 9778
"/Game/__GroundAttackVFX/NS/NS_HuntingSharkFin" 9779
"../../../../../../Users/j/Documents/GitHub/UnrealProject/Content/__GroundAttackVFX/_GenericSource/NE/NMS_MyColorScale.uasset" 9780
"../../Plugins/FX/Niagara/Content/DynamicInputs/LinearColor/LerpLinearColors.uasset" 9781
"../../Plugins/FX/Niagara/Content/DynamicInputs/Transforms/ConvertPositionToVector.uasset" 9782
"../../Plugins/FX/Niagara/Content/DynamicInputs/Transforms/TransformVector.uasset" 9783
"../../Plugins/FX/Niagara/Content/DynamicInputs/Vectors/Position/AddVectorToPosition.uasset" 9784
"../../Plugins/FX/Niagara/Content/DynamicInputs/Vectors/Position/LerpPosition.uasset" 9785
"../../Plugins/FX/Niagara/Content/Modules/AttributeReader/SampleParticlesFromOtherEmitter.uasset" 9786
"../../Plugins/FX/Niagara/Content/Modules/AttributeReader/SpawnParticlesFromOtherEmitter.uasset" 9787
"../../Plugins/FX/Niagara/Content/Modules/Update/Utility/LerpParticleAttributes.uasset" 9788
"../../Plugins/FX/Niagara/Content/Enums/ENiagara_DirectReadApplicationMode.uasset" 9789
"../../Plugins/FX/Niagara/Content/Enums/ENiagara_DirectReadParticleIDSampling.uasset" 9790
"../../Plugins/FX/Niagara/Content/Enums/ENiagara_DirectReadSamplingMode.uasset" 9791
"../../Plugins/FX/Niagara/Content/Enums/ENiagara_EmitterLocSamplingMode.uasset" 9792
"../../Plugins/FX/Niagara/Content/Enums/ENiagara_LifetimeInheritanceOptions.uasset" 9793
"../../Plugins/FX/Niagara/Content/Enums/Transforms/ENiagara_LWCConvertPosToVec.uasset" 9794
"/Game/Virtual_Studio_Kit/Maps/StudioB" 9795
"../../../../../../Users/j/Documents/GitHub/UnrealProject/Content/Virtual_Studio_Kit/Maps/StudioB.umap" 9796
"/Engine/EditorResources/EmptyActor" 9797
"../../../Engine/Content/EditorResources/EmptyActor.uasset" 9798
"/Game/ParagonSteel/Characters/Global/Eyes/Materials/M_TearLine" 9799
"/Game/ParagonSteel/Characters/Global/Eyes/Materials/M_TearDuct_2" 9800
"/Game/ParagonSteel/Characters/Heroes/Steel/Materials/M_LowerBody" 9801
"/Game/ParagonAurora/Characters/Global/Hair/Materials/M_HairSheet_Master2" 9802
"/Game/ParagonAurora/Characters/Global/Eyes/Materials/M_EyeRefractive" 9803
"/Game/ParagonAurora/Characters/Global/Eyelash/M_EyelashMaster_N" 9804
"/Game/ParagonAurora/Characters/Global/Mouth/Materials/M_Mouth_Master" 9805
"/Game/ParagonAurora/Characters/Heroes/Aurora/Materials/M_Aurora_Head" 9806
"/Game/ParagonAurora/Characters/Heroes/Aurora/Materials/M_Aurora_Body_Metals" 9807
"/Game/ParagonAurora/Characters/Global/Eyes/Materials/M_TearDuct_2" 9808
"/Game/ParagonAurora/Characters/Heroes/Aurora/Materials/M_Aurora_Dress" 9809
"/Game/ParagonAurora/Characters/Heroes/Aurora/Materials/M_Aurora_Sword" 9810
"/Game/ParagonAurora/Characters/Global/Eyes/Materials/M_TearLine" 9811
"/Game/ParagonAurora/Characters/Heroes/Aurora/Materials/M_Aurora_Dress_Skin" 9812
"/Game/ParagonAurora/Characters/Heroes/Aurora/Materials/M_Aurora_Body_Skin" 9813
"/Game/ParagonAurora/Characters/Heroes/Aurora/Materials/M_Aurora_Body" 9814
"/Game/ParagonAurora/Characters/Heroes/Aurora/Materials/M_Aurora_Armor" 9815
"/Game/ParagonGreystone/Characters/Global/Eyes/Materials/M_TearDuct_2" 9816
"/Game/ParagonGreystone/Characters/Global/Mouth/Materials/M_Mouth_Master" 9817
"/Game/ParagonSteel/Characters/Heroes/Steel/Materials/M_Shield" 9818
"/Game/ParagonGreystone/Characters/Global/Eyelash/M_EyelashMaster" 9819
"/Game/ParagonSteel/Characters/Heroes/Steel/Materials/M_Steel_Skin" 9820
"/Game/ParagonSteel/Characters/Global/Eyes/Materials/M_EyeRefractive" 9821
"/Game/ParagonSteel/Characters/Heroes/Steel/Materials/M_UpperBody" 9822
"C:/Users/j/Documents/GitHub/UnrealProject/Content/IceMagicSkill_v01/Niagara/NS_IceSkill_Directional_04.uasset" 9823
"C:/Users/j/Documents/GitHub/UnrealProject/Content/AdvancedPortalsSystemVFX/VFX/Sparks/NS_Sparks_04.uasset" 9824
"C:/Users/j/Documents/GitHub/UnrealProject/Content/__GroundAttackVFX/NS/NS_BrambleTusk_5_4.uasset" 9825
"C:/Users/j/Documents/GitHub/UnrealProject/Content/bluePrint/Slash_M.uasset" 9826
"../../../Engine/Plugins/Interchange/Assets/Content/gltf/MaterialInstances/MI_SpecularGlossiness_Mask.uasset" 9827
"C:/Users/j/Documents/GitHub/UnrealProject/Content/bluePrint/Skill3_M.uasset" 9828
"../../../Engine/Plugins/Interchange/Assets/Content/gltf/MaterialInstances/MI_SpecularGlossiness_Opaque_DS.uasset" 9829
"C:/Users/j/Documents/GitHub/UnrealProject/Content/AdvancedPortalsSystemVFX/VFX/Sparks/NS_Sparks_05.uasset" 9830
"../../../Engine/Plugins/Interchange/Assets/Content/gltf/MaterialInstances/MI_Transmission_DS.uasset" 9831
"C:/Users/j/Documents/GitHub/UnrealProject/Content/Basic_VFX/Niagara/NS_Basic_9.uasset" 9832
"../../../Engine/Plugins/Interchange/Assets/Content/gltf/MaterialInstances/MI_SpecularGlossiness_Opaque.uasset" 9833
"../../../Engine/Plugins/Interchange/Assets/Content/gltf/MaterialInstances/MI_SpecularGlossiness_Blend_DS.uasset" 9834
"../../../Engine/Plugins/Interchange/Assets/Content/gltf/MaterialInstances/MI_Sheen_Mask_DS.uasset" 9835
"C:/Users/j/Documents/GitHub/UnrealProject/Content/BeamsPack/VFX/NS_Beam_07.uasset" 9836
"C:/Users/j/Documents/GitHub/UnrealProject/Content/IceMagicSkill_v01/Niagara/NS_IceSkill_Directional_01.uasset" 9837
"../../../Engine/Plugins/Interchange/Assets/Content/gltf/MaterialInstances/MI_SpecularGlossiness_Mask_DS.uasset" 9838
"C:/Users/j/Documents/GitHub/UnrealProject/Content/bluePrint/Skill1_M.uasset" 9839
"../../../Engine/Plugins/Interchange/Assets/Content/gltf/MaterialInstances/MI_Sheen_Blend_DS.uasset" 9840
"../../../Engine/Plugins/Interchange/Assets/Content/gltf/MaterialInstances/MI_SpecularGlossiness_Blend.uasset" 9841
"../../../Engine/Plugins/Interchange/Assets/Content/gltf/MaterialInstances/MI_Transmission.uasset" 9842
"C:/Users/j/Documents/GitHub/UnrealProject/Content/AdvancedPortalsSystemVFX/VFX/Sparks/NS_Sparks_01_Collision.uasset" 9843
"C:/Users/j/Documents/GitHub/UnrealProject/Content/bluePrint/Skill2_M.uasset" 9844
"/InterchangeAssets/gltf/MaterialInstances/MI_Sheen_Mask_DS" 9845
"/InterchangeAssets/gltf/MaterialInstances/MI_Sheen_Blend_DS" 9846
"/InterchangeAssets/gltf/MaterialInstances/MI_Transmission" 9847
"/InterchangeAssets/gltf/MaterialInstances/MI_Transmission_DS" 9848
"/InterchangeAssets/gltf/MaterialInstances/MI_SpecularGlossiness_Opaque" 9849
"/InterchangeAssets/gltf/MaterialInstances/MI_SpecularGlossiness_Mask" 9850
"/InterchangeAssets/gltf/MaterialInstances/MI_SpecularGlossiness_Blend" 9851
"/InterchangeAssets/gltf/MaterialInstances/MI_SpecularGlossiness_Opaque_DS" 9852
"/InterchangeAssets/gltf/MaterialInstances/MI_SpecularGlossiness_Mask_DS" 9853
"/InterchangeAssets/gltf/MaterialInstances/MI_SpecularGlossiness_Blend_DS" 9854
"/Game/BeamsPack/VFX/NS_Beam_07" 9855
"../../Plugins/FX/Niagara/Content/DynamicInputs/Clamp/ClampFloat.uasset" 9856
"../../Plugins/FX/Niagara/Content/DynamicInputs/ValueFromCurve/Vector2DFromCurve.uasset" 9857
"../../Plugins/FX/Niagara/Content/Modules/Events/GenerateCollisionEvent.uasset" 9858
"../../Plugins/FX/Niagara/Content/Modules/Events/ReceiveCollisionEvent.uasset" 9859
"../../Plugins/FX/Niagara/Content/Modules/Update/Lifetime/KillParticles.uasset" 9860
"../../Plugins/FX/Niagara/Content/Modules/Update/Position/JitterPosition.uasset" 9861
"../../Plugins/FX/Niagara/Content/Enums/ENiagaraCoordinateSpace.uasset" 9862
"../../Plugins/FX/Niagara/Content/DefaultAssets/Structs/CollisionEvent.uasset" 9863
"../../Plugins/FX/Niagara/Content/Functions/Math/IsVectorParallel.uasset" 9864
"../../Plugins/FX/Niagara/Content/Functions/RandomVector.uasset" 9865
"../../Plugins/FX/Niagara/Content/Functions/RandomUnitVector.uasset" 9866
"/Game/Basic_VFX/Niagara/NS_Basic_9" 9867
"../../Plugins/FX/Niagara/Content/Modules/Spawn/Velocity/AddVelocityFromPoint.uasset" 9868
"../../Plugins/FX/Niagara/Content/Functions/DistanceBasedFalloff.uasset" 9869
"/Game/IceMagicSkill_v01/Niagara/NS_IceSkill_Directional_01" 9870
"../../Plugins/FX/Niagara/Content/Modules/Update/Forces/AccelerationForce.uasset" 9871
"/Game/IceMagicSkill_v01/Niagara/NS_IceSkill_Directional_04" 9872
"/Game/AdvancedPortalsSystemVFX/VFX/Sparks/NS_Sparks_01_Collision" 9873
"../../Plugins/FX/Niagara/Content/DynamicInputs/TypeConversions/MakeVector2D.uasset" 9874
"../../Plugins/FX/Niagara/Content/DynamicInputs/UniformRange/V3/RandomRangeLinearColor.uasset" 9875
"../../Plugins/FX/Niagara/Content/Modules/Spawn/Velocity/PointForce.uasset" 9876
"/Game/AdvancedPortalsSystemVFX/VFX/Sparks/NS_Sparks_04" 9877
"../../Plugins/FX/Niagara/Content/DynamicInputs/Multiply/Multiply_Vector2D.uasset" 9878
"/Game/AdvancedPortalsSystemVFX/VFX/Sparks/NS_Sparks_05" 9879
"/Game/__GroundAttackVFX/NS/NS_BrambleTusk_5_4" 9880
"../../Plugins/FX/Niagara/Content/DynamicInputs/Bool/v2/SetBoolByFloatComparison.uasset" 9881
"../../Plugins/FX/Niagara/Content/DynamicInputs/Subtract/Subtract_Float.uasset" 9882
"../../Plugins/FX/Niagara/Content/DynamicInputs/TypeConversions/MakeQuatFromAxisAngle.uasset" 9883
"../../Plugins/FX/Niagara/Content/DynamicInputs/Vectors/CrossProduct.uasset" 9884
"../../Plugins/FX/Niagara/Content/Enums/ENiagaraBooleanLogicOps_v2.uasset" 9885
"../../Plugins/FX/Niagara/Content/Enums/ENiagaraBooleanLogicOps.uasset" 9886
"/Game/bluePrint/Skill1_M" 9887
"/Game/bluePrint/Skill2_M" 9888
"/Game/bluePrint/Skill3_M" 9889
"/Game/bluePrint/Slash_M" 9890
"../../../Engine/Plugins/Interchange/Assets/Content/gltf/MaterialInstances/MI_Sheen_Mask.uasset" 9891
"../../../Engine/Plugins/Interchange/Assets/Content/gltf/MaterialInstances/MI_Sheen_Blend.uasset" 9892
"../../../Engine/Plugins/Interchange/Assets/Content/gltf/MaterialInstances/MI_Sheen_Opaque.uasset" 9893
"../../../Engine/Plugins/Interchange/Assets/Content/gltf/MaterialInstances/MI_ClearCoat_Mask_DS.uasset" 9894
"../../../Engine/Plugins/Interchange/Assets/Content/gltf/MaterialInstances/MI_ClearCoat_Mask.uasset" 9895
"../../../Engine/Plugins/Interchange/Assets/Content/gltf/MaterialInstances/MI_Default_Blend_DS.uasset" 9896
"../../../Engine/Plugins/Interchange/Assets/Content/gltf/MaterialInstances/MI_Default_Mask_DS.uasset" 9897
"../../../Engine/Plugins/Interchange/Assets/Content/gltf/MaterialInstances/MI_Sheen_Opaque_DS.uasset" 9898
"../../../Engine/Plugins/Interchange/Assets/Content/gltf/MaterialInstances/MI_Default_Mask.uasset" 9899
"../../../Engine/Plugins/Interchange/Assets/Content/gltf/MaterialInstances/MI_ClearCoat_Opaque.uasset" 9900
"../../../Engine/Plugins/Interchange/Assets/Content/gltf/MaterialInstances/MI_Default_Opaque.uasset" 9901
"C:/Users/j/Documents/GitHub/UnrealProject/Content/__GroundAttackVFX/_GenericSource/Material/MI/MI_Vfx_FlipBook_Stamp_lighting22_swizzle.uasset" 9902
"C:/Users/j/Documents/GitHub/UnrealProject/Content/__GroundAttackVFX/_GenericSource/Material/MI/MI_Vfx_FlipBook_Stamp_IceFlower_61.uasset" 9903
"C:/Users/j/Documents/GitHub/UnrealProject/Content/ParagonGideon/Characters/Global/Mouth/Materials/MI_Human_Mouth.uasset" 9904
"C:/Users/j/Documents/GitHub/UnrealProject/Content/ParagonGreystone/Characters/Heroes/Greystone/Skins/Dragonlord/Materials/M_Greystone_Dragonlord_EyeRefractive_Inst.uasset" 9905
"C:/Users/j/Documents/GitHub/UnrealProject/Content/ParagonGreystone/Characters/Heroes/Greystone/Materials/MIC_GreystoneHair.uasset" 9906
"C:/Users/j/Documents/GitHub/UnrealProject/Content/ParagonGideon/Characters/Heroes/Gideon/Materials/M_Gideon_EyeRefractive_Inst.uasset" 9907
"C:/Users/j/Documents/GitHub/UnrealProject/Content/ParagonGreystone/Characters/Global/Mouth/Materials/M_Mouth_MId_color.uasset" 9908
"C:/Users/j/Documents/GitHub/UnrealProject/Content/ParagonGreystone/Characters/Global/Eyelash/M_EyelashMaster_Inst.uasset" 9909
"../../../Engine/Plugins/Interchange/Assets/Content/gltf/MaterialInstances/MI_ClearCoat_Blend.uasset" 9910
"../../../Engine/Plugins/Interchange/Assets/Content/gltf/MaterialInstances/MI_ClearCoat_Blend_DS.uasset" 9911
"C:/Users/j/Documents/GitHub/UnrealProject/Content/ParagonGideon/Characters/Heroes/Gideon/Materials/M_Gideon_LowerBody.uasset" 9912
"C:/Users/j/Documents/GitHub/UnrealProject/Content/ParagonGideon/Characters/Heroes/Gideon/Materials/M_Gideon_OuterRing_Masked.uasset" 9913
"C:/Users/j/Documents/GitHub/UnrealProject/Content/bluePrint/Skill2.uasset" 9914
"C:/Users/j/Documents/GitHub/UnrealProject/Content/ParagonGideon/Characters/Heroes/Gideon/Materials/M_Gideon_Beard.uasset" 9915
"../../../Engine/Plugins/Interchange/Assets/Content/gltf/MaterialInstances/MI_ClearCoat_Opaque_DS.uasset" 9916
"C:/Users/j/Documents/GitHub/UnrealProject/Content/ParagonGreystone/Characters/Heroes/Greystone/Materials/MIC_GreystoneFur.uasset" 9917
"../../../Engine/Plugins/Interchange/Assets/Content/gltf/MaterialInstances/MI_Default_Opaque_DS.uasset" 9918
"C:/Users/j/Documents/GitHub/UnrealProject/Content/ParagonGreystone/Characters/Heroes/Greystone/Materials/M_TearDuct_Darker.uasset" 9919
"C:/Users/j/Documents/GitHub/UnrealProject/Content/ParagonGreystone/Characters/Heroes/Greystone/Materials/M_TearLine_Inst2.uasset" 9920
"C:/Users/j/Documents/GitHub/UnrealProject/Content/ParagonGideon/Characters/Heroes/Gideon/Meshes/SM_Gideon_Ring_Outer.uasset" 9921
"/InterchangeAssets/gltf/MaterialInstances/MI_Sheen_Opaque" 9922
"../../../Engine/Plugins/Interchange/Assets/Content/gltf/MaterialInstances/MI_Default_Blend.uasset" 9923
"/InterchangeAssets/gltf/MaterialInstances/MI_Sheen_Mask" 9924
"/Game/ParagonGreystone/Characters/Global/Eyelash/M_EyelashMaster_Inst" 9925
"/Game/ParagonGreystone/Characters/Heroes/Greystone/Materials/MIC_GreystoneHair" 9926
"/Game/ParagonGreystone/Characters/Heroes/Greystone/Materials/MIC_GreystoneFur" 9927
"/Game/ParagonGreystone/Characters/Heroes/Greystone/Materials/M_TearLine_Inst2" 9928
"/Game/ParagonGideon/Characters/Heroes/Gideon/Materials/M_Gideon_Beard" 9929
"/Game/ParagonGreystone/Characters/Heroes/Greystone/Materials/M_TearDuct_Darker" 9930
"/Game/ParagonGreystone/Characters/Global/Mouth/Materials/M_Mouth_MId_color" 9931
"/Game/ParagonGideon/Characters/Heroes/Gideon/Meshes/SM_Gideon_Ring_Outer" 9932
"/Game/ParagonGideon/Characters/Heroes/Gideon/Materials/M_Gideon_OuterRing_Masked" 9933
"/Game/ParagonGideon/Characters/Global/Mouth/Materials/MI_Human_Mouth" 9934
"/Game/ParagonGideon/Characters/Heroes/Gideon/Materials/M_Gideon_EyeRefractive_Inst" 9935
"/Game/ParagonGideon/Characters/Heroes/Gideon/Materials/M_Gideon_LowerBody" 9936
"/Game/__GroundAttackVFX/_GenericSource/Material/MI/MI_Vfx_FlipBook_Stamp_IceFlower_61" 9937
"/Game/__GroundAttackVFX/_GenericSource/Material/MI/MI_Vfx_FlipBook_Stamp_lighting22_swizzle" 9938
"/Game/bluePrint/Skill2" 9939
"/InterchangeAssets/gltf/MaterialInstances/MI_Default_Opaque" 9940
"/InterchangeAssets/gltf/MaterialInstances/MI_Default_Mask" 9941
"/InterchangeAssets/gltf/MaterialInstances/MI_Default_Blend" 9942
"/InterchangeAssets/gltf/MaterialInstances/MI_Default_Opaque_DS" 9943
"/InterchangeAssets/gltf/MaterialInstances/MI_Default_Mask_DS" 9944
"/InterchangeAssets/gltf/MaterialInstances/MI_Default_Blend_DS" 9945
"/InterchangeAssets/gltf/MaterialInstances/MI_ClearCoat_Opaque" 9946
"/InterchangeAssets/gltf/MaterialInstances/MI_ClearCoat_Mask" 9947
"/InterchangeAssets/gltf/MaterialInstances/MI_ClearCoat_Blend" 9948
"/InterchangeAssets/gltf/MaterialInstances/MI_ClearCoat_Opaque_DS" 9949
"/InterchangeAssets/gltf/MaterialInstances/MI_ClearCoat_Mask_DS" 9950
"/InterchangeAssets/gltf/MaterialInstances/MI_ClearCoat_Blend_DS" 9951
"/InterchangeAssets/gltf/MaterialInstances/MI_Sheen_Blend" 9952
"/InterchangeAssets/gltf/MaterialInstances/MI_Sheen_Opaque_DS" 9953
"/Game/ParagonGreystone/Characters/Heroes/Greystone/Skins/Dragonlord/Materials/M_Greystone_Dragonlord_EyeRefractive_Inst" 9954
"C:/Users/j/Documents/GitHub/UnrealProject/Content/ParagonAurora/Characters/Global/Mouth/Materials/M_Mouth_MId_color.uasset" 9955
"C:/Users/j/Documents/GitHub/UnrealProject/Content/ParagonAurora/Characters/Heroes/Aurora/Materials/MI_Aurora_Eye.uasset" 9956
"C:/Users/j/Documents/GitHub/UnrealProject/Content/ParagonAurora/Characters/Heroes/Aurora/Materials/M_EyelashMaster_Aurora.uasset" 9957
"C:/Users/j/Documents/GitHub/UnrealProject/Content/ParagonAurora/Characters/Heroes/Aurora/Materials/M_Aurora_Hair.uasset" 9958
"C:/Users/j/Documents/GitHub/UnrealProject/Content/bluePrint/NewEXIT.uasset" 9959
"C:/Users/j/Documents/GitHub/UnrealProject/Content/bluePrint/Action3.uasset" 9960
"C:/Users/j/Documents/GitHub/UnrealProject/Content/ParagonSteel/Characters/Heroes/Steel/Materials/M_Steel_Skin_Inst_NoShine.uasset" 9961
"C:/Users/j/Documents/GitHub/UnrealProject/Content/bluePrint/Action1.uasset" 9962
"C:/Users/j/Documents/GitHub/UnrealProject/Content/__GroundAttackVFX/NS/NS_LavaBurst.uasset" 9963
"C:/Users/j/Documents/GitHub/UnrealProject/Content/ParagonGreystone/Characters/Heroes/Greystone/Meshes/Greystone.uasset" 9964
"C:/Users/j/Documents/GitHub/UnrealProject/Content/__GroundAttackVFX/NS/NS_FreezeCrystal_Ice.uasset" 9965
"C:/Users/j/Documents/GitHub/UnrealProject/Content/bluePrint/Skill4_M.uasset" 9966
"C:/Users/j/Documents/GitHub/UnrealProject/Content/ParagonSteel/Characters/Heroes/Steel/Materials/M_Shield_Inst.uasset" 9967
"C:/Users/j/Documents/GitHub/UnrealProject/Content/bluePrint/Skill1.uasset" 9968
"C:/Users/j/Documents/GitHub/UnrealProject/Content/bluePrint/Skill4.uasset" 9969
"C:/Users/j/Documents/GitHub/UnrealProject/Content/bluePrint/Skill1_w.uasset" 9970
"C:/Users/j/Documents/GitHub/UnrealProject/Content/ParagonSteel/Characters/Heroes/Steel/Materials/M_Steel_EyeRefractive_Inst.uasset" 9971
"C:/Users/j/Documents/GitHub/UnrealProject/Content/__GroundAttackVFX/NS/NS_Line_Lava.uasset" 9972
"C:/Users/j/Documents/GitHub/UnrealProject/Content/bluePrint/Ground.uasset" 9973
"C:/Users/j/Documents/GitHub/UnrealProject/Content/ParagonGideon/Characters/Heroes/Gideon/Meshes/Gideon.uasset" 9974
"C:/Users/j/Documents/GitHub/UnrealProject/Content/bluePrint/Skill2_w.uasset" 9975
"C:/Users/j/Documents/GitHub/UnrealProject/Content/ParagonAurora/Characters/Heroes/Aurora/Meshes/Aurora.uasset" 9976
"C:/Users/j/Documents/GitHub/UnrealProject/Content/ParagonSteel/Characters/Heroes/Steel/Meshes/Steel.uasset" 9977
"C:/Users/j/Documents/GitHub/UnrealProject/Content/bluePrint/Action2.uasset" 9978
"/Game/ParagonAurora/Characters/Heroes/Aurora/Materials/MI_Aurora_Eye" 9979
"/Game/ParagonAurora/Characters/Heroes/Aurora/Materials/M_EyelashMaster_Aurora" 9980
"/Game/ParagonAurora/Characters/Global/Mouth/Materials/M_Mouth_MId_color" 9981
"/Game/bluePrint/Action2" 9982
"../../Plugins/FX/Niagara/Content/DynamicInputs/Add/Add_Vector.uasset" 9983
"../../Plugins/FX/Niagara/Content/DynamicInputs/TypeConversions/MakeFloatFromInt.uasset" 9984
"../../Plugins/FX/Niagara/Content/Modules/Update/Orientation/AlignSpriteToMeshOrientation.uasset" 9985
"/Game/bluePrint/Skill4_M" 9986
"../../Plugins/FX/Niagara/Content/DynamicInputs/Bool/Boolean_NotOperation.uasset" 9987
"/Game/ParagonSteel/Characters/Heroes/Steel/Meshes/Steel" 9988
"../../../../../../Users/j/Documents/GitHub/UnrealProject/Content/ParagonSteel/Characters/Heroes/Steel/Meshes/Steel.uasset" 9989
"/Game/ParagonAurora/Characters/Heroes/Aurora/Meshes/Aurora" 9990
"../../../../../../Users/j/Documents/GitHub/UnrealProject/Content/ParagonAurora/Characters/Heroes/Aurora/Meshes/Aurora.uasset" 9991
"/Game/ParagonGreystone/Characters/Heroes/Greystone/Meshes/Greystone" 9992
"../../../../../../Users/j/Documents/GitHub/UnrealProject/Content/ParagonGreystone/Characters/Heroes/Greystone/Meshes/Greystone.uasset" 9993
"/Game/ParagonGideon/Characters/Heroes/Gideon/Meshes/Gideon" 9994
"../../../../../../Users/j/Documents/GitHub/UnrealProject/Content/ParagonGideon/Characters/Heroes/Gideon/Meshes/Gideon.uasset" 9995
"/Game/__GroundAttackVFX/NS/NS_FreezeCrystal_Ice" 9996
"../../Plugins/FX/Niagara/Content/DynamicInputs/TypeConversions/MakeCustomFloatFromBool.uasset" 9997
"/Game/bluePrint/Action3" 9998
"/Game/bluePrint/Action1" 9999
"/Game/bluePrint/Skill1_w" 10000
"/Game/bluePrint/Skill2_w" 10001
"/Game/bluePrint/NewEXIT" 10002
"/Game/bluePrint/Ground" 10003
"/Game/bluePrint/Skill4" 10004
"/Game/bluePrint/Skill1" 10005
"C:/Users/j/Documents/GitHub/UnrealProject/Content/bluePrint/PlayWarrior.uasset" 10006
"C:/Users/j/Documents/GitHub/UnrealProject/Content/bluePrint/SlectedCharacterSecondtBluePrint.uasset" 10007
"C:/Users/j/Documents/GitHub/UnrealProject/Content/bluePrint/Action4.uasset" 10008
"C:/Users/j/Documents/GitHub/UnrealProject/Content/bluePrint/SlectedCharacterThreeBluePrint.uasset" 10009
"C:/Users/j/Documents/GitHub/UnrealProject/Content/bluePrint/SlectedCharacterFirstBluePrint.uasset" 10010
"../../../Engine/Content/EngineSounds/Submixes/MasterEQSubmixDefault.uasset" 10011
"../../../Engine/Content/EngineSounds/Submixes/MasterReverbSubmixDefault.uasset" 10012
"C:/Users/j/Documents/GitHub/UnrealProject/Content/bluePrint/PlayDark.uasset" 10013
"C:/Users/j/Documents/GitHub/UnrealProject/Content/bluePrint/PlayGudion.uasset" 10014
"C:/Users/j/Documents/GitHub/UnrealProject/Content/bluePrint/Monster.uasset" 10015
"C:/Users/j/Documents/GitHub/UnrealProject/Content/Virtual_Studio_Kit/Maps/TrackerlessStudio.umap" 10016
"../../../Engine/Content/EngineSounds/Submixes/MasterSubmixDefault.uasset" 10017
"C:/Users/j/Documents/GitHub/UnrealProject/Content/Virtual_Studio_Kit/Maps/Studio_D.umap" 10018
"C:/Users/j/Documents/GitHub/UnrealProject/Content/Virtual_Studio_Kit/Maps/StudioC.umap" 10019
"/Engine/EngineSounds/Submixes/MasterReverbSubmixDefault" 10020
"/Game/Virtual_Studio_Kit/Maps/Studio_D" 10021
"../../../../../../Users/j/Documents/GitHub/UnrealProject/Content/Virtual_Studio_Kit/Maps/Studio_D.umap" 10022
"/Game/Virtual_Studio_Kit/Maps/StudioC" 10023
"../../../../../../Users/j/Documents/GitHub/UnrealProject/Content/Virtual_Studio_Kit/Maps/StudioC.umap" 10024
"/Game/Virtual_Studio_Kit/Maps/TrackerlessStudio" 10025
"../../../../../../Users/j/Documents/GitHub/UnrealProject/Content/Virtual_Studio_Kit/Maps/TrackerlessStudio.umap" 10026
"/Engine/EditorResources/AudioIcons/S_AudioComponent_AutoActivate" 10027
"../../../Engine/Content/EditorResources/AudioIcons/S_AudioComponent_AutoActivate.uasset" 10028
"/Engine/EditorResources/LightIcons/S_LightError" 10029
"../../../Engine/Content/EditorResources/LightIcons/S_LightError.uasset" 10030
"/Game/bluePrint/PlayDark" 10031
"/Game/bluePrint/PlayWarrior" 10032
"/Game/bluePrint/PlayGudion" 10033
"C:/Users/j/Documents/GitHub/UnrealProject/Saved/Cooked/Windows/Mypro/Metadata/CookedSettings.txt" 10034
